iteration,timestamp,T2,T3,T4
1,2020-09-01 00:50:49.601418,0.5,3.0,2.5
2,2020-09-01 00:50:50.379827,0.5,3.0,2.5
3,2020-09-01 00:50:51.195921,0.5,3.0,2.5
4,2020-09-01 00:50:52.036992,0.5,3.0,2.5
5,2020-09-01 00:50:52.874352,0.5,3.0,2.5
6,2020-09-01 00:50:53.733556,0.5,3.0,1.9809322357177734
7,2020-09-01 00:50:54.555971,1.4557479135965,5.5332841873168945,1.9809322357177734
8,2020-09-01 00:50:55.485566,1.4557479135965,5.5332841873168945,1.9809322357177734
9,2020-09-01 00:50:56.472107,1.41322556425924,5.5332841873168945,2.027674674987793
10,2020-09-01 00:50:57.316660,1.41322556425924,5.503373146057129,2.027674674987793
11,2020-09-01 00:50:58.247897,1.41322556425924,5.503373146057129,2.027674674987793
12,2020-09-01 00:50:59.175591,1.37073256782506,5.503373146057129,2.0743234157562256
13,2020-09-01 00:51:00.040409,1.37073256782506,5.4734625816345215,2.0743234157562256
14,2020-09-01 00:51:00.889468,1.37073256782506,5.4734625816345215,2.0743234157562256
15,2020-09-01 00:51:01.860625,1.31117457476759,5.443551540374756,2.175358772277832
16,2020-09-01 00:51:02.766874,1.31117457476759,5.443551540374756,2.175358772277832
17,2020-09-01 00:51:03.674254,1.31117457476759,5.443551540374756,2.2761380672454834
18,2020-09-01 00:51:04.608477,1.25169694839077,5.413640975952148,2.2761380672454834
19,2020-09-01 00:51:05.560907,1.25169694839077,5.413640975952148,2.2761380672454834
20,2020-09-01 00:51:06.462507,1.1922996522858,5.383729934692383,2.3766613006591797
21,2020-09-01 00:51:07.354821,1.1922996522858,5.383729934692383,2.3766613006591797
22,2020-09-01 00:51:08.270259,1.1922996522858,5.383729934692383,2.3766613006591797
23,2020-09-01 00:51:09.169697,1.1329826499211,5.353818893432617,2.4769287109375
24,2020-09-01 00:51:10.059835,1.1329826499211,5.353818893432617,2.4769287109375
25,2020-09-01 00:51:10.911771,1.1329826499211,5.353818893432617,2.4769287109375
26,2020-09-01 00:51:11.793788,1.07374590464201,5.32390832901001,2.5769402980804443
27,2020-09-01 00:51:12.785938,1.07374590464201,5.32390832901001,2.5769402980804443
28,2020-09-01 00:51:13.624558,1.07374590464201,5.32390832901001,2.5769402980804443
29,2020-09-01 00:51:14.478214,1.0145893796703,5.293997287750244,2.6766960620880127
30,2020-09-01 00:51:15.382088,1.0145893796703,5.293997287750244,2.6766960620880127
31,2020-09-01 00:51:16.247196,1.0145893796703,5.293997287750244,2.6766960620880127
32,2020-09-01 00:51:17.038113,1.0145893796703,5.293997287750244,2.6766960620880127
33,2020-09-01 00:51:17.910230,0.955513038103817,5.264086723327637,2.7761964797973633
34,2020-09-01 00:51:18.749258,0.955513038103817,5.264086723327637,2.7761964797973633
35,2020-09-01 00:51:19.573778,0.955513038103817,5.264086723327637,2.875441551208496
36,2020-09-01 00:51:20.434274,0.8965168429161,5.234175682067871,2.875441551208496
37,2020-09-01 00:51:21.277847,0.8965168429161,5.234175682067871,2.875441551208496
38,2020-09-01 00:51:22.135100,0.8965168429161,5.234175682067871,2.875441551208496
39,2020-09-01 00:51:23.076567,0.83760075695595,5.2042646408081055,2.974431037902832
40,2020-09-01 00:51:24.004618,0.83760075695595,5.2042646408081055,2.974431037902832
41,2020-09-01 00:51:24.867664,0.83760075695595,5.2042646408081055,2.974431037902832
42,2020-09-01 00:51:25.690836,0.778764742947047,5.174354076385498,3.0731654167175293
43,2020-09-01 00:51:26.612869,0.778764742947047,5.174354076385498,3.0731654167175293
44,2020-09-01 00:51:27.462014,0.778764742947047,5.174354076385498,3.1626193523406982
45,2020-09-01 00:51:28.415371,0.71915689104236,5.147874355316162,3.1626193523406982
46,2020-09-01 00:51:29.319647,0.71915689104236,5.147874355316162,3.1626193523406982
47,2020-09-01 00:51:30.303059,0.659625047241363,5.121394634246826,3.2518310546875
48,2020-09-01 00:51:31.190874,0.659625047241363,5.121394634246826,3.2518310546875
49,2020-09-01 00:51:32.047487,0.659625047241363,5.121394634246826,3.2518310546875
50,2020-09-01 00:51:32.941308,0.600169170042165,5.09491491317749,3.3408005237579346
51,2020-09-01 00:51:33.780398,0.600169170042165,5.09491491317749,3.3408005237579346
52,2020-09-01 00:51:34.717837,0.600169170042165,5.09491491317749,3.3408005237579346
53,2020-09-01 00:51:35.586491,0.540789217817803,5.09491491317749,3.42952823638916
54,2020-09-01 00:51:36.405424,0.540789217817803,5.0684356689453125,3.42952823638916
55,2020-09-01 00:51:37.180854,0.540789217817803,5.0684356689453125,3.42952823638916
56,2020-09-01 00:51:38.089989,0.481485148815892,5.041955947875977,3.5180139541625977
57,2020-09-01 00:51:39.056833,0.481485148815892,5.041955947875977,3.5180139541625977
58,2020-09-01 00:51:40.066364,0.481485148815892,5.041955947875977,3.606257915496826
59,2020-09-01 00:51:41.027271,0.422256921158294,5.015476226806641,3.606257915496826
60,2020-09-01 00:51:41.921776,0.422256921158294,5.015476226806641,3.606257915496826
61,2020-09-01 00:51:42.778369,0.422256921158294,5.015476226806641,3.606257915496826
62,2020-09-01 00:51:43.654089,0.363104492840762,4.988996505737305,3.694260358810425
63,2020-09-01 00:51:44.551015,0.363104492840762,4.988996505737305,3.694260358810425
64,2020-09-01 00:51:45.466540,0.363104492840762,4.988996505737305,3.694260358810425
65,2020-09-01 00:51:46.424022,0.406185377523414,4.962517261505127,3.7309627532958984
66,2020-09-01 00:51:47.330963,0.406185377523414,4.962517261505127,3.7309627532958984
67,2020-09-01 00:51:48.330185,0.406185377523414,4.962517261505127,3.7309627532958984
68,2020-09-01 00:51:49.259838,0.406185377523414,4.962517261505127,3.7676563262939453
69,2020-09-01 00:51:50.129958,0.449068470657238,4.936037540435791,3.7676563262939453
70,2020-09-01 00:51:51.122173,0.449068470657238,4.936037540435791,3.7676563262939453
71,2020-09-01 00:51:52.051857,0.449068470657238,4.936037540435791,3.7676563262939453
72,2020-09-01 00:51:52.990517,0.491754391985694,4.909557819366455,3.8043410778045654
73,2020-09-01 00:51:53.900952,0.491754391985694,4.909557819366455,3.8043410778045654
74,2020-09-01 00:51:54.820610,0.491754391985694,4.909557819366455,3.8043410778045654
75,2020-09-01 00:51:55.794678,0.534243761826573,4.883078098297119,3.841017007827759
76,2020-09-01 00:51:56.716951,0.534243761826573,4.883078098297119,3.841017007827759
77,2020-09-01 00:51:57.612186,0.534243761826573,4.883078098297119,3.841017007827759
78,2020-09-01 00:51:58.513790,0.576537201067836,4.856598377227783,3.8776838779449463
79,2020-09-01 00:51:59.454142,0.576537201067836,4.856598377227783,3.8776838779449463
80,2020-09-01 00:52:00.219202,0.576537201067836,4.856598377227783,3.8776838779449463
81,2020-09-01 00:52:01.065976,0.618566685466902,4.856598377227783,3.908621311187744
82,2020-09-01 00:52:01.925895,0.618566685466902,4.827784061431885,3.908621311187744
83,2020-09-01 00:52:02.695077,0.618566685466902,4.827784061431885,3.908621311187744
84,2020-09-01 00:52:03.592560,0.660400430447794,4.7989702224731445,3.9395556449890137
85,2020-09-01 00:52:04.455747,0.660400430447794,4.7989702224731445,3.9395556449890137
86,2020-09-01 00:52:05.375577,0.660400430447794,4.7989702224731445,3.9395556449890137
87,2020-09-01 00:52:06.157909,0.702039061528879,4.770155906677246,3.970486640930176
88,2020-09-01 00:52:06.969341,0.702039061528879,4.770155906677246,3.970486640930176
89,2020-09-01 00:52:07.743634,0.702039061528879,4.770155906677246,3.970486640930176
90,2020-09-01 00:52:08.595373,0.702039061528879,4.770155906677246,3.970486640930176
91,2020-09-01 00:52:09.530306,0.743483204772573,4.741341590881348,4.0014142990112305
92,2020-09-01 00:52:10.462354,0.743483204772573,4.741341590881348,4.0014142990112305
93,2020-09-01 00:52:11.322240,0.743483204772573,4.741341590881348,4.0014142990112305
94,2020-09-01 00:52:12.208878,0.784733486780482,4.712527275085449,4.0323381423950195
95,2020-09-01 00:52:13.083792,0.784733486780482,4.712527275085449,4.0323381423950195
96,2020-09-01 00:52:14.004876,0.784733486780482,4.712527275085449,4.063258647918701
97,2020-09-01 00:52:14.953860,0.825790534688323,4.683712959289551,4.063258647918701
98,2020-09-01 00:52:15.931192,0.825790534688323,4.683712959289551,4.063258647918701
99,2020-09-01 00:52:16.896925,0.825790534688323,4.683712959289551,4.094174861907959
100,2020-09-01 00:52:17.926513,0.866654976160802,4.654898643493652,4.094174861907959
101,2020-09-01 00:52:18.821647,0.866654976160802,4.654898643493652,4.094174861907959
102,2020-09-01 00:52:19.636724,0.866654976160802,4.654898643493652,4.094174861907959
103,2020-09-01 00:52:20.611763,0.90732743938625,4.626084327697754,4.125087738037109
104,2020-09-01 00:52:21.560038,0.90732743938625,4.626084327697754,4.125087738037109
105,2020-09-01 00:52:22.434310,0.90732743938625,4.626084327697754,4.125087738037109
106,2020-09-01 00:52:23.306111,0.947808553071241,4.5972700119018555,4.155996799468994
107,2020-09-01 00:52:24.121402,0.947808553071241,4.5972700119018555,4.155996799468994
108,2020-09-01 00:52:25.053190,0.947808553071241,4.5972700119018555,4.155996799468994
109,2020-09-01 00:52:25.992461,0.988098946434974,4.568455696105957,4.186901569366455
110,2020-09-01 00:52:26.806180,0.988098946434974,4.568455696105957,4.186901569366455
111,2020-09-01 00:52:27.699261,0.988098946434974,4.568455696105957,4.186901569366455
112,2020-09-01 00:52:28.720768,1.02819924920358,4.539641857147217,4.21780252456665
113,2020-09-01 00:52:29.572359,1.02819924920358,4.539641857147217,4.21780252456665
114,2020-09-01 00:52:30.491783,1.02819924920358,4.539641857147217,4.21780252456665
115,2020-09-01 00:52:31.339941,1.06811009160431,4.510827541351318,4.248698711395264
116,2020-09-01 00:52:32.205274,1.06811009160431,4.510827541351318,4.248698711395264
117,2020-09-01 00:52:33.100322,1.06811009160431,4.510827541351318,4.248698711395264
118,2020-09-01 00:52:33.942318,1.10678591931564,4.480031967163086,4.273878574371338
119,2020-09-01 00:52:34.905012,1.10678591931564,4.480031967163086,4.273878574371338
120,2020-09-01 00:52:35.786393,1.10678591931564,4.480031967163086,4.273878574371338
121,2020-09-01 00:52:36.700413,1.14526760335896,4.480031967163086,4.299058437347412
122,2020-09-01 00:52:37.604406,1.14526760335896,4.449236869812012,4.299058437347412
123,2020-09-01 00:52:38.498385,1.14526760335896,4.449236869812012,4.3242387771606445
124,2020-09-01 00:52:39.461627,1.18355578737399,4.418441295623779,4.3242387771606445
125,2020-09-01 00:52:40.401579,1.18355578737399,4.418441295623779,4.3242387771606445
126,2020-09-01 00:52:41.286458,1.22165111560024,4.387646198272705,4.349419116973877
127,2020-09-01 00:52:42.214100,1.22165111560024,4.387646198272705,4.349419116973877
128,2020-09-01 00:52:43.165602,1.22165111560024,4.387646198272705,4.349419116973877
129,2020-09-01 00:52:44.088534,1.25955423287132,4.387646198272705,4.374599933624268
130,2020-09-01 00:52:44.975121,1.25955423287132,4.356850624084473,4.374599933624268
131,2020-09-01 00:52:45.832827,1.25955423287132,4.356850624084473,4.374599933624268
132,2020-09-01 00:52:46.701807,1.25955423287132,4.356850624084473,4.399780750274658
133,2020-09-01 00:52:47.522481,1.29726578460928,4.326055526733398,4.399780750274658
134,2020-09-01 00:52:48.414082,1.29726578460928,4.326055526733398,4.399780750274658
135,2020-09-01 00:52:49.323696,1.29726578460928,4.326055526733398,4.424961566925049
136,2020-09-01 00:52:50.186110,1.3347864168186,4.295260429382324,4.424961566925049
137,2020-09-01 00:52:51.074308,1.3347864168186,4.295260429382324,4.424961566925049
138,2020-09-01 00:52:51.871110,1.3347864168186,4.295260429382324,4.424961566925049
139,2020-09-01 00:52:52.771148,1.37211677608025,4.264464855194092,4.4501423835754395
140,2020-09-01 00:52:53.589629,1.37211677608025,4.264464855194092,4.4501423835754395
141,2020-09-01 00:52:54.493016,1.37211677608025,4.264464855194092,4.4501423835754395
142,2020-09-01 00:52:55.455673,1.40925750954548,4.233669757843018,4.47532320022583
143,2020-09-01 00:52:56.338176,1.40925750954548,4.233669757843018,4.47532320022583
144,2020-09-01 00:52:57.183454,1.40925750954548,4.233669757843018,4.47532320022583
145,2020-09-01 00:52:58.138418,1.44620926492958,4.233669757843018,4.500503063201904
146,2020-09-01 00:52:59.000679,1.44620926492958,4.202874183654785,4.500503063201904
147,2020-09-01 00:52:59.928209,1.44620926492958,4.202874183654785,4.500503063201904
148,2020-09-01 00:53:00.856630,1.48297269050539,4.172079086303711,4.5256829261779785
149,2020-09-01 00:53:01.847864,1.48297269050539,4.172079086303711,4.5256829261779785
150,2020-09-01 00:53:02.747780,1.48297269050539,4.172079086303711,4.5256829261779785
151,2020-09-01 00:53:03.698233,1.51954843509678,4.1412835121154785,4.5508623123168945
152,2020-09-01 00:53:04.536371,1.51954843509678,4.1412835121154785,4.5508623123168945
153,2020-09-01 00:53:05.471461,1.51954843509678,4.1412835121154785,4.5508623123168945
154,2020-09-01 00:53:06.342267,1.58441171760271,4.109882354736328,4.438409805297852
155,2020-09-01 00:53:07.232827,1.58441171760271,4.109882354736328,4.438409805297852
156,2020-09-01 00:53:08.071547,1.58441171760271,4.109882354736328,4.438409805297852
157,2020-09-01 00:53:09.001306,1.64900637585284,4.0784807205200195,4.325959205627441
158,2020-09-01 00:53:09.919539,1.64900637585284,4.0784807205200195,4.325959205627441
159,2020-09-01 00:53:10.769910,1.64900637585284,4.0784807205200195,4.325959205627441
160,2020-09-01 00:53:11.707464,1.64900637585284,4.0784807205200195,4.213510036468506
161,2020-09-01 00:53:12.652453,1.71333295922219,4.047079086303711,4.213510036468506
162,2020-09-01 00:53:13.583858,1.71333295922219,4.047079086303711,4.213510036468506
163,2020-09-01 00:53:14.382005,1.77739201749571,4.047079086303711,4.101062297821045
164,2020-09-01 00:53:15.396601,1.77739201749571,4.015677452087402,4.101062297821045
165,2020-09-01 00:53:16.298876,1.77739201749571,4.015677452087402,4.101062297821045
166,2020-09-01 00:53:17.218244,1.77739201749571,4.015677452087402,3.988616466522217
167,2020-09-01 00:53:18.096202,1.84118410115755,3.9842758178710938,3.988616466522217
168,2020-09-01 00:53:19.096810,1.84118410115755,3.9842758178710938,3.988616466522217
169,2020-09-01 00:53:20.102708,1.90470976148849,3.9528744220733643,3.8761720657348633
170,2020-09-01 00:53:21.058821,1.90470976148849,3.9528744220733643,3.8761720657348633
171,2020-09-01 00:53:21.943128,1.90470976148849,3.9528744220733643,3.8761720657348633
172,2020-09-01 00:53:22.847132,1.90470976148849,3.9528744220733643,3.7637293338775635
173,2020-09-01 00:53:23.744364,1.96796955059662,3.9214727878570557,3.7637293338775635
174,2020-09-01 00:53:24.638843,1.96796955059662,3.9214727878570557,3.7637293338775635
175,2020-09-01 00:53:25.477587,1.96796955059662,3.9214727878570557,3.6512882709503174
176,2020-09-01 00:53:26.301432,2.0309640214189,3.890071153640747,3.6512882709503174
177,2020-09-01 00:53:27.165942,2.0309640214189,3.890071153640747,3.6512882709503174
178,2020-09-01 00:53:28.050643,2.0309640214189,3.890071153640747,3.6512882709503174
179,2020-09-01 00:53:28.965832,2.09369372770537,3.8586695194244385,3.538848638534546
180,2020-09-01 00:53:29.797806,2.09369372770537,3.8586695194244385,3.538848638534546
181,2020-09-01 00:53:30.693980,2.09369372770537,3.8586695194244385,3.538848638534546
182,2020-09-01 00:53:31.532776,2.09369372770537,3.8586695194244385,3.4264109134674072
183,2020-09-01 00:53:32.526802,2.15615922399037,3.827268123626709,3.4264109134674072
184,2020-09-01 00:53:33.367166,2.15615922399037,3.827268123626709,3.4264109134674072
185,2020-09-01 00:53:34.253978,2.21836106555173,3.7958664894104004,3.313974618911743
186,2020-09-01 00:53:35.149446,2.21836106555173,3.7958664894104004,3.313974618911743
187,2020-09-01 00:53:36.113084,2.21836106555173,3.7958664894104004,3.313974618911743
188,2020-09-01 00:53:37.039800,2.28029980835778,3.7958664894104004,3.201539993286133
189,2020-09-01 00:53:37.934194,2.28029980835778,3.764464855194092,3.201539993286133
190,2020-09-01 00:53:38.853207,2.28029980835778,3.764464855194092,3.201539993286133
191,2020-09-01 00:53:39.697360,2.28029980835778,3.764464855194092,3.201539993286133
192,2020-09-01 00:53:40.527180,2.34275842576163,3.7350471019744873,3.097642660140991
193,2020-09-01 00:53:41.358341,2.34275842576163,3.7350471019744873,3.097642660140991
194,2020-09-01 00:53:42.297315,2.34275842576163,3.7350471019744873,3.097642660140991
195,2020-09-01 00:53:43.229789,2.40496167159537,3.7350471019744873,2.993746519088745
196,2020-09-01 00:53:44.032687,2.40496167159537,3.7056291103363037,2.993746519088745
197,2020-09-01 00:53:44.943419,2.40496167159537,3.7056291103363037,2.8898518085479736
198,2020-09-01 00:53:45.847675,2.46691019255225,3.67621111869812,2.8898518085479736
199,2020-09-01 00:53:46.845771,2.46691019255225,3.67621111869812,2.8898518085479736
200,2020-09-01 00:53:47.745975,2.52860463321879,3.6467933654785156,2.7859585285186768
201,2020-09-01 00:53:48.618596,2.52860463321879,3.6467933654785156,2.7859585285186768
202,2020-09-01 00:53:49.519810,2.52860463321879,3.6467933654785156,2.7859585285186768
203,2020-09-01 00:53:50.443235,2.52860463321879,3.6467933654785156,2.822021722793579
204,2020-09-01 00:53:51.346717,2.56069194813251,3.617375373840332,2.822021722793579
205,2020-09-01 00:53:52.245351,2.56069194813251,3.617375373840332,2.822021722793579
206,2020-09-01 00:53:53.133997,2.59261587791252,3.5879573822021484,2.8580713272094727
207,2020-09-01 00:53:54.063705,2.59261587791252,3.5879573822021484,2.8580713272094727
208,2020-09-01 00:53:54.991533,2.59261587791252,3.5879573822021484,2.8580713272094727
209,2020-09-01 00:53:55.996632,2.62437706454189,3.558539628982544,2.89410662651062
210,2020-09-01 00:53:56.879110,2.62437706454189,3.558539628982544,2.89410662651062
211,2020-09-01 00:53:57.834280,2.62437706454189,3.558539628982544,2.89410662651062
212,2020-09-01 00:53:58.772730,2.65597615016944,3.558539628982544,2.9301280975341797
213,2020-09-01 00:53:59.647893,2.65597615016944,3.5291216373443604,2.9301280975341797
214,2020-09-01 00:54:00.550130,2.65597615016944,3.5291216373443604,2.960254192352295
215,2020-09-01 00:54:01.447749,2.68227896469966,3.5045087337493896,2.960254192352295
216,2020-09-01 00:54:02.319224,2.68227896469966,3.5045087337493896,2.960254192352295
217,2020-09-01 00:54:03.144541,2.68227896469966,3.5045087337493896,2.960254192352295
218,2020-09-01 00:54:04.018396,2.6874696509992,3.4997036457061768,2.9661381244659424
219,2020-09-01 00:54:04.908920,2.6874696509992,3.4997036457061768,2.9661381244659424
220,2020-09-01 00:54:05.830951,2.6874696509992,3.4997036457061768,2.9661381244659424
221,2020-09-01 00:54:06.694648,2.6874696509992,3.4997036457061768,2.9661381244659424
222,2020-09-01 00:54:07.603606,2.6874696509992,3.4997036457061768,2.9661381244659424
223,2020-09-01 00:54:08.508437,2.6874696509992,3.4997036457061768,2.9661381244659424
224,2020-09-01 00:54:09.422382,2.6874696509992,3.4997036457061768,2.9661381244659424
225,2020-09-01 00:54:10.380940,2.6874696509992,3.4997036457061768,2.9661381244659424
226,2020-09-01 00:54:11.330505,2.6874696509992,3.4997036457061768,2.9661381244659424
227,2020-09-01 00:54:12.316248,2.6874696509992,3.4997036457061768,2.9661381244659424
228,2020-09-01 00:54:13.283626,2.6874696509992,3.4997036457061768,2.9661381244659424
229,2020-09-01 00:54:14.163079,2.71922553322489,3.4702858924865723,3.002159595489502
230,2020-09-01 00:54:15.039034,2.71922553322489,3.4702858924865723,3.002159595489502
231,2020-09-01 00:54:15.929899,2.71922553322489,3.4702858924865723,3.002159595489502
232,2020-09-01 00:54:16.769723,2.75146841770703,3.4408679008483887,3.038205623626709
233,2020-09-01 00:54:17.591461,2.75146841770703,3.4408679008483887,3.038205623626709
234,2020-09-01 00:54:18.614473,2.75146841770703,3.4408679008483887,3.038205623626709
235,2020-09-01 00:54:19.556899,2.75146841770703,3.4408679008483887,3.0742406845092773
236,2020-09-01 00:54:20.414801,2.78359803550032,3.411449909210205,3.0742406845092773
237,2020-09-01 00:54:21.293780,2.78359803550032,3.411449909210205,3.0742406845092773
238,2020-09-01 00:54:22.075477,2.81634011318948,3.411449909210205,3.1208486557006836
239,2020-09-01 00:54:22.958572,2.81634011318948,3.386119842529297,3.1208486557006836
240,2020-09-01 00:54:23.859791,2.81634011318948,3.386119842529297,3.1208486557006836
241,2020-09-01 00:54:24.786528,2.81634011318948,3.386119842529297,3.167435646057129
242,2020-09-01 00:54:25.688177,2.84897661288861,3.3607897758483887,3.167435646057129
243,2020-09-01 00:54:26.574753,2.84897661288861,3.3607897758483887,3.167435646057129
244,2020-09-01 00:54:27.455994,2.84897661288861,3.3607897758483887,3.167435646057129
245,2020-09-01 00:54:28.371416,2.88150804759616,3.3607897758483887,3.2140016555786133
246,2020-09-01 00:54:29.247528,2.88150804759616,3.3354597091674805,3.2140016555786133
247,2020-09-01 00:54:30.106755,2.88150804759616,3.3354597091674805,3.2140016555786133
248,2020-09-01 00:54:31.013393,2.91393492843896,3.310129404067993,3.260547161102295
249,2020-09-01 00:54:31.915884,2.91393492843896,3.310129404067993,3.260547161102295
250,2020-09-01 00:54:32.803886,2.91393492843896,3.310129404067993,3.260547161102295
251,2020-09-01 00:54:33.759495,2.94625776467497,3.284799337387085,3.3070714473724365
252,2020-09-01 00:54:34.591806,2.94625776467497,3.284799337387085,3.3070714473724365
253,2020-09-01 00:54:35.492860,2.94625776467497,3.284799337387085,3.3070714473724365
254,2020-09-01 00:54:36.332492,2.97847706369591,3.2594692707061768,3.353574752807617
255,2020-09-01 00:54:37.193786,2.97847706369591,3.2594692707061768,3.353574752807617
256,2020-09-01 00:54:38.067152,2.97847706369591,3.2594692707061768,3.353574752807617
257,2020-09-01 00:54:38.893406,3.01059333102997,3.2341392040252686,3.400057077407837
258,2020-09-01 00:54:39.691080,3.01059333102997,3.2341392040252686,3.400057077407837
259,2020-09-01 00:54:40.543516,3.01059333102997,3.2341392040252686,3.400057077407837
260,2020-09-01 00:54:41.513788,3.04260707034454,3.2341392040252686,3.4465184211730957
261,2020-09-01 00:54:42.351853,3.04260707034454,3.2088091373443604,3.4465184211730957
262,2020-09-01 00:54:43.278500,3.04260707034454,3.2088091373443604,3.4465184211730957
263,2020-09-01 00:54:44.062010,3.04260707034454,3.2088091373443604,3.4929587841033936
264,2020-09-01 00:54:45.025330,3.07451878344882,3.183478832244873,3.4929587841033936
265,2020-09-01 00:54:45.912860,3.07451878344882,3.183478832244873,3.4929587841033936
266,2020-09-01 00:54:46.751049,3.10632897029649,3.158148765563965,3.5393776893615723
267,2020-09-01 00:54:47.657241,3.10632897029649,3.158148765563965,3.5393776893615723
268,2020-09-01 00:54:48.539253,3.10632897029649,3.158148765563965,3.5393776893615723
269,2020-09-01 00:54:49.382438,3.10632897029649,3.158148765563965,3.58577561378479
270,2020-09-01 00:54:50.272223,3.1380381289883,3.1328186988830566,3.58577561378479
271,2020-09-01 00:54:51.193778,3.1380381289883,3.1328186988830566,3.58577561378479
272,2020-09-01 00:54:52.152374,3.1380381289883,3.1328186988830566,3.6321523189544678
273,2020-09-01 00:54:53.005358,3.16964675577479,3.1074886322021484,3.6321523189544678
274,2020-09-01 00:54:53.910239,3.16964675577479,3.1074886322021484,3.6321523189544678
275,2020-09-01 00:54:54.812526,3.16964675577479,3.1074886322021484,3.693410873413086
276,2020-09-01 00:54:55.650017,3.20202338899301,3.084649085998535,3.693410873413086
277,2020-09-01 00:54:56.503712,3.20202338899301,3.084649085998535,3.693410873413086
278,2020-09-01 00:54:57.365201,3.23430621596448,3.061809539794922,3.754633665084839
279,2020-09-01 00:54:58.225771,3.23430621596448,3.061809539794922,3.754633665084839
280,2020-09-01 00:54:59.037720,3.23430621596448,3.061809539794922,3.754633665084839
281,2020-09-01 00:54:59.992136,3.26923089178511,3.0389702320098877,3.8159902095794678
282,2020-09-01 00:55:00.883966,3.26923089178511,3.0389702320098877,3.8159902095794678
283,2020-09-01 00:55:01.735685,3.26923089178511,3.0389702320098877,3.8159902095794678
284,2020-09-01 00:55:02.468291,3.26923089178511,3.0389702320098877,3.8159902095794678
285,2020-09-01 00:55:03.311484,3.30409490378172,3.0161306858062744,3.8773155212402344
286,2020-09-01 00:55:04.243714,3.30409490378172,3.0161306858062744,3.8773155212402344
287,2020-09-01 00:55:05.169039,3.30409490378172,3.0161306858062744,3.8773155212402344
288,2020-09-01 00:55:06.131724,3.33889848669037,2.9932913780212402,3.9386096000671387
289,2020-09-01 00:55:07.038598,3.33889848669037,2.9932913780212402,3.9386096000671387
290,2020-09-01 00:55:07.978367,3.33889848669037,2.9932913780212402,3.9386096000671387
291,2020-09-01 00:55:08.895628,3.3736418743953,2.970451831817627,3.9998722076416016
292,2020-09-01 00:55:09.837748,3.3736418743953,2.970451831817627,3.9998722076416016
293,2020-09-01 00:55:10.710838,3.3736418743953,2.970451831817627,3.9998722076416016
294,2020-09-01 00:55:11.662367,3.4083252999305,2.9476122856140137,4.061103343963623
295,2020-09-01 00:55:12.592605,3.4083252999305,2.9476122856140137,4.061103343963623
296,2020-09-01 00:55:13.494834,3.4083252999305,2.9476122856140137,4.061103343963623
297,2020-09-01 00:55:14.369971,3.41823690229076,2.994478464126587,4.120912075042725
298,2020-09-01 00:55:15.326274,3.41823690229076,2.994478464126587,4.120912075042725
299,2020-09-01 00:55:16.348727,3.41823690229076,2.994478464126587,4.180669784545898
300,2020-09-01 00:55:17.297188,3.42820025424206,3.041318893432617,4.180669784545898
301,2020-09-01 00:55:18.190839,3.42820025424206,3.041318893432617,4.180669784545898
302,2020-09-01 00:55:19.065155,3.4382149665183,3.0881338119506836,4.2403764724731445
303,2020-09-01 00:55:19.954203,3.4382149665183,3.0881338119506836,4.2403764724731445
304,2020-09-01 00:55:20.798213,3.4382149665183,3.0881338119506836,4.2403764724731445
305,2020-09-01 00:55:21.671081,3.44828065295738,3.134922981262207,4.300031661987305
306,2020-09-01 00:55:22.478808,3.44828065295738,3.134922981262207,4.300031661987305
307,2020-09-01 00:55:23.406046,3.44828065295738,3.134922981262207,4.300031661987305
308,2020-09-01 00:55:24.359539,3.44828065295738,3.134922981262207,4.359635829925537
309,2020-09-01 00:55:25.170656,3.45839693046931,3.1816868782043457,4.359635829925537
310,2020-09-01 00:55:26.026763,3.45839693046931,3.1816868782043457,4.359635829925537
311,2020-09-01 00:55:27.031276,3.45839693046931,3.1816868782043457,4.418312072753906
312,2020-09-01 00:55:27.836158,3.46888960295121,3.228688955307007,4.418312072753906
313,2020-09-01 00:55:28.772398,3.46888960295121,3.228688955307007,4.418312072753906
314,2020-09-01 00:55:29.671329,3.46888960295121,3.228688955307007,4.418312072753906
315,2020-09-01 00:55:30.704091,3.47943177904202,3.275665521621704,4.476938724517822
316,2020-09-01 00:55:31.633703,3.47943177904202,3.275665521621704,4.476938724517822
317,2020-09-01 00:55:32.453159,3.47943177904202,3.275665521621704,4.476938724517822
318,2020-09-01 00:55:33.321719,3.49002308803928,3.3226168155670166,4.535515785217285
319,2020-09-01 00:55:34.266240,3.49002308803928,3.3226168155670166,4.535515785217285
320,2020-09-01 00:55:35.176692,3.49002308803928,3.3226168155670166,4.535515785217285
321,2020-09-01 00:55:36.109260,3.50066316213548,3.3695430755615234,4.594043254852295
322,2020-09-01 00:55:36.860742,3.50066316213548,3.3695430755615234,4.594043254852295
323,2020-09-01 00:55:37.818862,3.50066316213548,3.3695430755615234,4.594043254852295
324,2020-09-01 00:55:38.674157,3.51135163638926,3.4164438247680664,4.65252161026001
325,2020-09-01 00:55:39.532308,3.51135163638926,3.4164438247680664,4.65252161026001
326,2020-09-01 00:55:40.430481,3.51135163638926,3.4164438247680664,4.65252161026001
327,2020-09-01 00:55:41.366371,3.55539728652849,3.464768409729004,4.575678825378418
328,2020-09-01 00:55:42.289689,3.55539728652849,3.464768409729004,4.575678825378418
329,2020-09-01 00:55:43.232679,3.55539728652849,3.464768409729004,4.575678825378418
330,2020-09-01 00:55:44.219982,3.55539728652849,3.464768409729004,4.498836040496826
331,2020-09-01 00:55:45.118621,3.5993506953901,3.513085126876831,4.498836040496826
332,2020-09-01 00:55:45.975211,3.5993506953901,3.513085126876831,4.498836040496826
333,2020-09-01 00:55:46.946416,3.5993506953901,3.513085126876831,4.421993255615234
334,2020-09-01 00:55:47.745128,3.64321219533122,3.5613937377929688,4.421993255615234
335,2020-09-01 00:55:48.760034,3.64321219533122,3.5613937377929688,4.421993255615234
336,2020-09-01 00:55:49.626272,3.64321219533122,3.5613937377929688,4.345150947570801
337,2020-09-01 00:55:50.456757,3.68698211778091,3.609694480895996,4.345150947570801
338,2020-09-01 00:55:51.346332,3.68698211778091,3.609694480895996,4.345150947570801
339,2020-09-01 00:55:52.212383,3.68698211778091,3.609694480895996,4.345150947570801
340,2020-09-01 00:55:53.202317,3.73066079324049,3.657987356185913,4.268308162689209
341,2020-09-01 00:55:54.133950,3.73066079324049,3.657987356185913,4.268308162689209
342,2020-09-01 00:55:55.040933,3.73066079324049,3.657987356185913,4.268308162689209
343,2020-09-01 00:55:55.864967,3.77424855128359,3.7062721252441406,4.191465377807617
344,2020-09-01 00:55:56.710597,3.77424855128359,3.7062721252441406,4.191465377807617
345,2020-09-01 00:55:57.521627,3.77424855128359,3.7062721252441406,4.191465377807617
346,2020-09-01 00:55:58.419177,3.77424855128359,3.7062721252441406,4.191465377807617
347,2020-09-01 00:55:59.314164,3.81774572055652,3.7545485496520996,4.114622592926025
348,2020-09-01 00:56:00.219370,3.81774572055652,3.7545485496520996,4.114622592926025
349,2020-09-01 00:56:01.139588,3.81774572055652,3.7545485496520996,4.114622592926025
350,2020-09-01 00:56:02.007108,3.86059700564864,3.8002305030822754,4.036275386810303
351,2020-09-01 00:56:02.876156,3.86059700564864,3.8002305030822754,4.036275386810303
352,2020-09-01 00:56:03.833889,3.86059700564864,3.8002305030822754,3.957928419113159
353,2020-09-01 00:56:04.647891,3.90335849001696,3.8459057807922363,3.957928419113159
354,2020-09-01 00:56:05.611151,3.90335849001696,3.8459057807922363,3.957928419113159
355,2020-09-01 00:56:06.535743,3.90335849001696,3.8459057807922363,3.957928419113159
356,2020-09-01 00:56:07.366056,3.94603050171125,3.8915743827819824,3.8795814514160156
357,2020-09-01 00:56:08.288533,3.94603050171125,3.8915743827819824,3.8795814514160156
358,2020-09-01 00:56:09.189732,3.94603050171125,3.8915743827819824,3.8795814514160156
359,2020-09-01 00:56:10.098453,3.98861336784057,3.8915743827819824,3.801234483718872
360,2020-09-01 00:56:11.038688,3.98861336784057,3.9372360706329346,3.801234483718872
361,2020-09-01 00:56:12.046025,3.98861336784057,3.9372360706329346,3.801234483718872
362,2020-09-01 00:56:12.949678,4.02821236750627,3.982745885848999,3.7228872776031494
363,2020-09-01 00:56:13.869704,4.02821236750627,3.982745885848999,3.7228872776031494
364,2020-09-01 00:56:14.733416,4.02821236750627,3.982745885848999,3.7228872776031494
365,2020-09-01 00:56:15.545900,4.06769005573207,4.02824592590332,3.644540309906006
366,2020-09-01 00:56:16.416742,4.06769005573207,4.02824592590332,3.644540309906006
367,2020-09-01 00:56:17.351264,4.06769005573207,4.02824592590332,3.644540309906006
368,2020-09-01 00:56:18.320358,4.06769005573207,4.02824592590332,3.5661933422088623
369,2020-09-01 00:56:19.327122,4.10704696339138,4.073735237121582,3.5661933422088623
370,2020-09-01 00:56:20.296581,4.10704696339138,4.073735237121582,3.5661933422088623
371,2020-09-01 00:56:21.199068,4.10704696339138,4.073735237121582,3.4878461360931396
372,2020-09-01 00:56:22.095499,4.14628361977253,4.11921501159668,3.4878461360931396
373,2020-09-01 00:56:22.887679,4.14628361977253,4.11921501159668,3.4878461360931396
374,2020-09-01 00:56:23.764688,4.14628361977253,4.11921501159668,3.409499168395996
375,2020-09-01 00:56:24.643541,4.18540055257925,4.164684295654297,3.409499168395996
376,2020-09-01 00:56:25.527861,4.18540055257925,4.164684295654297,3.409499168395996
377,2020-09-01 00:56:26.400540,4.18540055257925,4.164684295654297,3.409499168395996
378,2020-09-01 00:56:27.305712,4.22439828793124,4.210143089294434,3.33115291595459
379,2020-09-01 00:56:28.241639,4.22439828793124,4.210143089294434,3.33115291595459
380,2020-09-01 00:56:29.137256,4.22439828793124,4.210143089294434,3.33115291595459
381,2020-09-01 00:56:29.998136,4.2632773503646,4.255591869354248,3.2528076171875
382,2020-09-01 00:56:30.945414,4.2632773503646,4.255591869354248,3.2528076171875
383,2020-09-01 00:56:31.778835,4.2632773503646,4.255591869354248,3.2528076171875
384,2020-09-01 00:56:32.594675,4.30203826283241,4.301030158996582,3.1744630336761475
385,2020-09-01 00:56:33.462062,4.30203826283241,4.301030158996582,3.1744630336761475
386,2020-09-01 00:56:34.346531,4.30203826283241,4.301030158996582,3.1744630336761475
387,2020-09-01 00:56:35.213727,4.34198206686901,4.351284980773926,3.093285322189331
388,2020-09-01 00:56:36.124597,4.34198206686901,4.351284980773926,3.093285322189331
389,2020-09-01 00:56:37.033154,4.34198206686901,4.351284980773926,3.093285322189331
390,2020-09-01 00:56:37.974845,4.38181115377024,4.401527404785156,3.012108325958252
391,2020-09-01 00:56:38.925633,4.38181115377024,4.401527404785156,3.012108325958252
392,2020-09-01 00:56:39.862411,4.38181115377024,4.401527404785156,3.012108325958252
393,2020-09-01 00:56:40.796435,4.42152602224914,4.451756477355957,2.93093204498291
394,2020-09-01 00:56:41.711022,4.42152602224914,4.451756477355957,2.93093204498291
395,2020-09-01 00:56:42.667823,4.42152602224914,4.451756477355957,2.93093204498291
396,2020-09-01 00:56:43.609471,4.46112716950684,4.501972198486328,2.8497567176818848
397,2020-09-01 00:56:44.543066,4.46112716950684,4.501972198486328,2.8497567176818848
398,2020-09-01 00:56:45.390057,4.46112716950684,4.501972198486328,2.8497567176818848
399,2020-09-01 00:56:46.206734,4.50061509123313,4.552175521850586,2.7685821056365967
400,2020-09-01 00:56:47.080177,4.50061509123313,4.552175521850586,2.7685821056365967
401,2020-09-01 00:56:48.067125,4.50061509123313,4.552175521850586,2.7685821056365967
402,2020-09-01 00:56:49.070921,4.50061509123313,4.552175521850586,2.826016664505005
403,2020-09-01 00:56:49.923062,4.50510163301642,4.601069927215576,2.826016664505005
404,2020-09-01 00:56:50.749960,4.50510163301642,4.601069927215576,2.826016664505005
405,2020-09-01 00:56:51.728461,4.50510163301642,4.601069927215576,2.883397340774536
406,2020-09-01 00:56:52.534250,4.50963700640608,4.649932384490967,2.883397340774536
407,2020-09-01 00:56:53.532570,4.50963700640608,4.649932384490967,2.883397340774536
408,2020-09-01 00:56:54.461856,4.50963700640608,4.649932384490967,2.883397340774536
409,2020-09-01 00:56:55.412423,4.51422084073921,4.698763847351074,2.9407246112823486
410,2020-09-01 00:56:56.224649,4.51422084073921,4.698763847351074,2.9407246112823486
411,2020-09-01 00:56:57.232492,4.51422084073921,4.698763847351074,2.9979982376098633
412,2020-09-01 00:56:58.156886,4.51885276880867,4.74756383895874,2.9979982376098633
413,2020-09-01 00:56:59.075914,4.51885276880867,4.74756383895874,2.9979982376098633
414,2020-09-01 00:56:59.948388,4.51885276880867,4.74756383895874,2.9979982376098633
415,2020-09-01 00:57:00.813793,4.52353242682058,4.796331882476807,3.055218458175659
416,2020-09-01 00:57:01.705747,4.52353242682058,4.796331882476807,3.055218458175659
417,2020-09-01 00:57:02.670478,4.52353242682058,4.796331882476807,3.055218458175659
418,2020-09-01 00:57:03.606555,4.52825945435266,4.84506893157959,3.1123852729797363
419,2020-09-01 00:57:04.641630,4.52825945435266,4.84506893157959,3.1123852729797363
420,2020-09-01 00:57:05.495241,4.52825945435266,4.84506893157959,3.1123852729797363
421,2020-09-01 00:57:06.429116,4.53303349431323,4.893774509429932,3.1694986820220947
422,2020-09-01 00:57:07.305324,4.53303349431323,4.893774509429932,3.1694986820220947
423,2020-09-01 00:57:08.221980,4.53303349431323,4.893774509429932,3.1694986820220947
424,2020-09-01 00:57:09.120299,4.54011102476157,4.943693161010742,3.235999584197998
425,2020-09-01 00:57:10.010590,4.54011102476157,4.943693161010742,3.235999584197998
426,2020-09-01 00:57:10.966564,4.54011102476157,4.943693161010742,3.235999584197998
427,2020-09-01 00:57:11.889600,4.54723664041904,4.993581771850586,3.3024401664733887
428,2020-09-01 00:57:12.772905,4.54723664041904,4.993581771850586,3.3024401664733887
429,2020-09-01 00:57:13.620132,4.54723664041904,4.993581771850586,3.3024401664733887
430,2020-09-01 00:57:14.424983,4.55440999786109,4.993581771850586,3.3688204288482666
431,2020-09-01 00:57:15.270984,4.55440999786109,5.043439865112305,3.3688204288482666
432,2020-09-01 00:57:16.177801,4.55440999786109,5.043439865112305,3.3688204288482666
433,2020-09-01 00:57:16.976576,4.55440999786109,5.043439865112305,3.435140609741211
434,2020-09-01 00:57:17.916638,4.56163075659194,5.093267917633057,3.435140609741211
435,2020-09-01 00:57:18.841826,4.56163075659194,5.093267917633057,3.435140609741211
436,2020-09-01 00:57:19.701782,4.5688985790123,5.093267917633057,3.5014007091522217
437,2020-09-01 00:57:20.607992,4.5688985790123,5.143065452575684,3.5014007091522217
438,2020-09-01 00:57:21.478422,4.5688985790123,5.143065452575684,3.5014007091522217
439,2020-09-01 00:57:22.474646,4.5688985790123,5.143065452575684,3.567600727081299
440,2020-09-01 00:57:23.342089,4.57621313038756,5.192832946777344,3.567600727081299
441,2020-09-01 00:57:24.254323,4.57621313038756,5.192832946777344,3.567600727081299
442,2020-09-01 00:57:25.167534,4.57621313038756,5.192832946777344,3.567600727081299
443,2020-09-01 00:57:26.108834,4.5835740788164,5.242570400238037,3.6337406635284424
444,2020-09-01 00:57:26.944398,4.5835740788164,5.242570400238037,3.6337406635284424
445,2020-09-01 00:57:27.772178,4.5835740788164,5.242570400238037,3.6337406635284424
446,2020-09-01 00:57:28.622249,4.5835740788164,5.242570400238037,3.6998209953308105
447,2020-09-01 00:57:29.593602,4.59098109519995,5.292277812957764,3.6998209953308105
448,2020-09-01 00:57:30.514648,4.59098109519995,5.292277812957764,3.6998209953308105
449,2020-09-01 00:57:31.531779,4.59843385321136,5.341955184936523,3.765841245651245
450,2020-09-01 00:57:32.436067,4.59843385321136,5.341955184936523,3.765841245651245
451,2020-09-01 00:57:33.291839,4.59843385321136,5.341955184936523,3.765841245651245
452,2020-09-01 00:57:34.195437,4.60593202926576,5.391602516174316,3.8318018913269043
453,2020-09-01 00:57:35.122542,4.60593202926576,5.391602516174316,3.8318018913269043
454,2020-09-01 00:57:36.023923,4.60593202926576,5.391602516174316,3.8318018913269043
455,2020-09-01 00:57:36.883918,4.61347530249074,5.441219329833984,3.897702693939209
456,2020-09-01 00:57:37.786021,4.61347530249074,5.441219329833984,3.897702693939209
457,2020-09-01 00:57:38.711117,4.61347530249074,5.441219329833984,3.897702693939209
458,2020-09-01 00:57:39.615291,4.6450172750301,5.441219329833984,3.964759588241577
459,2020-09-01 00:57:40.509553,4.6450172750301,5.423981189727783,3.964759588241577
460,2020-09-01 00:57:41.439199,4.6450172750301,5.423981189727783,3.964759588241577
461,2020-09-01 00:57:42.255908,4.67666986249388,5.407794952392578,4.035503387451172
462,2020-09-01 00:57:43.225856,4.67666986249388,5.407794952392578,4.035503387451172
463,2020-09-01 00:57:44.112391,4.67666986249388,5.407794952392578,4.035503387451172
464,2020-09-01 00:57:45.022878,4.70825311166658,5.391609191894531,4.106203556060791
465,2020-09-01 00:57:45.864432,4.70825311166658,5.391609191894531,4.106203556060791
466,2020-09-01 00:57:46.660551,4.70825311166658,5.391609191894531,4.106203556060791
467,2020-09-01 00:57:47.573615,4.70825311166658,5.391609191894531,4.176858901977539
468,2020-09-01 00:57:48.413582,4.7397673503179,5.375422954559326,4.176858901977539
469,2020-09-01 00:57:49.290073,4.7397673503179,5.375422954559326,4.176858901977539
470,2020-09-01 00:57:50.228181,4.7397673503179,5.375422954559326,4.247470378875732
471,2020-09-01 00:57:51.113431,4.77121290491071,5.359236717224121,4.247470378875732
472,2020-09-01 00:57:52.040932,4.77121290491071,5.359236717224121,4.247470378875732
473,2020-09-01 00:57:52.921712,4.77121290491071,5.359236717224121,4.318037509918213
474,2020-09-01 00:57:53.784617,4.80259010060337,5.343050956726074,4.318037509918213
475,2020-09-01 00:57:54.686418,4.80259010060337,5.343050956726074,4.318037509918213
476,2020-09-01 00:57:55.678415,4.80259010060337,5.343050956726074,4.318037509918213
477,2020-09-01 00:57:56.487437,4.80259010060337,5.343050956726074,4.318037509918213
478,2020-09-01 00:57:57.302195,4.80259010060337,5.343050956726074,4.318037509918213
479,2020-09-01 00:57:58.252767,4.80259010060337,5.343050956726074,4.318037509918213
480,2020-09-01 00:57:59.179030,4.80259010060337,5.343050956726074,4.318037509918213
481,2020-09-01 00:58:00.069017,4.80259010060337,5.343050956726074,4.318037509918213
482,2020-09-01 00:58:00.979081,4.80259010060337,5.343050956726074,4.318037509918213
483,2020-09-01 00:58:01.971379,4.80259010060337,5.343050956726074,4.318037509918213
484,2020-09-01 00:58:02.963426,4.80259010060337,5.343050956726074,4.318037509918213
485,2020-09-01 00:58:03.861777,4.80259010060337,5.343050956726074,4.318037509918213
486,2020-09-01 00:58:04.665468,4.80259010060337,5.343050956726074,4.318037509918213
487,2020-09-01 00:58:05.566312,4.80259010060337,5.343050956726074,4.318037509918213
488,2020-09-01 00:58:06.497513,4.80259010060337,5.343050956726074,4.318037509918213
489,2020-09-01 00:58:07.410660,4.80259010060337,5.343050956726074,4.318037509918213
490,2020-09-01 00:58:08.284404,4.80259010060337,5.343050956726074,4.318037509918213
491,2020-09-01 00:58:09.173477,4.80259010060337,5.343050956726074,4.318037509918213
492,2020-09-01 00:58:10.036855,4.80259010060337,5.343050956726074,4.318037509918213
493,2020-09-01 00:58:10.931290,4.80259010060337,5.343050956726074,4.318037509918213
494,2020-09-01 00:58:11.918076,4.80259010060337,5.343050956726074,4.318037509918213
495,2020-09-01 00:58:12.781922,4.80259010060337,5.343050956726074,4.318037509918213
496,2020-09-01 00:58:13.658488,4.80259010060337,5.343050956726074,4.318037509918213
497,2020-09-01 00:58:14.510228,4.80259010060337,5.343050956726074,4.318037509918213
498,2020-09-01 00:58:15.423173,4.80259010060337,5.343050956726074,4.318037509918213
499,2020-09-01 00:58:16.327948,4.80259010060337,5.343050956726074,4.318037509918213
500,2020-09-01 00:58:17.166817,4.80259010060337,5.343050956726074,4.318037509918213
501,2020-09-01 00:58:18.111966,4.80259010060337,5.343050956726074,4.318037509918213
502,2020-09-01 00:58:19.099531,4.80259010060337,5.343050956726074,4.318037509918213
503,2020-09-01 00:58:20.020585,4.80259010060337,5.343050956726074,4.318037509918213
504,2020-09-01 00:58:20.966582,4.80259010060337,5.343050956726074,4.318037509918213
505,2020-09-01 00:58:21.830311,4.80259010060337,5.343050956726074,4.318037509918213
506,2020-09-01 00:58:22.659205,4.80259010060337,5.343050956726074,4.318037509918213
507,2020-09-01 00:58:23.511246,4.80259010060337,5.343050956726074,4.318037509918213
508,2020-09-01 00:58:24.420164,4.80259010060337,5.343050956726074,4.318037509918213
509,2020-09-01 00:58:25.360933,4.80259010060337,5.343050956726074,4.318037509918213
510,2020-09-01 00:58:26.234748,4.80259010060337,5.343050956726074,4.318037509918213
511,2020-09-01 00:58:27.167234,4.80259010060337,5.343050956726074,4.318037509918213
512,2020-09-01 00:58:28.105604,4.80259010060337,5.343050956726074,4.318037509918213
513,2020-09-01 00:58:29.046867,4.80259010060337,5.343050956726074,4.318037509918213
514,2020-09-01 00:58:29.977917,4.80259010060337,5.343050956726074,4.318037509918213
515,2020-09-01 00:58:30.850793,4.80259010060337,5.343050956726074,4.318037509918213
516,2020-09-01 00:58:31.804552,4.80259010060337,5.343050956726074,4.318037509918213
517,2020-09-01 00:58:32.747560,4.80259010060337,5.343050956726074,4.318037509918213
518,2020-09-01 00:58:33.705477,4.80259010060337,5.343050956726074,4.368256568908691
519,2020-09-01 00:58:34.735488,4.82337564166689,5.331504821777344,4.368256568908691
520,2020-09-01 00:58:35.535043,4.82337564166689,5.331504821777344,4.368256568908691
521,2020-09-01 00:58:36.386992,4.82337564166689,5.331504821777344,4.368256568908691
522,2020-09-01 00:58:37.274556,4.83220121134511,5.326864719390869,4.388455867767334
523,2020-09-01 00:58:38.180234,4.83220121134511,5.326864719390869,4.388455867767334
524,2020-09-01 00:58:39.066031,4.83220121134511,5.326864719390869,4.388455867767334
525,2020-09-01 00:58:39.964361,4.86296729280593,5.310678958892822,4.4589056968688965
526,2020-09-01 00:58:40.939093,4.86296729280593,5.310678958892822,4.4589056968688965
527,2020-09-01 00:58:41.872638,4.86296729280593,5.310678958892822,4.4589056968688965
528,2020-09-01 00:58:42.708841,4.89366093469678,5.294492721557617,4.52931022644043
529,2020-09-01 00:58:43.684308,4.89366093469678,5.294492721557617,4.52931022644043
530,2020-09-01 00:58:44.603259,4.89366093469678,5.294492721557617,4.52931022644043
531,2020-09-01 00:58:45.481590,4.92428250124388,5.294492721557617,4.599669933319092
532,2020-09-01 00:58:46.371642,4.92428250124388,5.27830696105957,4.599669933319092
533,2020-09-01 00:58:47.287137,4.92428250124388,5.27830696105957,4.599669933319092
534,2020-09-01 00:58:48.205265,4.95483235518908,5.27830696105957,4.669984340667725
535,2020-09-01 00:58:49.096406,4.95483235518908,5.262120723724365,4.669984340667725
536,2020-09-01 00:58:49.934269,4.95483235518908,5.262120723724365,4.669984340667725
537,2020-09-01 00:58:50.955621,4.95483235518908,5.262120723724365,4.603513717651367
538,2020-09-01 00:58:51.879312,5.01505893474585,5.24593448638916,4.603513717651367
539,2020-09-01 00:58:52.779234,5.01505893474585,5.24593448638916,4.603513717651367
540,2020-09-01 00:58:53.506309,5.01505893474585,5.24593448638916,4.53704309463501
541,2020-09-01 00:58:54.386753,5.07511808853215,5.229748725891113,4.53704309463501
542,2020-09-01 00:58:55.325655,5.07511808853215,5.229748725891113,4.53704309463501
543,2020-09-01 00:58:56.191560,5.07511808853215,5.229748725891113,4.46705436706543
544,2020-09-01 00:58:57.055656,5.13502787085639,5.213141441345215,4.46705436706543
545,2020-09-01 00:58:57.999802,5.13502787085639,5.213141441345215,4.46705436706543
546,2020-09-01 00:58:58.938318,5.13502787085639,5.213141441345215,4.397065162658691
547,2020-09-01 00:58:59.771540,5.19477141579803,5.196534156799316,4.397065162658691
548,2020-09-01 00:59:00.694908,5.19477141579803,5.196534156799316,4.397065162658691
549,2020-09-01 00:59:01.544635,5.19477141579803,5.196534156799316,4.397065162658691
550,2020-09-01 00:59:02.366025,5.25434926883335,5.179926872253418,4.327076435089111
551,2020-09-01 00:59:03.290909,5.25434926883335,5.179926872253418,4.327076435089111
552,2020-09-01 00:59:04.195348,5.25434926883335,5.179926872253418,4.327076435089111
553,2020-09-01 00:59:05.096484,5.31376197433015,5.1633195877075195,4.257087707519531
554,2020-09-01 00:59:06.029879,5.31376197433015,5.1633195877075195,4.257087707519531
555,2020-09-01 00:59:06.962516,5.31376197433015,5.1633195877075195,4.187098503112793
556,2020-09-01 00:59:07.936918,5.37301007547769,5.146712303161621,4.187098503112793
557,2020-09-01 00:59:08.815937,5.37301007547769,5.146712303161621,4.187098503112793
558,2020-09-01 00:59:09.674803,5.37301007547769,5.146712303161621,4.187098503112793
559,2020-09-01 00:59:10.586842,5.43209411416903,5.130105018615723,4.117109775543213
560,2020-09-01 00:59:11.486693,5.43209411416903,5.130105018615723,4.117109775543213
561,2020-09-01 00:59:12.378077,5.43209411416903,5.130105018615723,4.117109775543213
562,2020-09-01 00:59:13.279976,5.49101463075192,5.113497734069824,4.047120571136475
563,2020-09-01 00:59:14.158251,5.49101463075192,5.113497734069824,4.047120571136475
564,2020-09-01 00:59:15.030729,5.49101463075192,5.113497734069824,4.047120571136475
565,2020-09-01 00:59:15.918245,5.54977216458576,5.096889972686768,3.9771316051483154
566,2020-09-01 00:59:16.821520,5.54977216458576,5.096889972686768,3.9771316051483154
567,2020-09-01 00:59:17.695849,5.54977216458576,5.096889972686768,3.9771316051483154
568,2020-09-01 00:59:18.649251,5.60836726773631,5.080282688140869,3.9071426391601562
569,2020-09-01 00:59:19.566557,5.60836726773631,5.080282688140869,3.9071426391601562
570,2020-09-01 00:59:20.398045,5.60836726773631,5.080282688140869,3.9071426391601562
571,2020-09-01 00:59:21.328146,5.60836726773631,5.080282688140869,3.837153673171997
572,2020-09-01 00:59:22.162846,5.66680049374366,5.063675403594971,3.837153673171997
573,2020-09-01 00:59:23.038160,5.66680049374366,5.063675403594971,3.837153673171997
574,2020-09-01 00:59:23.915144,5.66680049374366,5.063675403594971,3.837153673171997
575,2020-09-01 00:59:24.805857,5.66680049374366,5.047068119049072,3.767164707183838
576,2020-09-01 00:59:25.749975,5.66680049374366,5.047068119049072,3.767164707183838
577,2020-09-01 00:59:26.643452,5.66680049374366,5.047068119049072,3.767164707183838
578,2020-09-01 00:59:27.527090,5.66680049374366,5.030460834503174,3.6971757411956787
579,2020-09-01 00:59:28.352717,5.66680049374366,5.030460834503174,3.6971757411956787
580,2020-09-01 00:59:29.309705,5.66680049374366,5.030460834503174,3.6971757411956787
581,2020-09-01 00:59:30.159168,5.66680049374366,5.030460834503174,3.612830638885498
582,2020-09-01 00:59:30.985621,5.66680049374366,5.009258270263672,3.612830638885498
583,2020-09-01 00:59:31.857573,5.66680049374366,5.009258270263672,3.612830638885498
584,2020-09-01 00:59:32.731101,5.66680049374366,5.009258270263672,3.5284860134124756
585,2020-09-01 00:59:33.594564,5.66680049374366,4.98805570602417,3.5284860134124756
586,2020-09-01 00:59:34.441161,5.66680049374366,4.98805570602417,3.5284860134124756
587,2020-09-01 00:59:35.372513,5.66680049374366,4.98805570602417,3.4441425800323486
588,2020-09-01 00:59:36.261662,5.66680049374366,4.966853141784668,3.4441425800323486
589,2020-09-01 00:59:37.232411,5.66680049374366,4.966853141784668,3.4441425800323486
590,2020-09-01 00:59:38.214982,5.66680049374366,4.945650577545166,3.359799861907959
591,2020-09-01 00:59:39.146155,5.66680049374366,4.945650577545166,3.359799861907959
592,2020-09-01 00:59:39.997006,5.66680049374366,4.945650577545166,3.359799861907959
593,2020-09-01 00:59:40.917970,5.66680049374366,4.924448013305664,3.2754578590393066
594,2020-09-01 00:59:41.827132,5.66680049374366,4.924448013305664,3.2754578590393066
595,2020-09-01 00:59:42.694406,5.66680049374366,4.924448013305664,3.2754578590393066
596,2020-09-01 00:59:43.582552,5.66680049374366,4.903245449066162,3.1911168098449707
597,2020-09-01 00:59:44.464001,5.66680049374366,4.903245449066162,3.1911168098449707
598,2020-09-01 00:59:45.425751,5.66680049374366,4.903245449066162,3.1911168098449707
599,2020-09-01 00:59:46.282654,5.66680049374366,4.88204288482666,3.106776714324951
600,2020-09-01 00:59:47.119293,5.66680049374366,4.88204288482666,3.106776714324951
601,2020-09-01 00:59:48.029931,5.66680049374366,4.88204288482666,3.106776714324951
602,2020-09-01 00:59:48.859154,5.66680049374366,4.860840320587158,3.022437334060669
603,2020-09-01 00:59:49.660456,5.66680049374366,4.860840320587158,3.022437334060669
604,2020-09-01 00:59:50.431569,5.66680049374366,4.860840320587158,3.022437334060669
605,2020-09-01 00:59:51.370999,5.66680049374366,4.860840320587158,3.022437334060669
606,2020-09-01 00:59:52.270271,5.66680049374366,4.839637756347656,2.938098907470703
607,2020-09-01 00:59:53.181890,5.66680049374366,4.839637756347656,2.938098907470703
608,2020-09-01 00:59:54.098325,5.66680049374366,4.839637756347656,2.8537614345550537
609,2020-09-01 00:59:55.012984,5.66680049374366,4.818435192108154,2.8537614345550537
610,2020-09-01 00:59:55.959464,5.66680049374366,4.818435192108154,2.8537614345550537
611,2020-09-01 00:59:56.820898,5.66680049374366,4.818435192108154,2.7694246768951416
612,2020-09-01 00:59:57.703767,5.66680049374366,4.797232627868652,2.7694246768951416
613,2020-09-01 00:59:58.609731,5.66680049374366,4.797232627868652,2.7694246768951416
614,2020-09-01 00:59:59.511217,5.62330782332315,4.797232627868652,2.823688507080078
615,2020-09-01 01:00:00.379472,5.62330782332315,4.77603006362915,2.823688507080078
616,2020-09-01 01:00:01.317700,5.62330782332315,4.77603006362915,2.823688507080078
617,2020-09-01 01:00:02.202566,5.62330782332315,4.77603006362915,2.8677210807800293
618,2020-09-01 01:00:03.055072,5.57951823009091,4.752686977386475,2.8677210807800293
619,2020-09-01 01:00:03.979809,5.57951823009091,4.752686977386475,2.8677210807800293
620,2020-09-01 01:00:04.813528,5.57951823009091,4.752686977386475,2.8677210807800293
621,2020-09-01 01:00:05.839682,5.53575651669301,4.729343414306641,2.9116647243499756
622,2020-09-01 01:00:06.727335,5.53575651669301,4.729343414306641,2.9116647243499756
623,2020-09-01 01:00:07.634444,5.53575651669301,4.729343414306641,2.9116647243499756
624,2020-09-01 01:00:08.585635,5.49202267221284,4.706000328063965,2.955519676208496
625,2020-09-01 01:00:09.485522,5.49202267221284,4.706000328063965,2.955519676208496
626,2020-09-01 01:00:10.350418,5.49202267221284,4.706000328063965,2.9992856979370117
627,2020-09-01 01:00:11.318423,5.44831668571121,4.682657241821289,2.9992856979370117
628,2020-09-01 01:00:12.258623,5.44831668571121,4.682657241821289,2.9992856979370117
629,2020-09-01 01:00:13.177293,5.44831668571121,4.682657241821289,2.9992856979370117
630,2020-09-01 01:00:14.071914,5.40463854622637,4.659313678741455,3.0429630279541016
631,2020-09-01 01:00:14.998331,5.40463854622637,4.659313678741455,3.0429630279541016
632,2020-09-01 01:00:15.804494,5.40463854622637,4.659313678741455,3.0429630279541016
633,2020-09-01 01:00:16.664289,5.36098824277397,4.635970592498779,3.0865516662597656
634,2020-09-01 01:00:17.616001,5.36098824277397,4.635970592498779,3.0865516662597656
635,2020-09-01 01:00:18.457379,5.36098824277397,4.635970592498779,3.0865516662597656
636,2020-09-01 01:00:19.402135,5.36098824277397,4.635970592498779,3.130051612854004
637,2020-09-01 01:00:20.371351,5.317365764347,4.612627029418945,3.130051612854004
638,2020-09-01 01:00:21.329327,5.317365764347,4.612627029418945,3.130051612854004
639,2020-09-01 01:00:22.199660,5.317365764347,4.612627029418945,3.1734628677368164
640,2020-09-01 01:00:23.146171,5.27377109991579,4.5892839431762695,3.1734628677368164
641,2020-09-01 01:00:24.082226,5.27377109991579,4.5892839431762695,3.1734628677368164
642,2020-09-01 01:00:24.902415,5.27377109991579,4.5892839431762695,3.2167856693267822
643,2020-09-01 01:00:25.698595,5.23020423842797,4.5659403800964355,3.2167856693267822
644,2020-09-01 01:00:26.609305,5.23020423842797,4.5659403800964355,3.2167856693267822
645,2020-09-01 01:00:27.502877,5.23020423842797,4.5659403800964355,3.2167856693267822
646,2020-09-01 01:00:28.444770,5.18666516880847,4.54259729385376,3.2600197792053223
647,2020-09-01 01:00:29.336179,5.18666516880847,4.54259729385376,3.2600197792053223
648,2020-09-01 01:00:30.275872,5.18666516880847,4.54259729385376,3.2600197792053223
649,2020-09-01 01:00:31.191717,5.18666516880847,4.54259729385376,3.3031651973724365
650,2020-09-01 01:00:32.052957,5.14315387995944,4.519253730773926,3.3031651973724365
651,2020-09-01 01:00:32.891723,5.14315387995944,4.519253730773926,3.3031651973724365
652,2020-09-01 01:00:33.710262,5.14315387995944,4.519253730773926,3.346222400665283
653,2020-09-01 01:00:34.514966,5.09967036076026,4.49591064453125,3.346222400665283
654,2020-09-01 01:00:35.407567,5.09967036076026,4.49591064453125,3.346222400665283
655,2020-09-01 01:00:36.342530,5.09967036076026,4.49591064453125,3.346222400665283
656,2020-09-01 01:00:37.178916,5.05524115683322,4.463811874389648,3.348497152328491
657,2020-09-01 01:00:38.070085,5.05524115683322,4.463811874389648,3.348497152328491
658,2020-09-01 01:00:38.924535,5.05524115683322,4.463811874389648,3.348497152328491
659,2020-09-01 01:00:39.910235,5.01082726543197,4.431713104248047,3.3507230281829834
660,2020-09-01 01:00:40.822327,5.01082726543197,4.431713104248047,3.3507230281829834
661,2020-09-01 01:00:41.718981,5.01082726543197,4.431713104248047,3.3507230281829834
662,2020-09-01 01:00:42.692389,4.96642867388749,4.399614334106445,3.352900266647339
663,2020-09-01 01:00:43.579937,4.96642867388749,4.399614334106445,3.352900266647339
664,2020-09-01 01:00:44.452772,4.96642867388749,4.399614334106445,3.352900266647339
665,2020-09-01 01:00:45.322172,4.92204536952691,4.367515563964844,3.3550286293029785
666,2020-09-01 01:00:46.225149,4.92204536952691,4.367515563964844,3.3550286293029785
667,2020-09-01 01:00:47.154084,4.92204536952691,4.367515563964844,3.3550286293029785
668,2020-09-01 01:00:48.154507,4.87767733967354,4.335416793823242,3.3571083545684814
669,2020-09-01 01:00:49.056412,4.87767733967354,4.335416793823242,3.3571083545684814
670,2020-09-01 01:00:49.933235,4.87767733967354,4.335416793823242,3.3571083545684814
671,2020-09-01 01:00:50.896610,4.87767733967354,4.335416793823242,3.3591394424438477
672,2020-09-01 01:00:51.781146,4.83332457164688,4.303318023681641,3.3591394424438477
673,2020-09-01 01:00:52.692133,4.83332457164688,4.303318023681641,3.3591394424438477
674,2020-09-01 01:00:53.616362,4.83332457164688,4.303318023681641,3.3591394424438477
675,2020-09-01 01:00:54.525997,4.78898705276268,4.271219253540039,3.3611221313476562
676,2020-09-01 01:00:55.478516,4.78898705276268,4.271219253540039,3.3611221313476562
677,2020-09-01 01:00:56.381643,4.74466477033292,4.239120960235596,3.363055944442749
678,2020-09-01 01:00:57.336299,4.74466477033292,4.239120960235596,3.363055944442749
679,2020-09-01 01:00:58.212130,4.74466477033292,4.239120960235596,3.363055944442749
680,2020-09-01 01:00:59.122327,4.7003577116659,4.239120960235596,3.364941358566284
681,2020-09-01 01:00:59.976189,4.7003577116659,4.207022190093994,3.364941358566284
682,2020-09-01 01:01:00.836556,4.7003577116659,4.207022190093994,3.364941358566284
683,2020-09-01 01:01:01.659239,4.7003577116659,4.207022190093994,3.364941358566284
684,2020-09-01 01:01:02.558937,4.65606586406625,4.174923419952393,3.3667783737182617
685,2020-09-01 01:01:03.440164,4.65606586406625,4.174923419952393,3.3667783737182617
686,2020-09-01 01:01:04.440481,4.65606586406625,4.174923419952393,3.3667783737182617
687,2020-09-01 01:01:05.353581,4.61178921483493,4.142824649810791,3.3685669898986816
688,2020-09-01 01:01:06.233084,4.61178921483493,4.142824649810791,3.3685669898986816
689,2020-09-01 01:01:07.186039,4.5675277512693,4.142824649810791,3.370307207107544
690,2020-09-01 01:01:08.059136,4.5675277512693,4.1107258796691895,3.370307207107544
691,2020-09-01 01:01:09.022372,4.5675277512693,4.1107258796691895,3.370307207107544
692,2020-09-01 01:01:10.047516,4.55456340782641,4.1107258796691895,3.3716416358947754
693,2020-09-01 01:01:10.898636,4.55456340782641,4.099888801574707,3.3716416358947754
694,2020-09-01 01:01:11.765861,4.55456340782641,4.099888801574707,3.3716416358947754
695,2020-09-01 01:01:12.712716,4.55456340782641,4.099888801574707,3.3748459815979004
696,2020-09-01 01:01:13.653938,4.52333445197569,4.0737810134887695,3.3748459815979004
697,2020-09-01 01:01:14.541374,4.52333445197569,4.0737810134887695,3.3748459815979004
698,2020-09-01 01:01:15.320822,4.52333445197569,4.0737810134887695,3.3748459815979004
699,2020-09-01 01:01:16.174284,4.52333445197569,4.0737810134887695,3.3748459815979004
700,2020-09-01 01:01:17.040089,4.52333445197569,4.0737810134887695,3.3748459815979004
701,2020-09-01 01:01:17.968151,4.52333445197569,4.0737810134887695,3.3748459815979004
702,2020-09-01 01:01:18.920832,4.52333445197569,4.0737810134887695,3.3748459815979004
703,2020-09-01 01:01:19.916670,4.52333445197569,4.0737810134887695,3.3748459815979004
704,2020-09-01 01:01:20.833014,4.52333445197569,4.0737810134887695,3.3748459815979004
705,2020-09-01 01:01:21.631779,4.52333445197569,4.0737810134887695,3.3748459815979004
706,2020-09-01 01:01:22.468282,4.52333445197569,4.0737810134887695,3.3748459815979004
707,2020-09-01 01:01:23.324334,4.52333445197569,4.0737810134887695,3.3793444633483887
708,2020-09-01 01:01:24.252209,4.4791538708845,4.03683614730835,3.3793444633483887
709,2020-09-01 01:01:25.139749,4.4791538708845,4.03683614730835,3.3793444633483887
710,2020-09-01 01:01:26.130711,4.43498932571062,3.999891519546509,3.38379168510437
711,2020-09-01 01:01:26.908328,4.43498932571062,3.999891519546509,3.38379168510437
712,2020-09-01 01:01:27.750824,4.43498932571062,3.999891519546509,3.38379168510437
713,2020-09-01 01:01:28.636915,4.39084080349376,3.999891519546509,3.388187885284424
714,2020-09-01 01:01:29.458087,4.39084080349376,3.962946653366089,3.388187885284424
715,2020-09-01 01:01:30.438829,4.39084080349376,3.962946653366089,3.388187885284424
716,2020-09-01 01:01:31.309770,4.39084080349376,3.962946653366089,3.392533302307129
717,2020-09-01 01:01:32.262864,4.34670829126844,3.926001787185669,3.392533302307129
718,2020-09-01 01:01:33.165480,4.34670829126844,3.926001787185669,3.392533302307129
719,2020-09-01 01:01:34.057939,4.34670829126844,3.926001787185669,3.392533302307129
720,2020-09-01 01:01:34.956261,4.30259177606396,3.889057159423828,3.396827459335327
721,2020-09-01 01:01:35.886497,4.30259177606396,3.889057159423828,3.396827459335327
722,2020-09-01 01:01:36.748464,4.30259177606396,3.889057159423828,3.396827459335327
723,2020-09-01 01:01:37.705118,4.25849124490449,3.852112293243408,3.4010705947875977
724,2020-09-01 01:01:38.552878,4.25849124490449,3.852112293243408,3.4010705947875977
725,2020-09-01 01:01:39.454532,4.25849124490449,3.852112293243408,3.4010705947875977
726,2020-09-01 01:01:40.278023,4.21440668480901,3.8151674270629883,3.4052631855010986
727,2020-09-01 01:01:41.161762,4.21440668480901,3.8151674270629883,3.4052631855010986
728,2020-09-01 01:01:42.086294,4.21440668480901,3.8151674270629883,3.4052631855010986
729,2020-09-01 01:01:43.002552,4.21440668480901,3.8151674270629883,3.4094045162200928
730,2020-09-01 01:01:43.931067,4.17033808279136,3.7782225608825684,3.4094045162200928
731,2020-09-01 01:01:44.730267,4.17033808279136,3.7782225608825684,3.4094045162200928
732,2020-09-01 01:01:45.597928,4.17033808279136,3.7782225608825684,3.4134953022003174
733,2020-09-01 01:01:46.444812,4.1262854258603,3.7412779331207275,3.4134953022003174
734,2020-09-01 01:01:47.364638,4.1262854258603,3.7412779331207275,3.4134953022003174
735,2020-09-01 01:01:48.272607,4.1262854258603,3.7412779331207275,3.4134953022003174
736,2020-09-01 01:01:49.189015,4.08224870101951,3.7043330669403076,3.4175353050231934
737,2020-09-01 01:01:50.056858,4.08224870101951,3.7043330669403076,3.4175353050231934
738,2020-09-01 01:01:50.933403,4.08224870101951,3.7043330669403076,3.4175353050231934
739,2020-09-01 01:01:51.854638,4.08224870101951,3.7043330669403076,3.4175353050231934
740,2020-09-01 01:01:52.793546,4.03822789526755,3.6673882007598877,3.4215245246887207
741,2020-09-01 01:01:53.659975,4.03822789526755,3.6673882007598877,3.4215245246887207
742,2020-09-01 01:01:54.453085,4.03822789526755,3.6673882007598877,3.4238808155059814
743,2020-09-01 01:01:55.356730,3.99419540207535,3.6276841163635254,3.4238808155059814
744,2020-09-01 01:01:56.167860,3.99419540207535,3.6276841163635254,3.4238808155059814
745,2020-09-01 01:01:57.017697,3.99419540207535,3.6276841163635254,3.4238808155059814
746,2020-09-01 01:01:57.904958,3.99419540207535,3.6276841163635254,3.4261879920959473
747,2020-09-01 01:01:58.746154,3.9501783069088,3.587979793548584,3.4261879920959473
748,2020-09-01 01:01:59.567864,3.9501783069088,3.587979793548584,3.4261879920959473
749,2020-09-01 01:02:00.508948,3.9501783069088,3.587979793548584,3.4261879920959473
750,2020-09-01 01:02:01.397849,3.90617659688581,3.5482754707336426,3.4284462928771973
751,2020-09-01 01:02:02.381737,3.90617659688581,3.5482754707336426,3.4284462928771973
752,2020-09-01 01:02:03.245632,3.90617659688581,3.5482754707336426,3.4284462928771973
753,2020-09-01 01:02:04.136331,3.86219025912028,3.5085713863372803,3.4306554794311523
754,2020-09-01 01:02:04.986110,3.86219025912028,3.5085713863372803,3.4306554794311523
755,2020-09-01 01:02:05.805171,3.86219025912028,3.5085713863372803,3.4306554794311523
756,2020-09-01 01:02:06.711129,3.81821928072209,3.468867063522339,3.4328157901763916
757,2020-09-01 01:02:07.630079,3.81821928072209,3.468867063522339,3.4328157901763916
758,2020-09-01 01:02:08.496271,3.81821928072209,3.468867063522339,3.4328157901763916
759,2020-09-01 01:02:09.415645,3.77426364879713,3.4291627407073975,3.434926986694336
760,2020-09-01 01:02:10.232860,3.77426364879713,3.4291627407073975,3.434926986694336
761,2020-09-01 01:02:11.116726,3.77426364879713,3.4291627407073975,3.434926986694336
762,2020-09-01 01:02:12.084549,3.73032335044739,3.389458656311035,3.4369895458221436
763,2020-09-01 01:02:12.878381,3.73032335044739,3.389458656311035,3.4369895458221436
764,2020-09-01 01:02:13.789700,3.73032335044739,3.389458656311035,3.4369895458221436
765,2020-09-01 01:02:14.628065,3.73032335044739,3.389458656311035,3.4369895458221436
766,2020-09-01 01:02:15.502080,3.68639837277094,3.3497543334960938,3.4390032291412354
767,2020-09-01 01:02:16.321817,3.68639837277094,3.3497543334960938,3.4390032291412354
768,2020-09-01 01:02:17.265233,3.68639837277094,3.3497543334960938,3.4390032291412354
769,2020-09-01 01:02:18.139719,3.64248870286195,3.3100500106811523,3.4409680366516113
770,2020-09-01 01:02:19.065187,3.64248870286195,3.3100500106811523,3.4409680366516113
771,2020-09-01 01:02:19.938382,3.64248870286195,3.3100500106811523,3.4409680366516113
772,2020-09-01 01:02:20.808278,3.59859432781076,3.27034592628479,3.4428842067718506
773,2020-09-01 01:02:21.649336,3.59859432781076,3.27034592628479,3.4428842067718506
774,2020-09-01 01:02:22.507897,3.59859432781076,3.27034592628479,3.4428842067718506
775,2020-09-01 01:02:23.348610,3.59859432781076,3.27034592628479,3.444751739501953
776,2020-09-01 01:02:24.277654,3.55471523470388,3.2306416034698486,3.444751739501953
777,2020-09-01 01:02:25.162915,3.55471523470388,3.2306416034698486,3.444751739501953
778,2020-09-01 01:02:25.985568,3.55471523470388,3.2306416034698486,3.444751739501953
779,2020-09-01 01:02:26.865694,3.51085141062403,3.1909372806549072,3.44657039642334
780,2020-09-01 01:02:27.757048,3.51085141062403,3.1909372806549072,3.44657039642334
781,2020-09-01 01:02:28.649356,3.51085141062403,3.1909372806549072,3.454024076461792
782,2020-09-01 01:02:29.502204,3.46710522403819,3.154829740524292,3.454024076461792
783,2020-09-01 01:02:30.352434,3.46710522403819,3.154829740524292,3.454024076461792
784,2020-09-01 01:02:31.162052,3.46710522403819,3.154829740524292,3.454024076461792
785,2020-09-01 01:02:32.091216,3.42337606715535,3.154829740524292,3.461423397064209
786,2020-09-01 01:02:32.948475,3.42337606715535,3.118722438812256,3.461423397064209
787,2020-09-01 01:02:33.938690,3.42337606715535,3.118722438812256,3.461423397064209
788,2020-09-01 01:02:34.834880,3.42337606715535,3.118722438812256,3.461423397064209
789,2020-09-01 01:02:35.788113,3.37966392662086,3.0826148986816406,3.468768358230591
790,2020-09-01 01:02:36.629908,3.37966392662086,3.0826148986816406,3.468768358230591
791,2020-09-01 01:02:37.545779,3.37966392662086,3.0826148986816406,3.4760594367980957
792,2020-09-01 01:02:38.436377,3.33596878907314,3.0465073585510254,3.4760594367980957
793,2020-09-01 01:02:39.338445,3.33596878907314,3.0465073585510254,3.4760594367980957
794,2020-09-01 01:02:40.305100,3.29229064114355,3.0465073585510254,3.4832961559295654
795,2020-09-01 01:02:41.158490,3.29229064114355,3.01039981842041,3.4832961559295654
796,2020-09-01 01:02:42.012678,3.29229064114355,3.01039981842041,3.4832961559295654
797,2020-09-01 01:02:42.898330,3.29229064114355,3.01039981842041,3.490478754043579
798,2020-09-01 01:02:43.839476,3.24862946945655,2.974292516708374,3.490478754043579
799,2020-09-01 01:02:44.662597,3.24862946945655,2.974292516708374,3.490478754043579
800,2020-09-01 01:02:45.671317,3.24862946945655,2.974292516708374,3.497607469558716
801,2020-09-01 01:02:46.546099,3.2049852606296,2.938184976577759,3.497607469558716
802,2020-09-01 01:02:47.428263,3.2049852606296,2.938184976577759,3.497607469558716
803,2020-09-01 01:02:48.321968,3.2049852606296,2.938184976577759,3.497607469558716
804,2020-09-01 01:02:49.185707,3.16135800127327,2.9020774364471436,3.5046820640563965
805,2020-09-01 01:02:50.123219,3.16135800127327,2.9020774364471436,3.5046820640563965
806,2020-09-01 01:02:50.910353,3.16135800127327,2.9020774364471436,3.5046820640563965
807,2020-09-01 01:02:51.739338,3.08821713621455,2.9361088275909424,3.5082297325134277
808,2020-09-01 01:02:52.701700,3.08821713621455,2.9361088275909424,3.5082297325134277
809,2020-09-01 01:02:53.650733,3.08821713621455,2.9361088275909424,3.5116987228393555
810,2020-09-01 01:02:54.511696,3.01513487349482,2.970062494277954,3.5116987228393555
811,2020-09-01 01:02:55.432720,3.01513487349482,2.970062494277954,3.5116987228393555
812,2020-09-01 01:02:56.362561,3.01513487349482,2.970062494277954,3.5116987228393555
813,2020-09-01 01:02:57.248163,2.94211119410561,3.003938913345337,3.5150885581970215
814,2020-09-01 01:02:58.177928,2.94211119410561,3.003938913345337,3.5150885581970215
815,2020-09-01 01:02:59.122713,2.94211119410561,3.003938913345337,3.5150885581970215
816,2020-09-01 01:03:00.074045,2.86914607902511,3.0377376079559326,3.518399953842163
817,2020-09-01 01:03:01.005460,2.86914607902511,3.0377376079559326,3.518399953842163
818,2020-09-01 01:03:01.864458,2.86914607902511,3.0377376079559326,3.518399953842163
819,2020-09-01 01:03:02.768414,2.7967447217419,3.074500322341919,3.522780179977417
820,2020-09-01 01:03:03.680735,2.7967447217419,3.074500322341919,3.522780179977417
821,2020-09-01 01:03:04.561125,2.7967447217419,3.074500322341919,3.522780179977417
822,2020-09-01 01:03:05.496910,2.72440267613601,3.1111843585968018,3.527081251144409
823,2020-09-01 01:03:06.321758,2.72440267613601,3.1111843585968018,3.527081251144409
824,2020-09-01 01:03:07.266361,2.72440267613601,3.1111843585968018,3.527081251144409
825,2020-09-01 01:03:08.135010,2.65211992374769,3.147789239883423,3.5313031673431396
826,2020-09-01 01:03:09.025973,2.65211992374769,3.147789239883423,3.5313031673431396
827,2020-09-01 01:03:09.771093,2.65211992374769,3.147789239883423,3.5313031673431396
828,2020-09-01 01:03:10.717727,2.65211992374769,3.147789239883423,3.5354461669921875
829,2020-09-01 01:03:11.706337,2.57989644610517,3.1843152046203613,3.5354461669921875
830,2020-09-01 01:03:12.552519,2.57989644610517,3.1843152046203613,3.5354461669921875
831,2020-09-01 01:03:13.530472,2.57989644610517,3.1843152046203613,3.5395102500915527
832,2020-09-01 01:03:14.435062,2.50773222472472,3.220762014389038,3.5395102500915527
833,2020-09-01 01:03:15.330645,2.50773222472472,3.220762014389038,3.5395102500915527
834,2020-09-01 01:03:16.320472,2.50773222472472,3.220762014389038,3.5434954166412354
835,2020-09-01 01:03:17.226134,2.43562724111088,3.2571299076080322,3.5434954166412354
836,2020-09-01 01:03:18.229953,2.43562724111088,3.2571299076080322,3.5434954166412354
837,2020-09-01 01:03:19.121425,2.43562724111088,3.2571299076080322,3.5474016666412354
838,2020-09-01 01:03:20.041926,2.36358147675656,3.2934188842773438,3.5474016666412354
839,2020-09-01 01:03:20.969626,2.36358147675656,3.2934188842773438,3.5474016666412354
840,2020-09-01 01:03:21.910190,2.29159491314321,3.3296287059783936,3.551229476928711
841,2020-09-01 01:03:22.832923,2.29159491314321,3.3296287059783936,3.551229476928711
842,2020-09-01 01:03:23.699779,2.29159491314321,3.3296287059783936,3.551229476928711
843,2020-09-01 01:03:24.519730,2.21966753174097,3.3657593727111816,3.554978609085083
844,2020-09-01 01:03:25.333296,2.21966753174097,3.3657593727111816,3.554978609085083
845,2020-09-01 01:03:26.251743,2.21966753174097,3.3657593727111816,3.554978609085083
846,2020-09-01 01:03:27.120266,2.14779931400881,3.401811122894287,3.5586490631103516
847,2020-09-01 01:03:27.989585,2.14779931400881,3.401811122894287,3.5586490631103516
848,2020-09-01 01:03:28.910593,2.14779931400881,3.401811122894287,3.5586490631103516
849,2020-09-01 01:03:29.715477,2.14779931400881,3.401811122894287,3.5622410774230957
850,2020-09-01 01:03:30.632170,2.07599024139471,3.437783718109131,3.5622410774230957
851,2020-09-01 01:03:31.501814,2.07599024139471,3.437783718109131,3.5622410774230957
852,2020-09-01 01:03:32.384863,2.07599024139471,3.437783718109131,3.5622410774230957
853,2020-09-01 01:03:33.274951,2.00424029533579,3.473677396774292,3.5657548904418945
854,2020-09-01 01:03:34.152476,2.00424029533579,3.473677396774292,3.5657548904418945
855,2020-09-01 01:03:35.146191,2.00424029533579,3.473677396774292,3.5657548904418945
856,2020-09-01 01:03:35.901809,1.93278391212777,3.5099406242370605,3.577930212020874
857,2020-09-01 01:03:36.801474,1.93278391212777,3.5099406242370605,3.577930212020874
858,2020-09-01 01:03:37.687651,1.93278391212777,3.5099406242370605,3.577930212020874
859,2020-09-01 01:03:38.533471,1.86138931026187,3.5461249351501465,3.5900185108184814
860,2020-09-01 01:03:39.460457,1.86138931026187,3.5461249351501465,3.5900185108184814
861,2020-09-01 01:03:40.347042,1.86138931026187,3.5461249351501465,3.602019786834717
862,2020-09-01 01:03:41.234923,1.79005647151331,3.58223032951355,3.602019786834717
863,2020-09-01 01:03:42.156105,1.79005647151331,3.58223032951355,3.602019786834717
864,2020-09-01 01:03:43.159350,1.71878537763705,3.6182568073272705,3.613934278488159
865,2020-09-01 01:03:44.109885,1.71878537763705,3.6182568073272705,3.613934278488159
866,2020-09-01 01:03:45.032451,1.71878537763705,3.6182568073272705,3.613934278488159
867,2020-09-01 01:03:46.052658,1.64757601036781,3.6182568073272705,3.6257617473602295
868,2020-09-01 01:03:46.922968,1.64757601036781,3.6542043685913086,3.6257617473602295
869,2020-09-01 01:03:47.828751,1.64757601036781,3.6542043685913086,3.6257617473602295
870,2020-09-01 01:03:48.720148,1.57642835142025,3.690072774887085,3.637502431869507
871,2020-09-01 01:03:49.714297,1.57642835142025,3.690072774887085,3.637502431869507
872,2020-09-01 01:03:50.572581,1.57642835142025,3.690072774887085,3.637502431869507
873,2020-09-01 01:03:51.602574,1.50534238248899,3.7258622646331787,3.6491565704345703
874,2020-09-01 01:03:52.477740,1.50534238248899,3.7258622646331787,3.6491565704345703
875,2020-09-01 01:03:53.385303,1.50534238248899,3.7258622646331787,3.6491565704345703
876,2020-09-01 01:03:54.135159,1.43431808524878,3.7258622646331787,3.66072416305542
877,2020-09-01 01:03:55.064663,1.43431808524878,3.76157283782959,3.66072416305542
878,2020-09-01 01:03:55.920267,1.43431808524878,3.76157283782959,3.66072416305542
879,2020-09-01 01:03:56.917989,1.40167526905744,3.777963399887085,3.6660053730010986
880,2020-09-01 01:03:57.816631,1.40167526905744,3.777963399887085,3.6660053730010986
881,2020-09-01 01:03:58.697293,1.40167526905744,3.777963399887085,3.6660053730010986
882,2020-09-01 01:03:59.539108,1.36337074638143,3.777963399887085,3.6721835136413574
883,2020-09-01 01:04:00.407313,1.36337074638143,3.797184705734253,3.6721835136413574
884,2020-09-01 01:04:01.323038,1.36337074638143,3.797184705734253,3.6721835136413574
885,2020-09-01 01:04:02.177612,1.36337074638143,3.797184705734253,3.6721835136413574
886,2020-09-01 01:04:03.043612,1.29246971400299,3.8327372074127197,3.6835780143737793
887,2020-09-01 01:04:03.905349,1.29246971400299,3.8327372074127197,3.6835780143737793
888,2020-09-01 01:04:04.830968,1.29246971400299,3.8327372074127197,3.6835780143737793
889,2020-09-01 01:04:05.717925,1.22163029822997,3.868210554122925,3.6948859691619873
890,2020-09-01 01:04:06.583839,1.22163029822997,3.868210554122925,3.6948859691619873
891,2020-09-01 01:04:07.457289,1.22163029822997,3.868210554122925,3.6948859691619873
892,2020-09-01 01:04:08.503750,1.15085248065859,3.9036049842834473,3.7061078548431396
893,2020-09-01 01:04:09.454507,1.15085248065859,3.9036049842834473,3.7061078548431396
894,2020-09-01 01:04:10.375903,1.15085248065859,3.9036049842834473,3.7061078548431396
895,2020-09-01 01:04:11.300908,1.08078192708641,3.9036049842834473,3.7259840965270996
896,2020-09-01 01:04:12.168103,1.08078192708641,3.941598892211914,3.7259840965270996
897,2020-09-01 01:04:13.058307,1.08078192708641,3.941598892211914,3.7259840965270996
898,2020-09-01 01:04:13.920058,1.08078192708641,3.941598892211914,3.7457659244537354
899,2020-09-01 01:04:14.771706,1.01077598513362,3.9795124530792236,3.7457659244537354
900,2020-09-01 01:04:15.739321,1.01077598513362,3.9795124530792236,3.7457659244537354
901,2020-09-01 01:04:16.643481,1.01077598513362,3.9795124530792236,3.7457659244537354
902,2020-09-01 01:04:17.560836,0.940834637590839,4.017346382141113,3.7654531002044678
903,2020-09-01 01:04:18.383831,0.940834637590839,4.017346382141113,3.7654531002044678
904,2020-09-01 01:04:19.383274,0.940834637590839,4.017346382141113,3.785045862197876
905,2020-09-01 01:04:20.266508,0.870957867222643,4.055099964141846,3.785045862197876
906,2020-09-01 01:04:21.273531,0.870957867222643,4.055099964141846,3.785045862197876
907,2020-09-01 01:04:22.144584,0.801145656767673,4.0927734375,3.80454421043396
908,2020-09-01 01:04:23.020244,0.801145656767673,4.0927734375,3.80454421043396
909,2020-09-01 01:04:23.905286,0.801145656767673,4.0927734375,3.80454421043396
910,2020-09-01 01:04:24.928672,0.801145656767673,4.130367279052734,3.823948383331299
911,2020-09-01 01:04:25.851288,0.731397988938696,4.130367279052734,3.823948383331299
912,2020-09-01 01:04:26.703079,0.731397988938696,4.130367279052734,3.823948383331299
913,2020-09-01 01:04:27.618074,0.731397988938696,4.130367279052734,3.8432583808898926
914,2020-09-01 01:04:28.498963,0.661714846422669,4.167880535125732,3.8432583808898926
915,2020-09-01 01:04:29.463690,0.661714846422669,4.167880535125732,3.8432583808898926
916,2020-09-01 01:04:30.398230,0.592096211880829,4.167880535125732,3.862473964691162
917,2020-09-01 01:04:31.267448,0.592096211880829,4.205313682556152,3.862473964691162
918,2020-09-01 01:04:32.123533,0.592096211880829,4.205313682556152,3.862473964691162
919,2020-09-01 01:04:33.074378,0.522542067948763,4.205313682556152,3.8815958499908447
920,2020-09-01 01:04:33.934805,0.522542067948763,4.242667198181152,3.8815958499908447
921,2020-09-01 01:04:34.825938,0.522542067948763,4.242667198181152,3.8815958499908447
922,2020-09-01 01:04:35.680303,0.522542067948763,4.242667198181152,3.8815958499908447
923,2020-09-01 01:04:36.618599,0.45305239723649,4.279940128326416,3.9006235599517822
924,2020-09-01 01:04:37.512924,0.45305239723649,4.279940128326416,3.9006235599517822
925,2020-09-01 01:04:38.345493,0.45305239723649,4.279940128326416,3.9006235599517822
926,2020-09-01 01:04:39.352759,0.45305239723649,4.279940128326416,3.9195573329925537
927,2020-09-01 01:04:40.243450,0.383627182328539,4.31713342666626,3.9195573329925537
928,2020-09-01 01:04:41.200064,0.383627182328539,4.31713342666626,3.9195573329925537
929,2020-09-01 01:04:42.168664,0.383627182328539,4.31713342666626,3.938397169113159
930,2020-09-01 01:04:42.988533,0.314266405784011,4.354246139526367,3.938397169113159
931,2020-09-01 01:04:43.910354,0.314266405784011,4.354246139526367,3.938397169113159
932,2020-09-01 01:04:44.838140,0.314266405784011,4.354246139526367,3.9644222259521484
933,2020-09-01 01:04:45.749742,0.329492593415921,4.395662307739258,3.9644222259521484
934,2020-09-01 01:04:46.605621,0.329492593415921,4.395662307739258,3.9644222259521484
935,2020-09-01 01:04:47.533161,0.329492593415921,4.395662307739258,3.9904298782348633
936,2020-09-01 01:04:48.436965,0.344538470054317,4.437054634094238,3.9904298782348633
937,2020-09-01 01:04:49.321951,0.344538470054317,4.437054634094238,3.9904298782348633
938,2020-09-01 01:04:50.215151,0.344538470054317,4.437054634094238,4.016419410705566
939,2020-09-01 01:04:51.068653,0.359404563082137,4.47842264175415,4.016419410705566
940,2020-09-01 01:04:51.938292,0.359404563082137,4.47842264175415,4.016419410705566
941,2020-09-01 01:04:52.840174,0.359404563082137,4.47842264175415,4.042391300201416
942,2020-09-01 01:04:53.704745,0.37409140103226,4.519766807556152,4.042391300201416
943,2020-09-01 01:04:54.602000,0.37409140103226,4.519766807556152,4.042391300201416
944,2020-09-01 01:04:55.501830,0.37409140103226,4.519766807556152,4.068345069885254
945,2020-09-01 01:04:56.402401,0.388599513587238,4.561086177825928,4.068345069885254
946,2020-09-01 01:04:57.312721,0.388599513587238,4.561086177825928,4.068345069885254
947,2020-09-01 01:04:58.258412,0.388599513587238,4.561086177825928,4.09428071975708
948,2020-09-01 01:04:59.204139,0.402929431578841,4.602381706237793,4.09428071975708
949,2020-09-01 01:05:00.109613,0.402929431578841,4.602381706237793,4.09428071975708
950,2020-09-01 01:05:01.013812,0.402929431578841,4.602381706237793,4.09428071975708
951,2020-09-01 01:05:02.077912,0.402929431578841,4.602381706237793,4.112941265106201
952,2020-09-01 01:05:02.954143,0.413119055473018,4.632097244262695,4.112941265106201
953,2020-09-01 01:05:03.805755,0.413119055473018,4.632097244262695,4.112941265106201
954,2020-09-01 01:05:04.618714,0.413119055473018,4.632097244262695,4.120237827301025
955,2020-09-01 01:05:05.445668,0.418286021882764,4.643678188323975,4.120237827301025
956,2020-09-01 01:05:06.320760,0.418286021882764,4.643678188323975,4.120237827301025
957,2020-09-01 01:05:07.191368,0.418286021882764,4.643678188323975,4.120237827301025
958,2020-09-01 01:05:08.220358,0.43669232890413,4.685033321380615,4.146293640136719
959,2020-09-01 01:05:09.165873,0.43669232890413,4.685033321380615,4.146293640136719
960,2020-09-01 01:05:10.122635,0.43669232890413,4.685033321380615,4.146293640136719
961,2020-09-01 01:05:11.073681,0.454930207634717,4.7263665199279785,4.172334671020508
962,2020-09-01 01:05:11.958457,0.454930207634717,4.7263665199279785,4.172334671020508
963,2020-09-01 01:05:12.834104,0.454930207634717,4.7263665199279785,4.172334671020508
964,2020-09-01 01:05:13.704985,0.454930207634717,4.7263665199279785,4.198360443115234
965,2020-09-01 01:05:14.687130,0.473000193905463,4.7676777839660645,4.198360443115234
966,2020-09-01 01:05:15.668975,0.473000193905463,4.7676777839660645,4.198360443115234
967,2020-09-01 01:05:16.533180,0.490902824496274,4.808966636657715,4.224370956420898
968,2020-09-01 01:05:17.425588,0.490902824496274,4.808966636657715,4.224370956420898
969,2020-09-01 01:05:18.414192,0.490902824496274,4.808966636657715,4.224370956420898
970,2020-09-01 01:05:19.426286,0.508638637134524,4.850233554840088,4.250366687774658
971,2020-09-01 01:05:20.337839,0.508638637134524,4.850233554840088,4.250366687774658
972,2020-09-01 01:05:21.201454,0.508638637134524,4.850233554840088,4.250366687774658
973,2020-09-01 01:05:22.104420,0.527495103849802,4.893906593322754,4.293224334716797
974,2020-09-01 01:05:22.951858,0.527495103849802,4.893906593322754,4.293224334716797
975,2020-09-01 01:05:23.866155,0.527495103849802,4.893906593322754,4.293224334716797
976,2020-09-01 01:05:24.821519,0.546188726789183,4.937556743621826,4.336049556732178
977,2020-09-01 01:05:25.691792,0.546188726789183,4.937556743621826,4.336049556732178
978,2020-09-01 01:05:26.609274,0.546188726789183,4.937556743621826,4.336049556732178
979,2020-09-01 01:05:27.486522,0.564720030580759,4.937556743621826,4.378841876983643
980,2020-09-01 01:05:28.394019,0.564720030580759,4.981183052062988,4.378841876983643
981,2020-09-01 01:05:29.253160,0.564720030580759,4.981183052062988,4.378841876983643
982,2020-09-01 01:05:30.120801,0.564720030580759,4.981183052062988,4.42160177230835
983,2020-09-01 01:05:31.151303,0.583089540756504,5.024785995483398,4.42160177230835
984,2020-09-01 01:05:32.026171,0.583089540756504,5.024785995483398,4.42160177230835
985,2020-09-01 01:05:32.836268,0.583089540756504,5.024785995483398,4.42160177230835
986,2020-09-01 01:05:33.829050,0.601297783750837,5.068365573883057,4.464328765869141
987,2020-09-01 01:05:34.721711,0.601297783750837,5.068365573883057,4.464328765869141
988,2020-09-01 01:05:35.555139,0.601297783750837,5.068365573883057,4.464328765869141
989,2020-09-01 01:05:36.513862,0.619345286899019,5.111921310424805,4.507022857666016
990,2020-09-01 01:05:37.353717,0.619345286899019,5.111921310424805,4.507022857666016
991,2020-09-01 01:05:38.198392,0.619345286899019,5.111921310424805,4.507022857666016
992,2020-09-01 01:05:39.093840,0.637232578435459,5.155453681945801,4.549684047698975
993,2020-09-01 01:05:40.058206,0.637232578435459,5.155453681945801,4.549684047698975
994,2020-09-01 01:05:40.965431,0.637232578435459,5.155453681945801,4.549684047698975
995,2020-09-01 01:05:41.858890,0.654960187491852,5.198962688446045,4.592312335968018
996,2020-09-01 01:05:42.705772,0.654960187491852,5.198962688446045,4.592312335968018
997,2020-09-01 01:05:43.586898,0.654960187491852,5.198962688446045,4.592312335968018
998,2020-09-01 01:05:44.445476,0.70426170533409,5.244132041931152,4.500972270965576
999,2020-09-01 01:05:45.429317,0.70426170533409,5.244132041931152,4.500972270965576
1000,2020-09-01 01:05:46.305866,0.70426170533409,5.244132041931152,4.500972270965576
1001,2020-09-01 01:05:47.154470,0.753301323431302,5.2892889976501465,4.409632682800293
1002,2020-09-01 01:05:48.121873,0.753301323431302,5.2892889976501465,4.409632682800293
1003,2020-09-01 01:05:49.006813,0.753301323431302,5.2892889976501465,4.409632682800293
1004,2020-09-01 01:05:49.954299,0.802079415351145,5.334432601928711,4.318294525146484
1005,2020-09-01 01:05:50.873476,0.802079415351145,5.334432601928711,4.318294525146484
1006,2020-09-01 01:05:51.745548,0.802079415351145,5.334432601928711,4.318294525146484
1007,2020-09-01 01:05:52.644515,0.850596355135181,5.379563331604004,4.226957321166992
1008,2020-09-01 01:05:53.528700,0.850596355135181,5.379563331604004,4.226957321166992
1009,2020-09-01 01:05:54.483860,0.850596355135181,5.379563331604004,4.226957321166992
1010,2020-09-01 01:05:55.406466,0.898632125306747,5.422505855560303,4.128759860992432
1011,2020-09-01 01:05:56.320988,0.898632125306747,5.422505855560303,4.128759860992432
1012,2020-09-01 01:05:57.252236,0.898632125306747,5.422505855560303,4.128759860992432
1013,2020-09-01 01:05:58.196084,0.965714495525489,5.39669132232666,4.0305633544921875
1014,2020-09-01 01:05:59.086398,0.965714495525489,5.39669132232666,4.0305633544921875
1015,2020-09-01 01:05:59.848663,0.965714495525489,5.39669132232666,4.0305633544921875
1016,2020-09-01 01:06:00.766134,0.965714495525489,5.39669132232666,3.9323678016662598
1017,2020-09-01 01:06:01.604303,1.03247946722655,5.370877265930176,3.9323678016662598
1018,2020-09-01 01:06:02.493467,1.03247946722655,5.370877265930176,3.9323678016662598
1019,2020-09-01 01:06:03.415493,1.03247946722655,5.370877265930176,3.8341734409332275
1020,2020-09-01 01:06:04.428059,1.09892750328899,5.345062732696533,3.8341734409332275
1021,2020-09-01 01:06:05.292359,1.09892750328899,5.345062732696533,3.8341734409332275
1022,2020-09-01 01:06:06.236301,1.09892750328899,5.345062732696533,3.8341734409332275
1023,2020-09-01 01:06:07.113776,1.1650590651238,5.319248199462891,3.73598051071167
1024,2020-09-01 01:06:08.002500,1.1650590651238,5.319248199462891,3.73598051071167
1025,2020-09-01 01:06:08.872896,1.1650590651238,5.319248199462891,3.73598051071167
1026,2020-09-01 01:06:09.842821,1.23087461322579,5.293433666229248,3.6377885341644287
1027,2020-09-01 01:06:10.823573,1.23087461322579,5.293433666229248,3.6377885341644287
1028,2020-09-01 01:06:11.744997,1.23087461322579,5.293433666229248,3.6377885341644287
1029,2020-09-01 01:06:12.683499,1.29315258202521,5.267619609832764,3.539597749710083
1030,2020-09-01 01:06:13.535319,1.29315258202521,5.267619609832764,3.539597749710083
1031,2020-09-01 01:06:14.426173,1.29315258202521,5.267619609832764,3.539597749710083
1032,2020-09-01 01:06:15.319924,1.35510111942685,5.241805076599121,3.441408395767212
1033,2020-09-01 01:06:16.259608,1.35510111942685,5.241805076599121,3.441408395767212
1034,2020-09-01 01:06:17.116423,1.35510111942685,5.241805076599121,3.441408395767212
1035,2020-09-01 01:06:17.968396,1.41672063672569,5.241805076599121,3.3432199954986572
1036,2020-09-01 01:06:18.894148,1.41672063672569,5.2159905433654785,3.3432199954986572
1037,2020-09-01 01:06:19.839494,1.41672063672569,5.2159905433654785,3.3432199954986572
1038,2020-09-01 01:06:20.849309,1.47801154542162,5.190176486968994,3.245033025741577
1039,2020-09-01 01:06:21.705173,1.47801154542162,5.190176486968994,3.245033025741577
1040,2020-09-01 01:06:22.605634,1.47801154542162,5.190176486968994,3.245033025741577
1041,2020-09-01 01:06:23.565816,1.53897425732686,5.190176486968994,3.1468470096588135
1042,2020-09-01 01:06:24.438125,1.53897425732686,5.164361953735352,3.1468470096588135
1043,2020-09-01 01:06:25.305290,1.53897425732686,5.164361953735352,3.1468470096588135
1044,2020-09-01 01:06:26.235591,1.59960918465752,5.164361953735352,3.0486624240875244
1045,2020-09-01 01:06:27.130144,1.59960918465752,5.138547420501709,3.0486624240875244
1046,2020-09-01 01:06:27.996936,1.59960918465752,5.138547420501709,3.0486624240875244
1047,2020-09-01 01:06:28.825673,1.65838928723676,5.11263370513916,2.940986156463623
1048,2020-09-01 01:06:29.679863,1.65838928723676,5.11263370513916,2.940986156463623
1049,2020-09-01 01:06:30.494933,1.65838928723676,5.11263370513916,2.940986156463623
1050,2020-09-01 01:06:31.423496,1.65838928723676,5.11263370513916,2.8333113193511963
1051,2020-09-01 01:06:32.270823,1.7168377167154,5.086719989776611,2.8333113193511963
1052,2020-09-01 01:06:33.181836,1.7168377167154,5.086719989776611,2.8333113193511963
1053,2020-09-01 01:06:34.086048,1.7168377167154,5.086719989776611,2.8333113193511963
1054,2020-09-01 01:06:34.989422,1.77495488790849,5.060805797576904,2.7256381511688232
1055,2020-09-01 01:06:35.871440,1.77495488790849,5.060805797576904,2.7256381511688232
1056,2020-09-01 01:06:36.704081,1.77495488790849,5.060805797576904,2.7256381511688232
1057,2020-09-01 01:06:37.594777,1.80207349753501,5.0348920822143555,2.7572221755981445
1058,2020-09-01 01:06:38.463531,1.80207349753501,5.0348920822143555,2.7572221755981445
1059,2020-09-01 01:06:39.354344,1.80207349753501,5.0348920822143555,2.7572221755981445
1060,2020-09-01 01:06:40.224271,1.82895245366241,5.008978366851807,2.7887890338897705
1061,2020-09-01 01:06:41.115788,1.82895245366241,5.008978366851807,2.7887890338897705
1062,2020-09-01 01:06:41.971596,1.82895245366241,5.008978366851807,2.7887890338897705
1063,2020-09-01 01:06:42.910716,1.85559232309554,4.983064651489258,2.820338726043701
1064,2020-09-01 01:06:43.767506,1.85559232309554,4.983064651489258,2.820338726043701
1065,2020-09-01 01:06:44.647993,1.85559232309554,4.983064651489258,2.8518707752227783
1066,2020-09-01 01:06:45.584819,1.88199367362623,4.957150936126709,2.8518707752227783
1067,2020-09-01 01:06:46.442947,1.88199367362623,4.957150936126709,2.8518707752227783
1068,2020-09-01 01:06:47.277148,1.88199367362623,4.957150936126709,2.856597900390625
1069,2020-09-01 01:06:48.138538,1.88591818370551,4.953263759613037,2.856597900390625
1070,2020-09-01 01:06:49.057953,1.88591818370551,4.953263759613037,2.856597900390625
1071,2020-09-01 01:06:49.960162,1.88591818370551,4.953263759613037,2.856597900390625
1072,2020-09-01 01:06:50.752993,1.91045103007303,4.931236743927002,2.8835065364837646
1073,2020-09-01 01:06:51.626241,1.91045103007303,4.931236743927002,2.8835065364837646
1074,2020-09-01 01:06:52.453827,1.91045103007303,4.931236743927002,2.8835065364837646
1075,2020-09-01 01:06:53.334538,1.91045103007303,4.931236743927002,2.8835065364837646
1076,2020-09-01 01:06:54.232137,1.91045103007303,4.931236743927002,2.8835065364837646
1077,2020-09-01 01:06:55.135385,1.91045103007303,4.931236743927002,2.8835065364837646
1078,2020-09-01 01:06:55.968879,1.91045103007303,4.931236743927002,2.8835065364837646
1079,2020-09-01 01:06:56.848732,1.91045103007303,4.931236743927002,2.8835065364837646
1080,2020-09-01 01:06:57.696052,1.93911610048519,4.905323028564453,2.9151499271392822
1081,2020-09-01 01:06:58.552796,1.93911610048519,4.905323028564453,2.9151499271392822
1082,2020-09-01 01:06:59.367216,1.93911610048519,4.905323028564453,2.9469003677368164
1083,2020-09-01 01:07:00.163555,1.96972694600481,4.879409313201904,2.9469003677368164
1084,2020-09-01 01:07:01.001015,1.96972694600481,4.879409313201904,2.9469003677368164
1085,2020-09-01 01:07:01.887209,1.96972694600481,4.879409313201904,2.9469003677368164
1086,2020-09-01 01:07:02.832906,2.00011678364719,4.8534955978393555,2.9786367416381836
1087,2020-09-01 01:07:03.718427,2.00011678364719,4.8534955978393555,2.9786367416381836
1088,2020-09-01 01:07:04.584967,2.00011678364719,4.8534955978393555,2.9786367416381836
1089,2020-09-01 01:07:05.474650,2.03028611025877,4.8534955978393555,3.010359048843384
1090,2020-09-01 01:07:06.397709,2.03028611025877,4.827581405639648,3.010359048843384
1091,2020-09-01 01:07:07.264943,2.03028611025877,4.827581405639648,3.010359048843384
1092,2020-09-01 01:07:08.135223,2.05807789876778,4.799231052398682,3.045034408569336
1093,2020-09-01 01:07:09.101024,2.05807789876778,4.799231052398682,3.045034408569336
1094,2020-09-01 01:07:10.038375,2.05807789876778,4.799231052398682,3.045034408569336
1095,2020-09-01 01:07:10.877629,2.08564685544023,4.770880699157715,3.079690456390381
1096,2020-09-01 01:07:11.769764,2.08564685544023,4.770880699157715,3.079690456390381
1097,2020-09-01 01:07:12.672833,2.08564685544023,4.770880699157715,3.079690456390381
1098,2020-09-01 01:07:13.628265,2.11299347507445,4.770880699157715,3.1143274307250977
1099,2020-09-01 01:07:14.484458,2.11299347507445,4.742530345916748,3.1143274307250977
1100,2020-09-01 01:07:15.367816,2.11299347507445,4.742530345916748,3.1143274307250977
1101,2020-09-01 01:07:16.196306,2.11299347507445,4.742530345916748,3.1143274307250977
1102,2020-09-01 01:07:17.221637,2.14011825416851,4.714179992675781,3.148944854736328
1103,2020-09-01 01:07:18.065681,2.14011825416851,4.714179992675781,3.148944854736328
1104,2020-09-01 01:07:18.944398,2.14011825416851,4.714179992675781,3.148944854736328
1105,2020-09-01 01:07:19.855602,2.16702169091471,4.6858296394348145,3.1835429668426514
1106,2020-09-01 01:07:20.752770,2.16702169091471,4.6858296394348145,3.1835429668426514
1107,2020-09-01 01:07:21.642073,2.16702169091471,4.6858296394348145,3.1835429668426514
1108,2020-09-01 01:07:22.541551,2.19370428519191,4.657479286193848,3.218121290206909
1109,2020-09-01 01:07:23.514619,2.19370428519191,4.657479286193848,3.218121290206909
1110,2020-09-01 01:07:24.381225,2.19370428519191,4.657479286193848,3.218121290206909
1111,2020-09-01 01:07:25.303447,2.22016653855592,4.629128932952881,3.2526800632476807
1112,2020-09-01 01:07:26.250735,2.22016653855592,4.629128932952881,3.2526800632476807
1113,2020-09-01 01:07:27.176597,2.22016653855592,4.629128932952881,3.2872190475463867
1114,2020-09-01 01:07:28.056998,2.24640895422705,4.600778579711914,3.2872190475463867
1115,2020-09-01 01:07:29.042116,2.24640895422705,4.600778579711914,3.2872190475463867
1116,2020-09-01 01:07:30.122082,2.27243203707482,4.572428226470947,3.3217382431030273
1117,2020-09-01 01:07:31.042895,2.27243203707482,4.572428226470947,3.3217382431030273
1118,2020-09-01 01:07:31.887921,2.27243203707482,4.572428226470947,3.3217382431030273
1119,2020-09-01 01:07:32.751188,2.29823629359879,4.5440778732299805,3.3562374114990234
1120,2020-09-01 01:07:33.728095,2.29823629359879,4.5440778732299805,3.3562374114990234
1121,2020-09-01 01:07:34.717713,2.29823629359879,4.5440778732299805,3.368879556655884
1122,2020-09-01 01:07:35.598876,2.30761780431106,4.533682823181152,3.368879556655884
1123,2020-09-01 01:07:36.467094,2.30761780431106,4.533682823181152,3.368879556655884
1124,2020-09-01 01:07:37.378121,2.32386431292996,4.515727519989014,3.390716314315796
1125,2020-09-01 01:07:38.286791,2.32386431292996,4.515727519989014,3.390716314315796
1126,2020-09-01 01:07:39.083047,2.32386431292996,4.515727519989014,3.390716314315796
1127,2020-09-01 01:07:39.985229,2.34937992743679,4.487377166748047,3.425182342529297
1128,2020-09-01 01:07:40.911010,2.34937992743679,4.487377166748047,3.425182342529297
1129,2020-09-01 01:07:41.848440,2.34937992743679,4.487377166748047,3.425182342529297
1130,2020-09-01 01:07:42.706617,2.37654160208434,4.457633018493652,3.450202226638794
1131,2020-09-01 01:07:43.571632,2.37654160208434,4.457633018493652,3.450202226638794
1132,2020-09-01 01:07:44.492419,2.37654160208434,4.457633018493652,3.450202226638794
1133,2020-09-01 01:07:45.394537,2.40349036219432,4.427888870239258,3.475213050842285
1134,2020-09-01 01:07:46.183046,2.40349036219432,4.427888870239258,3.475213050842285
1135,2020-09-01 01:07:47.104136,2.40349036219432,4.427888870239258,3.475213050842285
1136,2020-09-01 01:07:47.987861,2.40349036219432,4.427888870239258,3.5002150535583496
1137,2020-09-01 01:07:48.861628,2.43022685389026,4.398144245147705,3.5002150535583496
1138,2020-09-01 01:07:49.717607,2.43022685389026,4.398144245147705,3.5002150535583496
1139,2020-09-01 01:07:50.659268,2.43022685389026,4.398144245147705,3.5002150535583496
1140,2020-09-01 01:07:51.549588,2.45675172322377,4.3684000968933105,3.525207757949829
1141,2020-09-01 01:07:52.471416,2.45675172322377,4.3684000968933105,3.525207757949829
1142,2020-09-01 01:07:53.321990,2.45675172322377,4.3684000968933105,3.525207757949829
1143,2020-09-01 01:07:54.356949,2.48306561660617,4.338655948638916,3.5501911640167236
1144,2020-09-01 01:07:55.196258,2.48306561660617,4.338655948638916,3.5501911640167236
1145,2020-09-01 01:07:56.107811,2.48306561660617,4.338655948638916,3.5501911640167236
1146,2020-09-01 01:07:57.012154,2.50916918109134,4.308911323547363,3.575165271759033
1147,2020-09-01 01:07:57.948272,2.50916918109134,4.308911323547363,3.575165271759033
1148,2020-09-01 01:07:58.825615,2.50916918109134,4.308911323547363,3.575165271759033
1149,2020-09-01 01:07:59.839207,2.53506306457417,4.279167175292969,3.600130081176758
1150,2020-09-01 01:08:00.666923,2.53506306457417,4.279167175292969,3.600130081176758
1151,2020-09-01 01:08:01.576282,2.53506306457417,4.279167175292969,3.600130081176758
1152,2020-09-01 01:08:02.634528,2.56074791593612,4.249423027038574,3.6250851154327393
1153,2020-09-01 01:08:03.535292,2.56074791593612,4.249423027038574,3.6250851154327393
1154,2020-09-01 01:08:04.372957,2.56074791593612,4.249423027038574,3.6250851154327393
1155,2020-09-01 01:08:05.336894,2.58622438515533,4.21967887878418,3.6500303745269775
1156,2020-09-01 01:08:06.251008,2.58622438515533,4.21967887878418,3.6500303745269775
1157,2020-09-01 01:08:07.159161,2.58622438515533,4.21967887878418,3.6500303745269775
1158,2020-09-01 01:08:08.112019,2.58622438515533,4.21967887878418,3.6500303745269775
1159,2020-09-01 01:08:09.066067,2.61149312339188,4.189934253692627,3.6749660968780518
1160,2020-09-01 01:08:09.944351,2.61149312339188,4.189934253692627,3.6749660968780518
1161,2020-09-01 01:08:10.841337,2.61149312339188,4.189934253692627,3.6998918056488037
1162,2020-09-01 01:08:11.793774,2.63655478305425,4.160190105438232,3.6998918056488037
1163,2020-09-01 01:08:12.757124,2.63655478305425,4.160190105438232,3.6998918056488037
1164,2020-09-01 01:08:13.738304,2.66141001785145,4.130445957183838,3.7248075008392334
1165,2020-09-01 01:08:14.650673,2.66141001785145,4.130445957183838,3.7248075008392334
1166,2020-09-01 01:08:15.482028,2.66141001785145,4.130445957183838,3.7248075008392334
1167,2020-09-01 01:08:16.342061,2.68574476081444,4.10405969619751,3.765639066696167
1168,2020-09-01 01:08:17.126492,2.68574476081444,4.10405969619751,3.765639066696167
1169,2020-09-01 01:08:17.933737,2.68574476081444,4.10405969619751,3.765639066696167
1170,2020-09-01 01:08:18.822260,2.70987545979786,4.077673435211182,3.806443452835083
1171,2020-09-01 01:08:19.711987,2.70987545979786,4.077673435211182,3.806443452835083
1172,2020-09-01 01:08:20.600875,2.70987545979786,4.077673435211182,3.806443452835083
1173,2020-09-01 01:08:21.479114,2.7338027617503,4.0512871742248535,3.8472204208374023
1174,2020-09-01 01:08:22.336813,2.7338027617503,4.0512871742248535,3.8472204208374023
1175,2020-09-01 01:08:23.242094,2.7338027617503,4.0512871742248535,3.8472204208374023
1176,2020-09-01 01:08:24.153765,2.75752731486939,4.024900913238525,3.887970447540283
1177,2020-09-01 01:08:25.066888,2.75752731486939,4.024900913238525,3.887970447540283
1178,2020-09-01 01:08:25.957648,2.75752731486939,4.024900913238525,3.9286928176879883
1179,2020-09-01 01:08:26.767604,2.78104976866332,3.9985146522521973,3.9286928176879883
1180,2020-09-01 01:08:27.603284,2.78104976866332,3.9985146522521973,3.9286928176879883
1181,2020-09-01 01:08:28.476253,2.78104976866332,3.9985146522521973,3.9286928176879883
1182,2020-09-01 01:08:29.316575,2.80437077399942,3.972128391265869,3.9693877696990967
1183,2020-09-01 01:08:30.157829,2.80437077399942,3.972128391265869,3.9693877696990967
1184,2020-09-01 01:08:31.088839,2.80437077399942,3.972128391265869,3.9693877696990967
1185,2020-09-01 01:08:31.976066,2.80437077399942,3.972128391265869,3.9693877696990967
1186,2020-09-01 01:08:32.874487,2.82749098314206,3.945742130279541,4.010055065155029
1187,2020-09-01 01:08:33.811837,2.82749098314206,3.945742130279541,4.010055065155029
1188,2020-09-01 01:08:34.681092,2.82749098314206,3.945742130279541,4.010055065155029
1189,2020-09-01 01:08:35.603587,2.8504110497815,3.919355869293213,4.050694942474365
1190,2020-09-01 01:08:36.390466,2.8504110497815,3.919355869293213,4.050694942474365
1191,2020-09-01 01:08:37.316583,2.8504110497815,3.919355869293213,4.050694942474365
1192,2020-09-01 01:08:38.193590,2.8504110497815,3.919355869293213,4.091306686401367
1193,2020-09-01 01:08:39.098093,2.87313162905471,3.8929696083068848,4.091306686401367
1194,2020-09-01 01:08:39.989018,2.87313162905471,3.8929696083068848,4.091306686401367
1195,2020-09-01 01:08:40.916041,2.87313162905471,3.8929696083068848,4.131890773773193
1196,2020-09-01 01:08:41.906197,2.89565337755863,3.8665833473205566,4.131890773773193
1197,2020-09-01 01:08:42.753071,2.89565337755863,3.8665833473205566,4.131890773773193
1198,2020-09-01 01:08:43.567401,2.89565337755863,3.8665833473205566,4.131890773773193
1199,2020-09-01 01:08:44.435535,2.92124707256397,3.8401970863342285,4.172601699829102
1200,2020-09-01 01:08:45.302272,2.92124707256397,3.8401970863342285,4.172601699829102
1201,2020-09-01 01:08:46.158709,2.92124707256397,3.8401970863342285,4.172601699829102
1202,2020-09-01 01:08:47.018259,2.94666605637633,3.8138108253479004,4.213287830352783
1203,2020-09-01 01:08:47.936138,2.94666605637633,3.8138108253479004,4.213287830352783
1204,2020-09-01 01:08:48.772899,2.94666605637633,3.8138108253479004,4.213287830352783
1205,2020-09-01 01:08:49.671065,2.94666605637633,3.8138108253479004,4.213287830352783
1206,2020-09-01 01:08:50.557694,2.97237165134288,3.7855958938598633,4.246796131134033
1207,2020-09-01 01:08:51.530907,2.97237165134288,3.7855958938598633,4.246796131134033
1208,2020-09-01 01:08:52.403144,2.97237165134288,3.7855958938598633,4.246796131134033
1209,2020-09-01 01:08:53.227351,2.99790764369645,3.757380723953247,4.280287742614746
1210,2020-09-01 01:08:54.061948,2.99790764369645,3.757380723953247,4.280287742614746
1211,2020-09-01 01:08:54.922121,2.99790764369645,3.757380723953247,4.280287742614746
1212,2020-09-01 01:08:55.834490,3.02327477166732,3.757380723953247,4.313762187957764
1213,2020-09-01 01:08:56.818020,3.02327477166732,3.72916579246521,4.313762187957764
1214,2020-09-01 01:08:57.663293,3.02327477166732,3.72916579246521,4.313762187957764
1215,2020-09-01 01:08:58.515721,3.04847379776756,3.7009506225585938,4.347219944000244
1216,2020-09-01 01:08:59.406831,3.04847379776756,3.7009506225585938,4.347219944000244
1217,2020-09-01 01:09:00.289656,3.04847379776756,3.7009506225585938,4.347219944000244
1218,2020-09-01 01:09:01.213533,3.04847379776756,3.7009506225585938,4.3806610107421875
1219,2020-09-01 01:09:02.106473,3.07350548069957,3.6727356910705566,4.3806610107421875
1220,2020-09-01 01:09:03.042974,3.07350548069957,3.6727356910705566,4.3806610107421875
1221,2020-09-01 01:09:03.846270,3.07350548069957,3.6727356910705566,4.3806610107421875
1222,2020-09-01 01:09:04.735524,3.09837057729655,3.6445207595825195,4.414084434509277
1223,2020-09-01 01:09:05.644415,3.09837057729655,3.6445207595825195,4.414084434509277
1224,2020-09-01 01:09:06.554979,3.09837057729655,3.6445207595825195,4.414084434509277
1225,2020-09-01 01:09:07.472747,3.12306984325983,3.6163055896759033,4.44749116897583
1226,2020-09-01 01:09:08.362158,3.12306984325983,3.6163055896759033,4.44749116897583
1227,2020-09-01 01:09:09.318494,3.12306984325983,3.6163055896759033,4.44749116897583
1228,2020-09-01 01:09:10.410008,3.14760403355194,3.588090658187866,4.480880260467529
1229,2020-09-01 01:09:11.361071,3.14760403355194,3.588090658187866,4.480880260467529
1230,2020-09-01 01:09:12.205928,3.14760403355194,3.588090658187866,4.480880260467529
1231,2020-09-01 01:09:13.142075,3.17197390263894,3.559875726699829,4.514252185821533
1232,2020-09-01 01:09:14.054960,3.17197390263894,3.559875726699829,4.514252185821533
1233,2020-09-01 01:09:14.893613,3.17197390263894,3.559875726699829,4.514252185821533
1234,2020-09-01 01:09:15.733941,3.19618020465272,3.531660556793213,4.547606945037842
1235,2020-09-01 01:09:16.629951,3.19618020465272,3.531660556793213,4.547606945037842
1236,2020-09-01 01:09:17.521036,3.19618020465272,3.531660556793213,4.547606945037842
1237,2020-09-01 01:09:18.374207,3.19618020465272,3.531660556793213,4.580944061279297
1238,2020-09-01 01:09:19.219804,3.22022369350532,3.503445625305176,4.580944061279297
1239,2020-09-01 01:09:20.090762,3.22022369350532,3.503445625305176,4.580944061279297
1240,2020-09-01 01:09:21.036898,3.22022369350532,3.503445625305176,4.580944061279297
1241,2020-09-01 01:09:21.932280,3.27272043535281,3.4752304553985596,4.4757819175720215
1242,2020-09-01 01:09:22.746951,3.27272043535281,3.4752304553985596,4.4757819175720215
1243,2020-09-01 01:09:23.616600,3.27272043535281,3.4752304553985596,4.389254093170166
1244,2020-09-01 01:09:24.513915,3.32511086035102,3.451047897338867,4.389254093170166
1245,2020-09-01 01:09:25.455063,3.32511086035102,3.451047897338867,4.389254093170166
1246,2020-09-01 01:09:26.375931,3.32511086035102,3.451047897338867,4.389254093170166
1247,2020-09-01 01:09:27.249573,3.3772440008663,3.426865339279175,4.3027262687683105
1248,2020-09-01 01:09:28.170062,3.3772440008663,3.426865339279175,4.3027262687683105
1249,2020-09-01 01:09:29.117804,3.3772440008663,3.426865339279175,4.3027262687683105
1250,2020-09-01 01:09:30.021210,3.42912111293924,3.426865339279175,4.216197967529297
1251,2020-09-01 01:09:30.923997,3.42912111293924,3.4026827812194824,4.216197967529297
1252,2020-09-01 01:09:31.797504,3.42912111293924,3.4026827812194824,4.216197967529297
1253,2020-09-01 01:09:32.729960,3.48074344352494,3.37850022315979,4.129670143127441
1254,2020-09-01 01:09:33.675591,3.48074344352494,3.37850022315979,4.129670143127441
1255,2020-09-01 01:09:34.666898,3.48074344352494,3.37850022315979,4.043142318725586
1256,2020-09-01 01:09:35.585565,3.53211223148074,3.3543176651000977,4.043142318725586
1257,2020-09-01 01:09:36.375741,3.53211223148074,3.3543176651000977,4.043142318725586
1258,2020-09-01 01:09:37.206851,3.53211223148074,3.3543176651000977,4.043142318725586
1259,2020-09-01 01:09:38.138896,3.58322870831527,3.3301351070404053,3.956615686416626
1260,2020-09-01 01:09:39.138577,3.58322870831527,3.3301351070404053,3.956615686416626
1261,2020-09-01 01:09:39.941495,3.58322870831527,3.3301351070404053,3.956615686416626
1262,2020-09-01 01:09:40.825947,3.58322870831527,3.3301351070404053,3.8700897693634033
1263,2020-09-01 01:09:41.681401,3.63409409878223,3.305952548980713,3.8700897693634033
1264,2020-09-01 01:09:42.613829,3.63409409878223,3.305952548980713,3.8700897693634033
1265,2020-09-01 01:09:43.510523,3.6847096213647,3.305952548980713,3.783565044403076
1266,2020-09-01 01:09:44.486279,3.6847096213647,3.2817699909210205,3.783565044403076
1267,2020-09-01 01:09:45.363466,3.6847096213647,3.2817699909210205,3.783565044403076
1268,2020-09-01 01:09:46.239756,3.6847096213647,3.2817699909210205,3.6970410346984863
1269,2020-09-01 01:09:47.110244,3.73507648867911,3.257587432861328,3.6970410346984863
1270,2020-09-01 01:09:47.980802,3.73507648867911,3.257587432861328,3.6970410346984863
1271,2020-09-01 01:09:48.880037,3.73507648867911,3.257587432861328,3.6970410346984863
1272,2020-09-01 01:09:49.784409,3.78519590781758,3.2334048748016357,3.610517978668213
1273,2020-09-01 01:09:50.728908,3.78519590781758,3.2334048748016357,3.610517978668213
1274,2020-09-01 01:09:51.759456,3.78519590781758,3.2334048748016357,3.610517978668213
1275,2020-09-01 01:09:52.617837,3.83378671424288,3.2334048748016357,3.523995876312256
1276,2020-09-01 01:09:53.537135,3.83378671424288,3.2092225551605225,3.523995876312256
1277,2020-09-01 01:09:54.512619,3.83378671424288,3.2092225551605225,3.523995876312256
1278,2020-09-01 01:09:55.442398,3.83378671424288,3.2092225551605225,3.437474489212036
1279,2020-09-01 01:09:56.313857,3.88209207637524,3.18503999710083,3.437474489212036
1280,2020-09-01 01:09:57.315331,3.88209207637524,3.18503999710083,3.437474489212036
1281,2020-09-01 01:09:58.251003,3.88209207637524,3.18503999710083,3.36175799369812
1282,2020-09-01 01:09:59.095152,3.93092318802681,3.1639363765716553,3.36175799369812
1283,2020-09-01 01:09:59.998855,3.93092318802681,3.1639363765716553,3.36175799369812
1284,2020-09-01 01:10:00.866121,3.93092318802681,3.1639363765716553,3.36175799369812
1285,2020-09-01 01:10:01.681832,3.9764612716946,3.1428327560424805,3.286041498184204
1286,2020-09-01 01:10:02.526083,3.9764612716946,3.1428327560424805,3.286041498184204
1287,2020-09-01 01:10:03.466514,3.9764612716946,3.1428327560424805,3.286041498184204
1288,2020-09-01 01:10:04.410524,3.9764612716946,3.1428327560424805,3.210325002670288
1289,2020-09-01 01:10:05.220390,4.02169725825296,3.1217293739318848,3.210325002670288
1290,2020-09-01 01:10:06.099860,4.02169725825296,3.1217293739318848,3.210325002670288
1291,2020-09-01 01:10:06.935847,4.06663180671222,3.1217293739318848,3.1346092224121094
1292,2020-09-01 01:10:07.842457,4.06663180671222,3.10062575340271,3.1346092224121094
1293,2020-09-01 01:10:08.633267,4.06663180671222,3.10062575340271,3.1346092224121094
1294,2020-09-01 01:10:09.496930,4.06663180671222,3.10062575340271,3.058894395828247
1295,2020-09-01 01:10:10.394127,4.11126557820025,3.0795223712921143,3.058894395828247
1296,2020-09-01 01:10:11.291858,4.11126557820025,3.0795223712921143,3.058894395828247
1297,2020-09-01 01:10:12.126058,4.11126557820025,3.0795223712921143,2.983180284500122
1298,2020-09-01 01:10:12.962624,4.1555992360538,3.0584187507629395,2.983180284500122
1299,2020-09-01 01:10:13.762931,4.1555992360538,3.0584187507629395,2.983180284500122
1300,2020-09-01 01:10:14.666765,4.1555992360538,3.0584187507629395,2.9074666500091553
1301,2020-09-01 01:10:15.595412,4.1996334459029,3.0373153686523438,2.9074666500091553
1302,2020-09-01 01:10:16.501703,4.1996334459029,3.0373153686523438,2.9074666500091553
1303,2020-09-01 01:10:17.382054,4.24336887574923,3.0373153686523438,2.831753969192505
1304,2020-09-01 01:10:18.250409,4.24336887574923,3.016211748123169,2.831753969192505
1305,2020-09-01 01:10:19.203151,4.24336887574923,3.016211748123169,2.831753969192505
1306,2020-09-01 01:10:20.094073,4.25514613628272,2.995108127593994,2.894186019897461
1307,2020-09-01 01:10:20.998891,4.25514613628272,2.995108127593994,2.894186019897461
1308,2020-09-01 01:10:21.907823,4.25514613628272,2.995108127593994,2.95656156539917
1309,2020-09-01 01:10:22.817460,4.26675259611254,2.9740047454833984,2.95656156539917
1310,2020-09-01 01:10:23.736735,4.26675259611254,2.9740047454833984,2.95656156539917
1311,2020-09-01 01:10:24.682958,4.26675259611254,2.9740047454833984,3.018880844116211
1312,2020-09-01 01:10:25.531162,4.27818905543059,2.9529011249542236,3.018880844116211
1313,2020-09-01 01:10:26.426900,4.27818905543059,2.9529011249542236,3.018880844116211
1314,2020-09-01 01:10:27.338022,4.27818905543059,2.9529011249542236,3.0804052352905273
1315,2020-09-01 01:10:28.240388,4.26217530096885,3.001258611679077,3.0804052352905273
1316,2020-09-01 01:10:29.153909,4.26217530096885,3.001258611679077,3.0804052352905273
1317,2020-09-01 01:10:30.055857,4.26217530096885,3.001258611679077,3.0804052352905273
1318,2020-09-01 01:10:30.973953,4.2452854589569,3.0481717586517334,3.1229803562164307
1319,2020-09-01 01:10:31.763944,4.2452854589569,3.0481717586517334,3.1229803562164307
1320,2020-09-01 01:10:32.604225,4.2452854589569,3.0481717586517334,3.1229803562164307
1321,2020-09-01 01:10:33.502734,4.2452854589569,3.0481717586517334,3.165494441986084
1322,2020-09-01 01:10:34.335721,4.22840389946941,3.0950396060943604,3.165494441986084
1323,2020-09-01 01:10:35.120141,4.22840389946941,3.0950396060943604,3.165494441986084
1324,2020-09-01 01:10:36.070171,4.21153072190356,3.141862154006958,3.207947015762329
1325,2020-09-01 01:10:36.870685,4.21153072190356,3.141862154006958,3.207947015762329
1326,2020-09-01 01:10:37.719703,4.21153072190356,3.141862154006958,3.207947015762329
1327,2020-09-01 01:10:38.609049,4.19466602459568,3.1886396408081055,3.250338315963745
1328,2020-09-01 01:10:39.445057,4.19466602459568,3.1886396408081055,3.250338315963745
1329,2020-09-01 01:10:40.290018,4.19466602459568,3.1886396408081055,3.250338315963745
1330,2020-09-01 01:10:41.066802,4.19466602459568,3.1886396408081055,3.292668581008911
1331,2020-09-01 01:10:42.035014,4.17780990482763,3.2353715896606445,3.292668581008911
1332,2020-09-01 01:10:42.870849,4.17780990482763,3.2353715896606445,3.292668581008911
1333,2020-09-01 01:10:43.786077,4.17780990482763,3.2353715896606445,3.292668581008911
1334,2020-09-01 01:10:44.672880,4.1609624594212,3.2820584774017334,3.334937572479248
1335,2020-09-01 01:10:45.514586,4.1609624594212,3.2820584774017334,3.334937572479248
1336,2020-09-01 01:10:46.439356,4.1609624594212,3.2820584774017334,3.377145528793335
1337,2020-09-01 01:10:47.402710,4.14412378523149,3.328700304031372,3.377145528793335
1338,2020-09-01 01:10:48.258704,4.14412378523149,3.328700304031372,3.377145528793335
1339,2020-09-01 01:10:49.150161,4.12729397901295,3.3752965927124023,3.4192922115325928
1340,2020-09-01 01:10:49.967992,4.12729397901295,3.3752965927124023,3.4192922115325928
1341,2020-09-01 01:10:50.841244,4.12729397901295,3.3752965927124023,3.4192922115325928
1342,2020-09-01 01:10:51.911038,4.11047314207607,3.4218480587005615,3.4613778591156006
1343,2020-09-01 01:10:52.809873,4.11047314207607,3.4218480587005615,3.4613778591156006
1344,2020-09-01 01:10:53.655502,4.11047314207607,3.4218480587005615,3.4613778591156006
1345,2020-09-01 01:10:54.588122,4.0936613755362,3.4218480587005615,3.5034024715423584
1346,2020-09-01 01:10:55.445827,4.0936613755362,3.4683539867401123,3.5034024715423584
1347,2020-09-01 01:10:56.364962,4.0936613755362,3.4683539867401123,3.5034024715423584
1348,2020-09-01 01:10:57.214117,4.0936613755362,3.4683539867401123,3.5453662872314453
1349,2020-09-01 01:10:58.055491,4.07685877898321,3.514814853668213,3.5453662872314453
1350,2020-09-01 01:10:58.956674,4.07685877898321,3.514814853668213,3.5453662872314453
1351,2020-09-01 01:10:59.918633,4.07685877898321,3.514814853668213,3.5453662872314453
1352,2020-09-01 01:11:00.743016,4.06006545049651,3.5612306594848633,3.587268829345703
1353,2020-09-01 01:11:01.718382,4.06006545049651,3.5612306594848633,3.587268829345703
1354,2020-09-01 01:11:02.600607,4.06006545049651,3.5612306594848633,3.587268829345703
1355,2020-09-01 01:11:03.618822,4.05056363499402,3.591236114501953,3.619279623031616
1356,2020-09-01 01:11:04.531587,4.05056363499402,3.591236114501953,3.619279623031616
1357,2020-09-01 01:11:05.381730,4.05056363499402,3.591236114501953,3.619279623031616
1358,2020-09-01 01:11:06.233967,4.05056363499402,3.591236114501953,3.6388845443725586
1359,2020-09-01 01:11:07.069763,4.04480594395642,3.609617233276367,3.6388845443725586
1360,2020-09-01 01:11:07.952272,4.04480594395642,3.609617233276367,3.6388845443725586
1361,2020-09-01 01:11:08.858130,4.04480594395642,3.609617233276367,3.6388845443725586
1362,2020-09-01 01:11:09.834023,4.02965905536884,3.6579716205596924,3.690450668334961
1363,2020-09-01 01:11:10.697987,4.02965905536884,3.6579716205596924,3.690450668334961
1364,2020-09-01 01:11:11.669630,4.02965905536884,3.6579716205596924,3.690450668334961
1365,2020-09-01 01:11:12.568981,4.01452517422599,3.706280469894409,3.7419474124908447
1366,2020-09-01 01:11:13.478111,4.01452517422599,3.706280469894409,3.7419474124908447
1367,2020-09-01 01:11:14.329528,4.01452517422599,3.706280469894409,3.7419474124908447
1368,2020-09-01 01:11:15.213769,3.99940438887441,3.754544258117676,3.793375253677368
1369,2020-09-01 01:11:16.182469,3.99940438887441,3.754544258117676,3.793375253677368
1370,2020-09-01 01:11:17.104880,3.99940438887441,3.754544258117676,3.793375253677368
1371,2020-09-01 01:11:18.029613,3.98429678694558,3.802762508392334,3.844733953475952
1372,2020-09-01 01:11:19.017597,3.98429678694558,3.802762508392334,3.844733953475952
1373,2020-09-01 01:11:19.867114,3.98429678694558,3.802762508392334,3.8960235118865967
1374,2020-09-01 01:11:20.732012,3.96920245535991,3.850935697555542,3.8960235118865967
1375,2020-09-01 01:11:21.637418,3.96920245535991,3.850935697555542,3.8960235118865967
1376,2020-09-01 01:11:22.573607,3.96920245535991,3.850935697555542,3.947244167327881
1377,2020-09-01 01:11:23.538846,3.95412148033041,3.8990633487701416,3.947244167327881
1378,2020-09-01 01:11:24.441601,3.95412148033041,3.8990633487701416,3.947244167327881
1379,2020-09-01 01:11:25.428235,3.95412148033041,3.8990633487701416,3.9983956813812256
1380,2020-09-01 01:11:26.397819,3.93905394736652,3.947145938873291,3.9983956813812256
1381,2020-09-01 01:11:27.275120,3.93905394736652,3.947145938873291,3.9983956813812256
1382,2020-09-01 01:11:28.191653,3.93905394736652,3.947145938873291,3.9983956813812256
1383,2020-09-01 01:11:29.073828,3.92399994127774,3.995183229446411,4.049478530883789
1384,2020-09-01 01:11:29.945929,3.92399994127774,3.995183229446411,4.049478530883789
1385,2020-09-01 01:11:30.817420,3.92399994127774,3.995183229446411,4.049478530883789
1386,2020-09-01 01:11:31.751253,3.9089595461774,4.043175220489502,4.100492477416992
1387,2020-09-01 01:11:32.664340,3.9089595461774,4.043175220489502,4.100492477416992
1388,2020-09-01 01:11:33.582104,3.9089595461774,4.043175220489502,4.100492477416992
1389,2020-09-01 01:11:34.423030,3.8939328454863,4.091122150421143,4.151437282562256
1390,2020-09-01 01:11:35.343724,3.8939328454863,4.091122150421143,4.151437282562256
1391,2020-09-01 01:11:36.225758,3.8939328454863,4.091122150421143,4.151437282562256
1392,2020-09-01 01:11:37.189733,3.87891992193637,4.139023780822754,4.202313423156738
1393,2020-09-01 01:11:38.180387,3.87891992193637,4.139023780822754,4.202313423156738
1394,2020-09-01 01:11:39.028748,3.87891992193637,4.139023780822754,4.202313423156738
1395,2020-09-01 01:11:39.958641,3.86613432887624,4.188748359680176,4.272116661071777
1396,2020-09-01 01:11:40.762447,3.86613432887624,4.188748359680176,4.272116661071777
1397,2020-09-01 01:11:41.622230,3.86613432887624,4.188748359680176,4.272116661071777
1398,2020-09-01 01:11:42.474337,3.86613432887624,4.188748359680176,4.34183406829834
1399,2020-09-01 01:11:43.358547,3.85336550579824,4.238428115844727,4.34183406829834
1400,2020-09-01 01:11:44.185696,3.85336550579824,4.238428115844727,4.34183406829834
1401,2020-09-01 01:11:45.101690,3.85336550579824,4.238428115844727,4.411465167999268
1402,2020-09-01 01:11:45.953296,3.84061353481451,4.288063049316406,4.411465167999268
1403,2020-09-01 01:11:46.944956,3.84061353481451,4.288063049316406,4.411465167999268
1404,2020-09-01 01:11:47.759181,3.84061353481451,4.288063049316406,4.481009483337402
1405,2020-09-01 01:11:48.653275,3.82787850257672,4.337653160095215,4.481009483337402
1406,2020-09-01 01:11:49.597387,3.82787850257672,4.337653160095215,4.481009483337402
1407,2020-09-01 01:11:50.460802,3.82787850257672,4.337653160095215,4.481009483337402
1408,2020-09-01 01:11:51.404274,3.81668665522524,4.337653160095215,4.542133331298828
1409,2020-09-01 01:11:52.205243,3.81668665522524,4.381253242492676,4.542133331298828
1410,2020-09-01 01:11:53.117667,3.81668665522524,4.381253242492676,4.542133331298828
1411,2020-09-01 01:11:53.959682,3.81553377026306,4.381253242492676,4.550468444824219
1412,2020-09-01 01:11:54.768698,3.81553377026306,4.387200355529785,4.550468444824219
1413,2020-09-01 01:11:55.607718,3.81553377026306,4.387200355529785,4.550468444824219
1414,2020-09-01 01:11:56.669291,3.80593118094886,4.387200355529785,4.619916915893555
1415,2020-09-01 01:11:57.629821,3.80593118094886,4.436753749847412,4.619916915893555
1416,2020-09-01 01:11:58.534458,3.80593118094886,4.436753749847412,4.619916915893555
1417,2020-09-01 01:11:59.505350,3.83222802451793,4.487102508544922,4.555245876312256
1418,2020-09-01 01:12:00.397011,3.83222802451793,4.487102508544922,4.555245876312256
1419,2020-09-01 01:12:01.224223,3.83222802451793,4.487102508544922,4.555245876312256
1420,2020-09-01 01:12:02.165227,3.85834585320127,4.53742790222168,4.490575313568115
1421,2020-09-01 01:12:03.159496,3.85834585320127,4.53742790222168,4.490575313568115
1422,2020-09-01 01:12:04.098542,3.85834585320127,4.53742790222168,4.490575313568115
1423,2020-09-01 01:12:05.002797,3.88428551196149,4.587729454040527,4.425904273986816
1424,2020-09-01 01:12:05.886635,3.88428551196149,4.587729454040527,4.425904273986816
1425,2020-09-01 01:12:06.775845,3.88428551196149,4.587729454040527,4.425904273986816
1426,2020-09-01 01:12:07.717121,3.91004784690332,4.638007640838623,4.361233234405518
1427,2020-09-01 01:12:08.677712,3.91004784690332,4.638007640838623,4.361233234405518
1428,2020-09-01 01:12:09.618849,3.91004784690332,4.638007640838623,4.361233234405518
1429,2020-09-01 01:12:10.558381,3.93563370526201,4.688261985778809,4.296562194824219
1430,2020-09-01 01:12:11.408176,3.93563370526201,4.688261985778809,4.296562194824219
1431,2020-09-01 01:12:12.237578,3.93563370526201,4.688261985778809,4.296562194824219
1432,2020-09-01 01:12:13.197878,3.93563370526201,4.688261985778809,4.231891632080078
1433,2020-09-01 01:12:14.048981,3.9610439353911,4.738492488861084,4.231891632080078
1434,2020-09-01 01:12:14.903841,3.9610439353911,4.738492488861084,4.231891632080078
1435,2020-09-01 01:12:15.840599,3.9610439353911,4.738492488861084,4.231891632080078
1436,2020-09-01 01:12:16.690597,3.98672757489098,4.790135383605957,4.16694450378418
1437,2020-09-01 01:12:17.532100,3.98672757489098,4.790135383605957,4.16694450378418
1438,2020-09-01 01:12:18.488782,3.98672757489098,4.790135383605957,4.16694450378418
1439,2020-09-01 01:12:19.503917,4.01223839769567,4.8417534828186035,4.1019978523254395
1440,2020-09-01 01:12:20.368303,4.01223839769567,4.8417534828186035,4.1019978523254395
1441,2020-09-01 01:12:21.244281,4.01223839769567,4.8417534828186035,4.1019978523254395
1442,2020-09-01 01:12:22.055784,4.01223839769567,4.8417534828186035,4.1019978523254395
1443,2020-09-01 01:12:23.018252,4.03757725122721,4.893347263336182,4.037050724029541
1444,2020-09-01 01:12:23.836094,4.03757725122721,4.893347263336182,4.037050724029541
1445,2020-09-01 01:12:24.681898,4.03757725122721,4.893347263336182,3.972104072570801
1446,2020-09-01 01:12:25.590537,4.06274498391049,4.944915771484375,3.972104072570801
1447,2020-09-01 01:12:26.563233,4.06274498391049,4.944915771484375,3.972104072570801
1448,2020-09-01 01:12:27.375346,4.06274498391049,4.944915771484375,3.972104072570801
1449,2020-09-01 01:12:28.255959,4.08774244515737,4.9964599609375,3.9071571826934814
1450,2020-09-01 01:12:29.130106,4.08774244515737,4.9964599609375,3.9071571826934814
1451,2020-09-01 01:12:30.003050,4.08774244515737,4.9964599609375,3.9071571826934814
1452,2020-09-01 01:12:30.828321,4.11257048535008,5.047979354858398,3.842210292816162
1453,2020-09-01 01:12:31.785144,4.11257048535008,5.047979354858398,3.842210292816162
1454,2020-09-01 01:12:32.688227,4.11257048535008,5.047979354858398,3.7772634029388428
1455,2020-09-01 01:12:33.652701,4.13722995582405,5.099473476409912,3.7772634029388428
1456,2020-09-01 01:12:34.498317,4.13722995582405,5.099473476409912,3.7772634029388428
1457,2020-09-01 01:12:35.445293,4.13722995582405,5.099473476409912,3.7123165130615234
1458,2020-09-01 01:12:36.310219,4.16172170885021,5.150942802429199,3.7123165130615234
1459,2020-09-01 01:12:37.289776,4.16172170885021,5.150942802429199,3.7123165130615234
1460,2020-09-01 01:12:38.176059,4.16172170885021,5.150942802429199,3.647369623184204
1461,2020-09-01 01:12:39.071425,4.18604659761651,5.202386856079102,3.647369623184204
1462,2020-09-01 01:12:39.947773,4.18604659761651,5.202386856079102,3.647369623184204
1463,2020-09-01 01:12:40.966300,4.20327993101246,5.202386856079102,3.601040840148926
1464,2020-09-01 01:12:41.803742,4.20327993101246,5.239065647125244,3.601040840148926
1465,2020-09-01 01:12:42.700907,4.20327993101246,5.239065647125244,3.601040840148926
1466,2020-09-01 01:12:43.652193,4.21039499686761,5.239065647125244,3.5824227333068848
1467,2020-09-01 01:12:44.568094,4.21039499686761,5.25380802154541,3.5824227333068848
1468,2020-09-01 01:12:45.489361,4.21039499686761,5.25380802154541,3.5824227333068848
1469,2020-09-01 01:12:46.414412,4.21039499686761,5.25380802154541,3.5824227333068848
1470,2020-09-01 01:12:47.350013,4.21039499686761,5.25380802154541,3.5824227333068848
1471,2020-09-01 01:12:48.159394,4.21039499686761,5.25380802154541,3.5824227333068848
1472,2020-09-01 01:12:49.052211,4.23518077389718,5.3052287101745605,3.5174758434295654
1473,2020-09-01 01:12:49.988088,4.23518077389718,5.3052287101745605,3.5174758434295654
1474,2020-09-01 01:12:50.867769,4.23518077389718,5.3052287101745605,3.5174758434295654
1475,2020-09-01 01:12:51.729701,4.23518077389718,5.3052287101745605,3.452528953552246
1476,2020-09-01 01:12:52.657219,4.26051485833456,5.356647968292236,3.452528953552246
1477,2020-09-01 01:12:53.448976,4.26051485833456,5.356647968292236,3.452528953552246
1478,2020-09-01 01:12:54.383681,4.26051485833456,5.356647968292236,3.452528953552246
1479,2020-09-01 01:12:55.279529,4.28506885628049,5.406999111175537,3.3687150478363037
1480,2020-09-01 01:12:56.169038,4.28506885628049,5.406999111175537,3.3687150478363037
1481,2020-09-01 01:12:57.125303,4.28506885628049,5.406999111175537,3.3687150478363037
1482,2020-09-01 01:12:58.146485,4.32925896166851,5.390222072601318,3.2849018573760986
1483,2020-09-01 01:12:58.998829,4.32925896166851,5.390222072601318,3.2849018573760986
1484,2020-09-01 01:12:59.912685,4.32925896166851,5.390222072601318,3.2849018573760986
1485,2020-09-01 01:13:00.821638,4.37327475420361,5.3734450340271,3.20108962059021
1486,2020-09-01 01:13:01.739684,4.37327475420361,5.3734450340271,3.20108962059021
1487,2020-09-01 01:13:02.697986,4.37327475420361,5.3734450340271,3.20108962059021
1488,2020-09-01 01:13:03.673922,4.41711709014486,5.356667995452881,3.1172780990600586
1489,2020-09-01 01:13:04.607350,4.41711709014486,5.356667995452881,3.1172780990600586
1490,2020-09-01 01:13:05.547807,4.41711709014486,5.356667995452881,3.0334675312042236
1491,2020-09-01 01:13:06.454107,4.46078682386991,5.339890956878662,3.0334675312042236
1492,2020-09-01 01:13:07.313838,4.46078682386991,5.339890956878662,3.0334675312042236
1493,2020-09-01 01:13:08.141488,4.46078682386991,5.339890956878662,3.0334675312042236
1494,2020-09-01 01:13:09.062944,4.50428480786923,5.323113918304443,2.949657917022705
1495,2020-09-01 01:13:09.939417,4.50428480786923,5.323113918304443,2.949657917022705
1496,2020-09-01 01:13:10.821556,4.50428480786923,5.323113918304443,2.949657917022705
1497,2020-09-01 01:13:11.721586,4.54761189274019,5.306336879730225,2.865849018096924
1498,2020-09-01 01:13:12.656949,4.54761189274019,5.306336879730225,2.865849018096924
1499,2020-09-01 01:13:13.537519,4.54761189274019,5.306336879730225,2.865849018096924
1500,2020-09-01 01:13:14.366830,4.59076892718103,5.289559841156006,2.782041072845459
1501,2020-09-01 01:13:15.277607,4.59076892718103,5.289559841156006,2.782041072845459
1502,2020-09-01 01:13:16.138726,4.59076892718103,5.289559841156006,2.782041072845459
1503,2020-09-01 01:13:17.108153,4.60244236620717,5.272782802581787,2.8376152515411377
1504,2020-09-01 01:13:18.038957,4.60244236620717,5.272782802581787,2.8376152515411377
1505,2020-09-01 01:13:18.956742,4.60244236620717,5.272782802581787,2.8376152515411377
1506,2020-09-01 01:13:19.827609,4.60244236620717,5.272782802581787,2.893143892288208
1507,2020-09-01 01:13:20.674417,4.61408629141256,5.256005764007568,2.893143892288208
1508,2020-09-01 01:13:21.613822,4.61408629141256,5.256005764007568,2.893143892288208
1509,2020-09-01 01:13:22.463649,4.6257009734334,5.256005764007568,2.948626756668091
1510,2020-09-01 01:13:23.341311,4.6257009734334,5.23922872543335,2.948626756668091
1511,2020-09-01 01:13:24.262627,4.6257009734334,5.23922872543335,2.948626756668091
1512,2020-09-01 01:13:25.186549,4.6257009734334,5.23922872543335,3.004063844680786
1513,2020-09-01 01:13:26.035628,4.63728668070375,5.222451686859131,3.004063844680786
1514,2020-09-01 01:13:26.930047,4.63728668070375,5.222451686859131,3.004063844680786
1515,2020-09-01 01:13:27.755082,4.63728668070375,5.222451686859131,3.070160150527954
1516,2020-09-01 01:13:28.725883,4.64922853079158,5.204345226287842,3.070160150527954
1517,2020-09-01 01:13:29.657005,4.64922853079158,5.204345226287842,3.070160150527954
1518,2020-09-01 01:13:30.498326,4.66114342855055,5.1862382888793945,3.136200428009033
1519,2020-09-01 01:13:31.400859,4.66114342855055,5.1862382888793945,3.136200428009033
1520,2020-09-01 01:13:32.295089,4.66114342855055,5.1862382888793945,3.136200428009033
1521,2020-09-01 01:13:33.214518,4.67167620755919,5.168131351470947,3.2021515369415283
1522,2020-09-01 01:13:34.100092,4.67167620755919,5.168131351470947,3.2021515369415283
1523,2020-09-01 01:13:34.980308,4.67167620755919,5.168131351470947,3.2021515369415283
1524,2020-09-01 01:13:35.812034,4.67167620755919,5.168131351470947,3.2680439949035645
1525,2020-09-01 01:13:36.681145,4.68211531785713,5.1500244140625,3.2680439949035645
1526,2020-09-01 01:13:37.532156,4.68211531785713,5.1500244140625,3.2680439949035645
1527,2020-09-01 01:13:38.551437,4.69246149482079,5.131917953491211,3.3338770866394043
1528,2020-09-01 01:13:39.303338,4.69246149482079,5.131917953491211,3.3338770866394043
1529,2020-09-01 01:13:40.197411,4.69246149482079,5.131917953491211,3.3338770866394043
1530,2020-09-01 01:13:41.043165,4.70271547194575,5.131917953491211,3.399651050567627
1531,2020-09-01 01:13:41.876254,4.70271547194575,5.113811016082764,3.399651050567627
1532,2020-09-01 01:13:42.774523,4.70271547194575,5.113811016082764,3.399651050567627
1533,2020-09-01 01:13:43.589840,4.70271547194575,5.113811016082764,3.4653661251068115
1534,2020-09-01 01:13:44.509548,4.71287798081671,5.095704078674316,3.4653661251068115
1535,2020-09-01 01:13:45.319016,4.71287798081671,5.095704078674316,3.4653661251068115
1536,2020-09-01 01:13:46.070938,4.71287798081671,5.095704078674316,3.4653661251068115
1537,2020-09-01 01:13:47.005929,4.72294975107756,5.077597618103027,3.5310218334198
1538,2020-09-01 01:13:47.943547,4.72294975107756,5.077597618103027,3.5310218334198
1539,2020-09-01 01:13:48.752817,4.72294975107756,5.077597618103027,3.596618175506592
1540,2020-09-01 01:13:49.615801,4.73293151040147,5.05949068069458,3.596618175506592
1541,2020-09-01 01:13:50.481846,4.73293151040147,5.05949068069458,3.596618175506592
1542,2020-09-01 01:13:51.420885,4.73293151040147,5.05949068069458,3.6621556282043457
1543,2020-09-01 01:13:52.378317,4.74282398446107,5.041383743286133,3.6621556282043457
1544,2020-09-01 01:13:53.258206,4.74282398446107,5.041383743286133,3.6621556282043457
1545,2020-09-01 01:13:54.136141,4.74282398446107,5.041383743286133,3.6621556282043457
1546,2020-09-01 01:13:55.086317,4.75262789689866,5.023277282714844,3.727633476257324
1547,2020-09-01 01:13:56.050936,4.75262789689866,5.023277282714844,3.727633476257324
1548,2020-09-01 01:13:57.007223,4.75262789689866,5.023277282714844,3.727633476257324
1549,2020-09-01 01:13:57.859960,4.76234396929657,5.0051703453063965,3.7930519580841064
1550,2020-09-01 01:13:58.734442,4.76234396929657,5.0051703453063965,3.7930519580841064
1551,2020-09-01 01:13:59.605115,4.76234396929657,5.0051703453063965,3.7930519580841064
1552,2020-09-01 01:14:00.490254,4.76938922143187,4.980826377868652,3.841588020324707
1553,2020-09-01 01:14:01.350617,4.76938922143187,4.980826377868652,3.841588020324707
1554,2020-09-01 01:14:02.206327,4.76938922143187,4.980826377868652,3.841588020324707
1555,2020-09-01 01:14:03.133522,4.77633032043353,4.956482887268066,3.8900794982910156
1556,2020-09-01 01:14:04.029291,4.77633032043353,4.956482887268066,3.8900794982910156
1557,2020-09-01 01:14:04.860553,4.77633032043353,4.956482887268066,3.8900794982910156
1558,2020-09-01 01:14:05.721596,4.78316808746827,4.9321393966674805,3.938526153564453
1559,2020-09-01 01:14:06.540860,4.78316808746827,4.9321393966674805,3.938526153564453
1560,2020-09-01 01:14:07.419892,4.78316808746827,4.9321393966674805,3.938526153564453
1561,2020-09-01 01:14:08.354886,4.78316808746827,4.9321393966674805,3.9869282245635986
1562,2020-09-01 01:14:09.233988,4.78990334197465,4.9077959060668945,3.9869282245635986
1563,2020-09-01 01:14:10.165773,4.78990334197465,4.9077959060668945,3.9869282245635986
1564,2020-09-01 01:14:11.014310,4.78990334197465,4.9077959060668945,3.9869282245635986
1565,2020-09-01 01:14:11.927954,4.79653690162614,4.88345193862915,4.035285472869873
1566,2020-09-01 01:14:12.800005,4.79653690162614,4.88345193862915,4.035285472869873
1567,2020-09-01 01:14:13.668620,4.79653690162614,4.88345193862915,4.035285472869873
1568,2020-09-01 01:14:14.582025,4.80306958229394,4.8591084480285645,4.083597660064697
1569,2020-09-01 01:14:15.505138,4.80306958229394,4.8591084480285645,4.083597660064697
1570,2020-09-01 01:14:16.374501,4.80950219800972,4.8347649574279785,4.13186502456665
1571,2020-09-01 01:14:17.282857,4.80950219800972,4.8347649574279785,4.13186502456665
1572,2020-09-01 01:14:18.075144,4.80950219800972,4.8347649574279785,4.13186502456665
1573,2020-09-01 01:14:18.988939,4.80950219800972,4.8347649574279785,4.180087566375732
1574,2020-09-01 01:14:19.933091,4.81583556092818,4.810420989990234,4.180087566375732
1575,2020-09-01 01:14:20.823809,4.81583556092818,4.810420989990234,4.180087566375732
1576,2020-09-01 01:14:21.832952,4.82207048128944,4.786077499389648,4.228265285491943
1577,2020-09-01 01:14:22.671282,4.82207048128944,4.786077499389648,4.228265285491943
1578,2020-09-01 01:14:23.500064,4.82207048128944,4.786077499389648,4.228265285491943
1579,2020-09-01 01:14:24.354877,4.82820776738144,4.7617340087890625,4.276397705078125
1580,2020-09-01 01:14:25.262076,4.82820776738144,4.7617340087890625,4.276397705078125
1581,2020-09-01 01:14:26.180707,4.82820776738144,4.7617340087890625,4.276397705078125
1582,2020-09-01 01:14:27.088777,4.83424822550217,4.737390041351318,4.3244853019714355
1583,2020-09-01 01:14:27.917854,4.83424822550217,4.737390041351318,4.3244853019714355
1584,2020-09-01 01:14:28.866863,4.83424822550217,4.737390041351318,4.3244853019714355
1585,2020-09-01 01:14:29.733085,4.83424822550217,4.737390041351318,4.372527599334717
1586,2020-09-01 01:14:30.683813,4.84019265992183,4.713046550750732,4.372527599334717
1587,2020-09-01 01:14:31.555537,4.84019265992183,4.713046550750732,4.372527599334717
1588,2020-09-01 01:14:32.608657,4.84225470180668,4.713046550750732,4.386612892150879
1589,2020-09-01 01:14:33.449738,4.84225470180668,4.6838483810424805,4.386612892150879
1590,2020-09-01 01:14:34.323805,4.84225470180668,4.6838483810424805,4.386612892150879
1591,2020-09-01 01:14:35.238840,4.84420032617021,4.6546502113342285,4.400684356689453
1592,2020-09-01 01:14:36.156109,4.84420032617021,4.6546502113342285,4.400684356689453
1593,2020-09-01 01:14:37.041871,4.84420032617021,4.6546502113342285,4.400684356689453
1594,2020-09-01 01:14:37.910714,4.84603047125486,4.625452041625977,4.414742469787598
1595,2020-09-01 01:14:38.823364,4.84603047125486,4.625452041625977,4.414742469787598
1596,2020-09-01 01:14:39.674181,4.84603047125486,4.625452041625977,4.414742469787598
1597,2020-09-01 01:14:40.610225,4.84766601023277,4.625452041625977,4.428131580352783
1598,2020-09-01 01:14:41.507051,4.84766601023277,4.597616672515869,4.428131580352783
1599,2020-09-01 01:14:42.468382,4.84766601023277,4.597616672515869,4.428131580352783
1600,2020-09-01 01:14:43.394321,4.84766601023277,4.597616672515869,4.428786277770996
1601,2020-09-01 01:14:44.212053,4.84774567473758,4.596253871917725,4.428786277770996
1602,2020-09-01 01:14:45.100545,4.84774567473758,4.596253871917725,4.428786277770996
1603,2020-09-01 01:14:45.971543,4.84774567473758,4.596253871917725,4.428786277770996
1604,2020-09-01 01:14:46.896700,4.84944758193114,4.567056179046631,4.4428181648254395
1605,2020-09-01 01:14:47.862361,4.84944758193114,4.567056179046631,4.4428181648254395
1606,2020-09-01 01:14:48.849476,4.84944758193114,4.567056179046631,4.456835746765137
1607,2020-09-01 01:14:49.660671,4.85103812365175,4.537858009338379,4.456835746765137
1608,2020-09-01 01:14:50.563408,4.85103812365175,4.537858009338379,4.456835746765137
1609,2020-09-01 01:14:51.375407,4.85103812365175,4.537858009338379,4.456835746765137
1610,2020-09-01 01:14:52.380936,4.85251822404152,4.508659839630127,4.4708404541015625
1611,2020-09-01 01:14:53.231833,4.85251822404152,4.508659839630127,4.4708404541015625
1612,2020-09-01 01:14:54.132934,4.85251822404152,4.508659839630127,4.4708404541015625
1613,2020-09-01 01:14:55.028100,4.85388880381313,4.479461669921875,4.484830856323242
1614,2020-09-01 01:14:55.981558,4.85388880381313,4.479461669921875,4.484830856323242
1615,2020-09-01 01:14:56.882925,4.85388880381313,4.479461669921875,4.484830856323242
1616,2020-09-01 01:14:57.765572,4.85515078013465,4.479461669921875,4.498807907104492
1617,2020-09-01 01:14:58.663928,4.85515078013465,4.450263500213623,4.498807907104492
1618,2020-09-01 01:14:59.667301,4.85515078013465,4.450263500213623,4.498807907104492
1619,2020-09-01 01:15:00.533699,4.85630506647735,4.421065330505371,4.512771129608154
1620,2020-09-01 01:15:01.523280,4.85630506647735,4.421065330505371,4.512771129608154
1621,2020-09-01 01:15:02.376335,4.85630506647735,4.421065330505371,4.512771129608154
1622,2020-09-01 01:15:03.325972,4.85735257242288,4.391867160797119,4.52672004699707
1623,2020-09-01 01:15:04.263078,4.85735257242288,4.391867160797119,4.52672004699707
1624,2020-09-01 01:15:05.251688,4.85735257242288,4.391867160797119,4.52672004699707
1625,2020-09-01 01:15:06.186219,4.85829420342236,4.391867160797119,4.540655136108398
1626,2020-09-01 01:15:07.049990,4.85829420342236,4.362668991088867,4.540655136108398
1627,2020-09-01 01:15:07.962594,4.85829420342236,4.362668991088867,4.540655136108398
1628,2020-09-01 01:15:08.833586,4.89159547182389,4.362668991088867,4.412413597106934
1629,2020-09-01 01:15:09.707879,4.89159547182389,4.328881740570068,4.412413597106934
1630,2020-09-01 01:15:10.602277,4.89159547182389,4.328881740570068,4.412413597106934
1631,2020-09-01 01:15:11.557952,4.89159547182389,4.328881740570068,4.284173965454102
1632,2020-09-01 01:15:12.497860,4.92461830099366,4.295094013214111,4.284173965454102
1633,2020-09-01 01:15:13.371481,4.92461830099366,4.295094013214111,4.284173965454102
1634,2020-09-01 01:15:14.240937,4.92461830099366,4.295094013214111,4.1559367179870605
1635,2020-09-01 01:15:15.104356,4.95736350395316,4.261306285858154,4.1559367179870605
1636,2020-09-01 01:15:16.046662,4.95736350395316,4.261306285858154,4.1559367179870605
1637,2020-09-01 01:15:17.052131,4.95736350395316,4.261306285858154,4.0277018547058105
1638,2020-09-01 01:15:17.922413,4.98983189788522,4.227518558502197,4.0277018547058105
1639,2020-09-01 01:15:18.705655,4.98983189788522,4.227518558502197,4.0277018547058105
1640,2020-09-01 01:15:19.672304,4.98983189788522,4.227518558502197,3.8994688987731934
1641,2020-09-01 01:15:20.592513,5.03413892259547,4.193731307983398,3.8994688987731934
1642,2020-09-01 01:15:21.468465,5.03413892259547,4.193731307983398,3.8994688987731934
1643,2020-09-01 01:15:22.328028,5.03413892259547,4.193731307983398,3.8994688987731934
1644,2020-09-01 01:15:23.238396,5.07829342041984,4.159943580627441,3.771238088607788
1645,2020-09-01 01:15:24.081707,5.07829342041984,4.159943580627441,3.771238088607788
1646,2020-09-01 01:15:24.932680,5.07829342041984,4.159943580627441,3.771238088607788
1647,2020-09-01 01:15:25.806234,5.07829342041984,4.159943580627441,3.643009662628174
1648,2020-09-01 01:15:26.725653,5.12229602202002,4.126155853271484,3.643009662628174
1649,2020-09-01 01:15:27.604097,5.12229602202002,4.126155853271484,3.643009662628174
1650,2020-09-01 01:15:28.462146,5.12229602202002,4.126155853271484,3.643009662628174
1651,2020-09-01 01:15:29.272552,5.16614735686034,4.092368125915527,3.5147833824157715
1652,2020-09-01 01:15:30.154825,5.16614735686034,4.092368125915527,3.5147833824157715
1653,2020-09-01 01:15:31.065475,5.16614735686034,4.092368125915527,3.5147833824157715
1654,2020-09-01 01:15:32.034045,5.20984805320376,4.0585808753967285,3.38655948638916
1655,2020-09-01 01:15:32.946224,5.20984805320376,4.0585808753967285,3.38655948638916
1656,2020-09-01 01:15:33.856860,5.20984805320376,4.0585808753967285,3.38655948638916
1657,2020-09-01 01:15:34.783936,5.25339873810793,4.0247931480407715,3.2583374977111816
1658,2020-09-01 01:15:35.674804,5.25339873810793,4.0247931480407715,3.2583374977111816
1659,2020-09-01 01:15:36.587022,5.29680003742114,3.9910054206848145,3.1301181316375732
1660,2020-09-01 01:15:37.502021,5.29680003742114,3.9910054206848145,3.1301181316375732
1661,2020-09-01 01:15:38.510179,5.29680003742114,3.9910054206848145,3.1301181316375732
1662,2020-09-01 01:15:39.456035,5.34005257577819,3.9572179317474365,3.0019006729125977
1663,2020-09-01 01:15:40.391486,5.34005257577819,3.9572179317474365,3.0019006729125977
1664,2020-09-01 01:15:41.278995,5.34005257577819,3.9572179317474365,3.0019006729125977
1665,2020-09-01 01:15:42.146853,5.38322114064331,3.9572179317474365,2.8671321868896484
1666,2020-09-01 01:15:43.099434,5.38322114064331,3.922783136367798,2.8671321868896484
1667,2020-09-01 01:15:43.990430,5.38322114064331,3.922783136367798,2.8671321868896484
1668,2020-09-01 01:15:44.855183,5.38322114064331,3.888348340988159,2.7323663234710693
1669,2020-09-01 01:15:45.686391,5.4262422048011,3.888348340988159,2.7323663234710693
1670,2020-09-01 01:15:46.508940,5.4262422048011,3.888348340988159,2.7323663234710693
1671,2020-09-01 01:15:47.383110,5.4262422048011,3.888348340988159,2.5976083278656006
1672,2020-09-01 01:15:48.314495,5.46911638384847,3.8539135456085205,2.5976083278656006
1673,2020-09-01 01:15:49.192395,5.46911638384847,3.8539135456085205,2.5976083278656006
1674,2020-09-01 01:15:50.067173,5.46911638384847,3.8539135456085205,2.607253074645996
1675,2020-09-01 01:15:50.944688,5.47763166196906,3.819478750228882,2.607253074645996
1676,2020-09-01 01:15:51.803136,5.47763166196906,3.819478750228882,2.607253074645996
1677,2020-09-01 01:15:52.721456,5.47763166196906,3.819478750228882,2.616896629333496
1678,2020-09-01 01:15:53.650963,5.48614437813924,3.785043954849243,2.616896629333496
1679,2020-09-01 01:15:54.500646,5.48614437813924,3.785043954849243,2.616896629333496
1680,2020-09-01 01:15:55.378024,5.48614437813924,3.785043954849243,2.6265034675598145
1681,2020-09-01 01:15:56.244919,5.49259219829406,3.7506091594696045,2.6265034675598145
1682,2020-09-01 01:15:57.083577,5.49259219829406,3.7506091594696045,2.6265034675598145
1683,2020-09-01 01:15:57.966477,5.49259219829406,3.7506091594696045,2.6265034675598145
1684,2020-09-01 01:15:58.889192,5.49259219829406,3.716174364089966,2.636106491088867
1685,2020-09-01 01:15:59.757228,5.49897837900242,3.716174364089966,2.636106491088867
1686,2020-09-01 01:16:00.689967,5.49897837900242,3.716174364089966,2.636106491088867
1687,2020-09-01 01:16:01.538859,5.50530343857417,3.681739568710327,2.645704984664917
1688,2020-09-01 01:16:02.437369,5.50530343857417,3.681739568710327,2.645704984664917
1689,2020-09-01 01:16:03.418295,5.50530343857417,3.681739568710327,2.655299425125122
1690,2020-09-01 01:16:04.329336,5.5115678924752,3.6473047733306885,2.655299425125122
1691,2020-09-01 01:16:05.129697,5.5115678924752,3.6473047733306885,2.655299425125122
1692,2020-09-01 01:16:06.155945,5.51777225322756,3.6473047733306885,2.6648895740509033
1693,2020-09-01 01:16:07.072626,5.51777225322756,3.61286997795105,2.6648895740509033
1694,2020-09-01 01:16:07.959762,5.51777225322756,3.61286997795105,2.6648895740509033
1695,2020-09-01 01:16:08.871163,5.47306094423249,3.578435182571411,2.6725094318389893
1696,2020-09-01 01:16:09.855542,5.47306094423249,3.578435182571411,2.6725094318389893
1697,2020-09-01 01:16:10.764642,5.47306094423249,3.578435182571411,2.6800754070281982
1698,2020-09-01 01:16:11.669850,5.42836652203647,3.5440001487731934,2.6800754070281982
1699,2020-09-01 01:16:12.624309,5.42836652203647,3.5440001487731934,2.6800754070281982
1700,2020-09-01 01:16:13.552862,5.42836652203647,3.5440001487731934,2.683415412902832
1701,2020-09-01 01:16:14.438815,5.38361366251434,3.5178866386413574,2.683415412902832
1702,2020-09-01 01:16:15.277398,5.38361366251434,3.5178866386413574,2.683415412902832
1703,2020-09-01 01:16:16.351627,5.38361366251434,3.5178866386413574,2.6867055892944336
1704,2020-09-01 01:16:17.255559,5.33887639018758,3.4917731285095215,2.6867055892944336
1705,2020-09-01 01:16:18.147087,5.33887639018758,3.4917731285095215,2.6867055892944336
1706,2020-09-01 01:16:19.103069,5.29415469247128,3.4656596183776855,2.689946413040161
1707,2020-09-01 01:16:20.015142,5.29415469247128,3.4656596183776855,2.689946413040161
1708,2020-09-01 01:16:20.905875,5.29415469247128,3.4656596183776855,2.6931374073028564
1709,2020-09-01 01:16:21.809993,5.24944855677614,3.4395458698272705,2.6931374073028564
1710,2020-09-01 01:16:22.690458,5.24944855677614,3.4395458698272705,2.6931374073028564
1711,2020-09-01 01:16:23.634601,5.24944855677614,3.4395458698272705,2.6931374073028564
1712,2020-09-01 01:16:24.520500,5.2047579705085,3.4134323596954346,2.6962788105010986
1713,2020-09-01 01:16:25.371907,5.2047579705085,3.4134323596954346,2.6962788105010986
1714,2020-09-01 01:16:26.266459,5.2047579705085,3.4134323596954346,2.6962788105010986
1715,2020-09-01 01:16:27.240538,5.16008292107034,3.3873188495635986,2.699370861053467
1716,2020-09-01 01:16:28.041659,5.16008292107034,3.3873188495635986,2.699370861053467
1717,2020-09-01 01:16:28.935954,5.16008292107034,3.3873188495635986,2.702413320541382
1718,2020-09-01 01:16:29.853673,5.11542339585938,3.3612053394317627,2.702413320541382
1719,2020-09-01 01:16:30.707072,5.11542339585938,3.3612053394317627,2.702413320541382
1720,2020-09-01 01:16:31.640267,5.11542339585938,3.3612053394317627,2.702413320541382
1721,2020-09-01 01:16:32.605984,5.070779382269,3.3350915908813477,2.705406427383423
1722,2020-09-01 01:16:33.453650,5.070779382269,3.3350915908813477,2.705406427383423
1723,2020-09-01 01:16:34.342022,5.070779382269,3.3350915908813477,2.705406427383423
1724,2020-09-01 01:16:35.257098,5.02615086768832,3.3089780807495117,2.7083499431610107
1725,2020-09-01 01:16:36.085485,5.02615086768832,3.3089780807495117,2.7083499431610107
1726,2020-09-01 01:16:36.997819,5.02615086768832,3.3089780807495117,2.7112443447113037
1727,2020-09-01 01:16:37.810414,4.98153783950224,3.282864570617676,2.7112443447113037
1728,2020-09-01 01:16:38.717697,4.98153783950224,3.282864570617676,2.7112443447113037
1729,2020-09-01 01:16:39.618792,4.98153783950224,3.282864570617676,2.7112443447113037
1730,2020-09-01 01:16:40.510768,4.93694028509141,3.25675106048584,2.7140893936157227
1731,2020-09-01 01:16:41.417244,4.93694028509141,3.25675106048584,2.7140893936157227
1732,2020-09-01 01:16:42.341567,4.93694028509141,3.25675106048584,2.7140893936157227
1733,2020-09-01 01:16:43.258165,4.89235819183229,3.230637311935425,2.7168850898742676
1734,2020-09-01 01:16:44.198843,4.89235819183229,3.230637311935425,2.7168850898742676
1735,2020-09-01 01:16:45.123828,4.89235819183229,3.230637311935425,2.7168850898742676
1736,2020-09-01 01:16:45.994324,4.84833245631579,3.2024669647216797,2.7448415756225586
1737,2020-09-01 01:16:46.932315,4.84833245631579,3.2024669647216797,2.7448415756225586
1738,2020-09-01 01:16:47.824526,4.84833245631579,3.2024669647216797,2.7448415756225586
1739,2020-09-01 01:16:48.734955,4.84833245631579,3.2024669647216797,2.7727246284484863
1740,2020-09-01 01:16:49.695146,4.80432984533184,3.1742963790893555,2.7727246284484863
1741,2020-09-01 01:16:50.581921,4.80432984533184,3.1742963790893555,2.7727246284484863
1742,2020-09-01 01:16:51.432623,4.80432984533184,3.1742963790893555,2.8005337715148926
1743,2020-09-01 01:16:52.267981,4.76035034610122,3.1461260318756104,2.8005337715148926
1744,2020-09-01 01:16:53.074146,4.76035034610122,3.1461260318756104,2.8005337715148926
1745,2020-09-01 01:16:54.005736,4.76035034610122,3.1461260318756104,2.8005337715148926
1746,2020-09-01 01:16:54.923725,4.71639394582802,3.117955446243286,2.8282694816589355
1747,2020-09-01 01:16:55.802585,4.71639394582802,3.117955446243286,2.8282694816589355
1748,2020-09-01 01:16:56.767332,4.71639394582802,3.117955446243286,2.855931520462036
1749,2020-09-01 01:16:57.700397,4.67246063169958,3.089784860610962,2.855931520462036
1750,2020-09-01 01:16:58.644282,4.67246063169958,3.089784860610962,2.855931520462036
1751,2020-09-01 01:16:59.541126,4.67246063169958,3.089784860610962,2.8835201263427734
1752,2020-09-01 01:17:00.420374,4.62855039088655,3.061614513397217,2.8835201263427734
1753,2020-09-01 01:17:01.241249,4.62855039088655,3.061614513397217,2.8835201263427734
1754,2020-09-01 01:17:02.099683,4.62855039088655,3.061614513397217,2.9110352993011475
1755,2020-09-01 01:17:02.900991,4.58466321054281,3.0334439277648926,2.9110352993011475
1756,2020-09-01 01:17:03.853689,4.58466321054281,3.0334439277648926,2.9110352993011475
1757,2020-09-01 01:17:04.669086,4.58466321054281,3.0334439277648926,2.9110352993011475
1758,2020-09-01 01:17:05.526414,4.54079907780559,3.0052733421325684,2.938476800918579
1759,2020-09-01 01:17:06.450962,4.54079907780559,3.0052733421325684,2.938476800918579
1760,2020-09-01 01:17:07.331931,4.54079907780559,3.0052733421325684,2.938476800918579
1761,2020-09-01 01:17:08.284109,4.49695797979533,3.0052733421325684,2.9658451080322266
1762,2020-09-01 01:17:09.090842,4.49695797979533,2.9771029949188232,2.9658451080322266
1763,2020-09-01 01:17:10.032668,4.49695797979533,2.9771029949188232,2.9658451080322266
1764,2020-09-01 01:17:10.915898,4.45313990361578,2.948932409286499,2.9931399822235107
1765,2020-09-01 01:17:11.761125,4.45313990361578,2.948932409286499,2.9931399822235107
1766,2020-09-01 01:17:12.597629,4.45313990361578,2.948932409286499,3.0203614234924316
1767,2020-09-01 01:17:13.521155,4.40934483635394,2.920762062072754,3.0203614234924316
1768,2020-09-01 01:17:14.491468,4.40934483635394,2.920762062072754,3.0203614234924316
1769,2020-09-01 01:17:15.370634,4.40934483635394,2.920762062072754,3.0203614234924316
1770,2020-09-01 01:17:16.229160,4.33658626143161,2.9613535404205322,3.0442185401916504
1771,2020-09-01 01:17:17.178429,4.33658626143161,2.9613535404205322,3.0442185401916504
1772,2020-09-01 01:17:18.075905,4.33658626143161,2.9613535404205322,3.0442185401916504
1773,2020-09-01 01:17:18.935188,4.26417777817146,2.9613535404205322,3.0792436599731445
1774,2020-09-01 01:17:19.818211,4.26417777817146,3.001883029937744,3.0792436599731445
1775,2020-09-01 01:17:20.628865,4.26417777817146,3.001883029937744,3.0792436599731445
1776,2020-09-01 01:17:21.647115,4.26417777817146,3.001883029937744,3.1141605377197266
1777,2020-09-01 01:17:22.572399,4.19183776235191,3.0423336029052734,3.1141605377197266
1778,2020-09-01 01:17:23.347975,4.19183776235191,3.0423336029052734,3.1141605377197266
1779,2020-09-01 01:17:24.167245,4.19183776235191,3.0423336029052734,3.1489691734313965
1780,2020-09-01 01:17:25.063025,4.11956619951872,3.08270525932312,3.1489691734313965
1781,2020-09-01 01:17:25.959245,4.11956619951872,3.08270525932312,3.1489691734313965
1782,2020-09-01 01:17:26.750006,4.11956619951872,3.08270525932312,3.1836695671081543
1783,2020-09-01 01:17:27.603783,4.04736307518189,3.122997760772705,3.1836695671081543
1784,2020-09-01 01:17:28.500966,4.04736307518189,3.122997760772705,3.1836695671081543
1785,2020-09-01 01:17:29.406934,3.97522837481567,3.122997760772705,3.218261957168579
1786,2020-09-01 01:17:30.309095,3.97522837481567,3.1632113456726074,3.218261957168579
1787,2020-09-01 01:17:31.248134,3.97522837481567,3.1632113456726074,3.218261957168579
1788,2020-09-01 01:17:32.096566,3.90316208385849,3.203345775604248,3.252746343612671
1789,2020-09-01 01:17:32.942802,3.90316208385849,3.203345775604248,3.252746343612671
1790,2020-09-01 01:17:33.731894,3.90316208385849,3.203345775604248,3.252746343612671
1791,2020-09-01 01:17:34.636654,3.90316208385849,3.203345775604248,3.2871224880218506
1792,2020-09-01 01:17:35.511020,3.83116418771296,3.243401288986206,3.2871224880218506
1793,2020-09-01 01:17:36.406224,3.83116418771296,3.243401288986206,3.2871224880218506
1794,2020-09-01 01:17:37.215752,3.75923467174583,3.2833778858184814,3.3213908672332764
1795,2020-09-01 01:17:38.174286,3.75923467174583,3.2833778858184814,3.3213908672332764
1796,2020-09-01 01:17:39.004872,3.75923467174583,3.2833778858184814,3.3213908672332764
1797,2020-09-01 01:17:39.841974,3.75923467174583,3.2833778858184814,3.355551242828369
1798,2020-09-01 01:17:40.634599,3.68737352128798,3.323275327682495,3.355551242828369
1799,2020-09-01 01:17:41.478803,3.68737352128798,3.323275327682495,3.355551242828369
1800,2020-09-01 01:17:42.236621,3.68737352128798,3.323275327682495,3.355551242828369
1801,2020-09-01 01:17:43.115506,3.61558072163437,3.363093614578247,3.389603853225708
1802,2020-09-01 01:17:44.019613,3.61558072163437,3.363093614578247,3.389603853225708
1803,2020-09-01 01:17:45.072686,3.61558072163437,3.363093614578247,3.389603853225708
1804,2020-09-01 01:17:45.932432,3.54385625804407,3.4028327465057373,3.423548698425293
1805,2020-09-01 01:17:46.818510,3.54385625804407,3.4028327465057373,3.423548698425293
1806,2020-09-01 01:17:47.732883,3.54385625804407,3.4028327465057373,3.423548698425293
1807,2020-09-01 01:17:48.608991,3.47220011574018,3.4028327465057373,3.457385778427124
1808,2020-09-01 01:17:49.501332,3.47220011574018,3.442492961883545,3.457385778427124
1809,2020-09-01 01:17:50.400977,3.47220011574018,3.442492961883545,3.457385778427124
1810,2020-09-01 01:17:51.291554,3.47220011574018,3.442492961883545,3.4881420135498047
1811,2020-09-01 01:17:52.164731,3.40068497681342,3.482909679412842,3.4881420135498047
1812,2020-09-01 01:17:53.088270,3.40068497681342,3.482909679412842,3.4881420135498047
1813,2020-09-01 01:17:53.897276,3.40068497681342,3.482909679412842,3.4881420135498047
1814,2020-09-01 01:17:54.786613,3.32923738755582,3.5232465267181396,3.518794059753418
1815,2020-09-01 01:17:55.813580,3.32923738755582,3.5232465267181396,3.518794059753418
1816,2020-09-01 01:17:56.837304,3.32923738755582,3.5232465267181396,3.518794059753418
1817,2020-09-01 01:17:57.752214,3.2578573327488,3.5635039806365967,3.5493414402008057
1818,2020-09-01 01:17:58.629566,3.2578573327488,3.5635039806365967,3.5493414402008057
1819,2020-09-01 01:17:59.474530,3.2578573327488,3.5635039806365967,3.5493414402008057
1820,2020-09-01 01:18:00.358076,3.18654479714039,3.5635039806365967,3.579784631729126
1821,2020-09-01 01:18:01.330406,3.18654479714039,3.6036815643310547,3.579784631729126
1822,2020-09-01 01:18:02.233334,3.18654479714039,3.6036815643310547,3.579784631729126
1823,2020-09-01 01:18:03.164630,3.11529976544523,3.6437795162200928,3.6101233959198
1824,2020-09-01 01:18:04.131458,3.11529976544523,3.6437795162200928,3.6101233959198
1825,2020-09-01 01:18:05.080974,3.11529976544523,3.6437795162200928,3.6101233959198
1826,2020-09-01 01:18:05.957480,3.04412222234458,3.683797836303711,3.6403582096099854
1827,2020-09-01 01:18:06.859773,3.04412222234458,3.683797836303711,3.6403582096099854
1828,2020-09-01 01:18:07.663440,3.04412222234458,3.683797836303711,3.6403582096099854
1829,2020-09-01 01:18:08.545040,2.97301215248631,3.72373628616333,3.6704885959625244
1830,2020-09-01 01:18:09.440584,2.97301215248631,3.72373628616333,3.6704885959625244
1831,2020-09-01 01:18:10.298958,2.97301215248631,3.72373628616333,3.6704885959625244
1832,2020-09-01 01:18:11.089120,2.97301215248631,3.72373628616333,3.6704885959625244
1833,2020-09-01 01:18:12.027613,2.90196954048487,3.7635951042175293,3.700515031814575
1834,2020-09-01 01:18:12.988430,2.90196954048487,3.7635951042175293,3.700515031814575
1835,2020-09-01 01:18:13.877327,2.90196954048487,3.7635951042175293,3.7304372787475586
1836,2020-09-01 01:18:14.816187,2.83099437092137,3.8033742904663086,3.7304372787475586
1837,2020-09-01 01:18:15.702192,2.83099437092137,3.8033742904663086,3.7304372787475586
1838,2020-09-01 01:18:16.607479,2.83099437092137,3.8033742904663086,3.7602555751800537
1839,2020-09-01 01:18:17.483186,2.76008662834354,3.843073844909668,3.7602555751800537
1840,2020-09-01 01:18:18.422409,2.76008662834354,3.843073844909668,3.7602555751800537
1841,2020-09-01 01:18:19.495978,2.68924629726573,3.8826935291290283,3.7899701595306396
1842,2020-09-01 01:18:20.404592,2.68924629726573,3.8826935291290283,3.7899701595306396
1843,2020-09-01 01:18:21.276266,2.68924629726573,3.8826935291290283,3.819580554962158
1844,2020-09-01 01:18:22.156392,2.61847336216888,3.9222335815429688,3.819580554962158
1845,2020-09-01 01:18:23.010579,2.61847336216888,3.9222335815429688,3.819580554962158
1846,2020-09-01 01:18:23.887172,2.61847336216888,3.9222335815429688,3.819580554962158
1847,2020-09-01 01:18:24.840042,2.54828788553949,3.9634244441986084,3.856549024581909
1848,2020-09-01 01:18:25.756523,2.54828788553949,3.9634244441986084,3.856549024581909
1849,2020-09-01 01:18:26.679440,2.54828788553949,3.9634244441986084,3.856549024581909
1850,2020-09-01 01:18:27.481743,2.47817225285678,4.00453519821167,3.893406391143799
1851,2020-09-01 01:18:28.294049,2.47817225285678,4.00453519821167,3.893406391143799
1852,2020-09-01 01:18:29.150158,2.47817225285678,4.00453519821167,3.893406391143799
1853,2020-09-01 01:18:30.099300,2.47817225285678,4.00453519821167,3.9301531314849854
1854,2020-09-01 01:18:30.945145,2.40812645015063,4.045565128326416,3.9301531314849854
1855,2020-09-01 01:18:31.850425,2.40812645015063,4.045565128326416,3.9301531314849854
1856,2020-09-01 01:18:32.705784,2.40812645015063,4.045565128326416,3.9667887687683105
1857,2020-09-01 01:18:33.626884,2.33815046341383,4.086515426635742,3.9667887687683105
1858,2020-09-01 01:18:34.498969,2.33815046341383,4.086515426635742,3.9667887687683105
1859,2020-09-01 01:18:35.435971,2.33815046341383,4.086515426635742,3.9667887687683105
1860,2020-09-01 01:18:36.305965,2.268244278602,4.127384662628174,4.003314018249512
1861,2020-09-01 01:18:37.204086,2.268244278602,4.127384662628174,4.003314018249512
1862,2020-09-01 01:18:38.117944,2.268244278602,4.127384662628174,4.003314018249512
1863,2020-09-01 01:18:39.045668,2.268244278602,4.127384662628174,4.039728164672852
1864,2020-09-01 01:18:39.917667,2.19840788163366,4.1681742668151855,4.039728164672852
1865,2020-09-01 01:18:40.904372,2.19840788163366,4.1681742668151855,4.039728164672852
1866,2020-09-01 01:18:41.837353,2.19840788163366,4.1681742668151855,4.039728164672852
1867,2020-09-01 01:18:42.755050,2.12864125839012,4.208883285522461,4.0760321617126465
1868,2020-09-01 01:18:43.611505,2.12864125839012,4.208883285522461,4.0760321617126465
1869,2020-09-01 01:18:44.518159,2.12864125839012,4.208883285522461,4.11222505569458
1870,2020-09-01 01:18:45.414141,2.05894439471547,4.249512195587158,4.11222505569458
1871,2020-09-01 01:18:46.286890,2.05894439471547,4.249512195587158,4.11222505569458
1872,2020-09-01 01:18:47.184857,2.05894439471547,4.249512195587158,4.11222505569458
1873,2020-09-01 01:18:48.010594,1.98931727641656,4.290060520172119,4.148307800292969
1874,2020-09-01 01:18:48.869595,1.98931727641656,4.290060520172119,4.148307800292969
1875,2020-09-01 01:18:49.740718,1.98931727641656,4.290060520172119,4.148307800292969
1876,2020-09-01 01:18:50.594195,1.91975988926298,4.330528736114502,4.184279918670654
1877,2020-09-01 01:18:51.426308,1.91975988926298,4.330528736114502,4.184279918670654
1878,2020-09-01 01:18:52.271273,1.91975988926298,4.330528736114502,4.184279918670654
1879,2020-09-01 01:18:53.163541,1.91975988926298,4.330528736114502,4.184279918670654
1880,2020-09-01 01:18:54.159307,1.85027221898704,4.370916366577148,4.220141887664795
1881,2020-09-01 01:18:55.043953,1.85027221898704,4.370916366577148,4.220141887664795
1882,2020-09-01 01:18:55.919406,1.85027221898704,4.370916366577148,4.220141887664795
1883,2020-09-01 01:18:56.818109,1.78085425128373,4.411223411560059,4.255893230438232
1884,2020-09-01 01:18:57.747787,1.78085425128373,4.411223411560059,4.255893230438232
1885,2020-09-01 01:18:58.689346,1.78085425128373,4.411223411560059,4.255893230438232
1886,2020-09-01 01:18:59.644823,1.71135202351249,4.451326370239258,4.286696434020996
1887,2020-09-01 01:19:00.574754,1.71135202351249,4.451326370239258,4.286696434020996
1888,2020-09-01 01:19:01.585837,1.71135202351249,4.451326370239258,4.317394733428955
1889,2020-09-01 01:19:02.459769,1.64191799746375,4.4913482666015625,4.317394733428955
1890,2020-09-01 01:19:03.305060,1.64191799746375,4.4913482666015625,4.317394733428955
1891,2020-09-01 01:19:04.281102,1.64191799746375,4.4913482666015625,4.317394733428955
1892,2020-09-01 01:19:05.176201,1.57255215783124,4.531289577484131,4.347987651824951
1893,2020-09-01 01:19:06.141220,1.57255215783124,4.531289577484131,4.347987651824951
1894,2020-09-01 01:19:07.007218,1.57255215783124,4.531289577484131,4.347987651824951
1895,2020-09-01 01:19:07.897710,1.50325448927471,4.571150779724121,4.378475189208984
1896,2020-09-01 01:19:08.720988,1.50325448927471,4.571150779724121,4.378475189208984
1897,2020-09-01 01:19:09.659785,1.50325448927471,4.571150779724121,4.382526397705078
1898,2020-09-01 01:19:10.620937,1.49402388756074,4.5764546394348145,4.382526397705078
1899,2020-09-01 01:19:11.449823,1.49402388756074,4.5764546394348145,4.382526397705078
1900,2020-09-01 01:19:12.242604,1.49402388756074,4.5764546394348145,4.382526397705078
1901,2020-09-01 01:19:13.069315,1.43403284590785,4.610921382904053,4.408845901489258
1902,2020-09-01 01:19:14.013446,1.43403284590785,4.610921382904053,4.408845901489258
1903,2020-09-01 01:19:14.936515,1.43403284590785,4.610921382904053,4.408845901489258
1904,2020-09-01 01:19:15.881266,1.43403284590785,4.610921382904053,4.408845901489258
1905,2020-09-01 01:19:16.672308,1.43403284590785,4.610921382904053,4.408845901489258
1906,2020-09-01 01:19:17.572333,1.43403284590785,4.610921382904053,4.408845901489258
1907,2020-09-01 01:19:18.483886,1.43403284590785,4.610921382904053,4.408845901489258
1908,2020-09-01 01:19:19.410986,1.43403284590785,4.610921382904053,4.408845901489258
1909,2020-09-01 01:19:20.346003,1.43403284590785,4.610921382904053,4.439123153686523
1910,2020-09-01 01:19:21.265986,1.36487146117156,4.65062141418457,4.439123153686523
1911,2020-09-01 01:19:22.109502,1.36487146117156,4.65062141418457,4.439123153686523
1912,2020-09-01 01:19:22.997148,1.36487146117156,4.65062141418457,4.439123153686523
1913,2020-09-01 01:19:23.875711,1.29577820128992,4.690240383148193,4.469295978546143
1914,2020-09-01 01:19:24.817331,1.29577820128992,4.690240383148193,4.469295978546143
1915,2020-09-01 01:19:25.770155,1.29577820128992,4.690240383148193,4.499363422393799
1916,2020-09-01 01:19:26.766832,1.22675305078687,4.729779243469238,4.499363422393799
1917,2020-09-01 01:19:27.661162,1.22675305078687,4.729779243469238,4.499363422393799
1918,2020-09-01 01:19:28.510240,1.22675305078687,4.729779243469238,4.499363422393799
1919,2020-09-01 01:19:29.437551,1.15779599415239,4.769237041473389,4.529326438903809
1920,2020-09-01 01:19:30.366035,1.15779599415239,4.769237041473389,4.529326438903809
1921,2020-09-01 01:19:31.245857,1.15779599415239,4.769237041473389,4.5591840744018555
1922,2020-09-01 01:19:32.134163,1.08890701584261,4.808614253997803,4.5591840744018555
1923,2020-09-01 01:19:32.940891,1.08890701584261,4.808614253997803,4.5591840744018555
1924,2020-09-01 01:19:33.816715,1.08890701584261,4.808614253997803,4.5591840744018555
1925,2020-09-01 01:19:34.683436,1.08890701584261,4.808614253997803,4.5591840744018555
1926,2020-09-01 01:19:35.680332,1.08890701584261,4.808614253997803,4.5591840744018555
1927,2020-09-01 01:19:36.541199,1.03339147728852,4.840313911437988,4.583185195922852
1928,2020-09-01 01:19:37.387958,1.03339147728852,4.840313911437988,4.583185195922852
1929,2020-09-01 01:19:38.326833,1.03339147728852,4.840313911437988,4.583185195922852
1930,2020-09-01 01:19:39.313947,1.02776020069905,4.848443984985352,4.5637407302856445
1931,2020-09-01 01:19:40.171023,1.02776020069905,4.848443984985352,4.5637407302856445
1932,2020-09-01 01:19:41.148599,1.02776020069905,4.848443984985352,4.5637407302856445
1933,2020-09-01 01:19:42.086420,1.02776020069905,4.848443984985352,4.4631667137146
1934,2020-09-01 01:19:43.027813,0.998637428992126,4.8904852867126465,4.4631667137146
1935,2020-09-01 01:19:43.927340,0.998637428992126,4.8904852867126465,4.4631667137146
1936,2020-09-01 01:19:44.870706,0.969231463824642,4.930943012237549,4.363295555114746
1937,2020-09-01 01:19:45.725921,0.969231463824642,4.930943012237549,4.363295555114746
1938,2020-09-01 01:19:46.647414,0.969231463824642,4.930943012237549,4.363295555114746
1939,2020-09-01 01:19:47.713638,0.939848521132078,4.971348285675049,4.263425350189209
1940,2020-09-01 01:19:48.609025,0.939848521132078,4.971348285675049,4.263425350189209
1941,2020-09-01 01:19:49.508785,0.939848521132078,4.971348285675049,4.263425350189209
1942,2020-09-01 01:19:50.448725,0.910488597604797,5.011700630187988,4.1635565757751465
1943,2020-09-01 01:19:51.333612,0.910488597604797,5.011700630187988,4.1635565757751465
1944,2020-09-01 01:19:52.241752,0.910488597604797,5.011700630187988,4.1635565757751465
1945,2020-09-01 01:19:53.155939,0.881151689927592,5.052000522613525,4.063689231872559
1946,2020-09-01 01:19:54.014731,0.881151689927592,5.052000522613525,4.063689231872559
1947,2020-09-01 01:19:54.895571,0.881151689927592,5.052000522613525,4.063689231872559
1948,2020-09-01 01:19:55.789472,0.851837794779655,5.092247486114502,3.963822603225708
1949,2020-09-01 01:19:57.690694,0.851837794779655,5.092247486114502,3.963822603225708
1950,2020-09-01 01:19:58.603184,0.851837794779655,5.092247486114502,3.963822603225708
1951,2020-09-01 01:19:59.583353,0.851837794779655,5.132441997528076,3.863957405090332
1952,2020-09-01 01:20:00.416832,0.822546908834539,5.132441997528076,3.863957405090332
1953,2020-09-01 01:20:01.324856,0.822546908834539,5.132441997528076,3.863957405090332
1954,2020-09-01 01:20:02.223421,0.793279028760196,5.17258358001709,3.7640936374664307
1955,2020-09-01 01:20:03.092733,0.793279028760196,5.17258358001709,3.7640936374664307
1956,2020-09-01 01:20:03.971574,0.793279028760196,5.17258358001709,3.7640936374664307
1957,2020-09-01 01:20:04.847965,0.764034151218894,5.212672233581543,3.6642308235168457
1958,2020-09-01 01:20:05.758441,0.764034151218894,5.212672233581543,3.6642308235168457
1959,2020-09-01 01:20:06.644779,0.764034151218894,5.212672233581543,3.5643694400787354
1960,2020-09-01 01:20:07.529294,0.734812272867288,5.252708911895752,3.5643694400787354
1961,2020-09-01 01:20:08.436472,0.734812272867288,5.252708911895752,3.5643694400787354
1962,2020-09-01 01:20:09.435686,0.734812272867288,5.252708911895752,3.4645092487335205
1963,2020-09-01 01:20:10.344119,0.705613390356348,5.292692184448242,3.4645092487335205
1964,2020-09-01 01:20:11.318181,0.705613390356348,5.292692184448242,3.4645092487335205
1965,2020-09-01 01:20:12.176209,0.67643750033136,5.33262300491333,3.364650249481201
1966,2020-09-01 01:20:12.979616,0.67643750033136,5.33262300491333,3.364650249481201
1967,2020-09-01 01:20:13.872567,0.67643750033136,5.33262300491333,3.364650249481201
1968,2020-09-01 01:20:14.801040,0.67643750033136,5.33262300491333,3.364650249481201
1969,2020-09-01 01:20:15.617772,0.647284599431913,5.372501373291016,3.2647924423217773
1970,2020-09-01 01:20:16.513835,0.647284599431913,5.372501373291016,3.2647924423217773
1971,2020-09-01 01:20:17.375153,0.647284599431913,5.372501373291016,3.2647924423217773
1972,2020-09-01 01:20:18.257430,0.647284599431913,5.372501373291016,3.169640302658081
1973,2020-09-01 01:20:19.171027,0.617767054882009,5.410297393798828,3.169640302658081
1974,2020-09-01 01:20:20.030866,0.617767054882009,5.410297393798828,3.169640302658081
1975,2020-09-01 01:20:20.866259,0.617767054882009,5.3804802894592285,3.0744895935058594
1976,2020-09-01 01:20:21.664724,0.617767054882009,5.3804802894592285,3.0744895935058594
1977,2020-09-01 01:20:22.562583,0.617767054882009,5.3804802894592285,3.0744895935058594
1978,2020-09-01 01:20:23.367019,0.617767054882009,5.3804802894592285,2.979339838027954
1979,2020-09-01 01:20:24.273098,0.617767054882009,5.350663185119629,2.979339838027954
1980,2020-09-01 01:20:25.126444,0.617767054882009,5.350663185119629,2.979339838027954
1981,2020-09-01 01:20:26.006284,0.617767054882009,5.350663185119629,2.979339838027954
1982,2020-09-01 01:20:26.954513,0.617767054882009,5.320846080780029,2.8841910362243652
1983,2020-09-01 01:20:27.877231,0.617767054882009,5.320846080780029,2.8841910362243652
1984,2020-09-01 01:20:28.759032,0.617767054882009,5.320846080780029,2.8841910362243652
1985,2020-09-01 01:20:29.689347,0.617767054882009,5.29102897644043,2.789043664932251
1986,2020-09-01 01:20:30.503599,0.617767054882009,5.29102897644043,2.789043664932251
1987,2020-09-01 01:20:31.342078,0.617767054882009,5.29102897644043,2.789043664932251
1988,2020-09-01 01:20:32.262111,0.575608585099644,5.26121187210083,2.828232526779175
1989,2020-09-01 01:20:33.151998,0.575608585099644,5.26121187210083,2.828232526779175
1990,2020-09-01 01:20:34.005257,0.575608585099644,5.26121187210083,2.828232526779175
1991,2020-09-01 01:20:34.870924,0.533477416137501,5.26121187210083,2.8673341274261475
1992,2020-09-01 01:20:35.853309,0.533477416137501,5.231394290924072,2.8673341274261475
1993,2020-09-01 01:20:36.667740,0.533477416137501,5.231394290924072,2.8673341274261475
1994,2020-09-01 01:20:37.592176,0.533477416137501,5.231394290924072,2.8673341274261475
1995,2020-09-01 01:20:38.502004,0.491373535753013,5.201577186584473,2.906348943710327
1996,2020-09-01 01:20:39.338510,0.491373535753013,5.201577186584473,2.906348943710327
1997,2020-09-01 01:20:40.231397,0.491373535753013,5.201577186584473,2.945276975631714
1998,2020-09-01 01:20:41.160084,0.449296931679342,5.171760082244873,2.945276975631714
1999,2020-09-01 01:20:41.948092,0.449296931679342,5.171760082244873,2.945276975631714
2000,2020-09-01 01:20:42.909018,0.449296931679342,5.171760082244873,2.9841179847717285
2001,2020-09-01 01:20:43.790554,0.407247591625335,5.141942977905273,2.9841179847717285
2002,2020-09-01 01:20:44.670337,0.407247591625335,5.141942977905273,2.9841179847717285
2003,2020-09-01 01:20:45.526925,0.407247591625335,5.141942977905273,2.9841179847717285
2004,2020-09-01 01:20:46.402339,0.456236389390639,5.112125873565674,3.026980400085449
2005,2020-09-01 01:20:47.332307,0.456236389390639,5.112125873565674,3.026980400085449
2006,2020-09-01 01:20:48.231295,0.505083255365761,5.082308769226074,3.0698368549346924
2007,2020-09-01 01:20:49.154185,0.505083255365761,5.082308769226074,3.0698368549346924
2008,2020-09-01 01:20:50.034914,0.505083255365761,5.082308769226074,3.0698368549346924
2009,2020-09-01 01:20:50.878550,0.505083255365761,5.082308769226074,3.0965816974639893
2010,2020-09-01 01:20:51.745864,0.553287368765595,5.055954933166504,3.0965816974639893
2011,2020-09-01 01:20:52.659507,0.553287368765595,5.055954933166504,3.0965816974639893
2012,2020-09-01 01:20:53.617028,0.553287368765595,5.055954933166504,3.0965816974639893
2013,2020-09-01 01:20:54.506378,0.601346015854659,5.029601097106934,3.1233365535736084
2014,2020-09-01 01:20:55.365417,0.601346015854659,5.029601097106934,3.1233365535736084
2015,2020-09-01 01:20:56.243530,0.64925974166745,5.003247261047363,3.150101900100708
2016,2020-09-01 01:20:57.149578,0.64925974166745,5.003247261047363,3.150101900100708
2017,2020-09-01 01:20:58.067748,0.64925974166745,5.003247261047363,3.150101900100708
2018,2020-09-01 01:20:58.974030,0.69702908984587,5.003247261047363,3.176877021789551
2019,2020-09-01 01:20:59.929586,0.69702908984587,4.976893424987793,3.176877021789551
2020,2020-09-01 01:21:00.810527,0.69702908984587,4.976893424987793,3.176877021789551
2021,2020-09-01 01:21:01.628459,0.69702908984587,4.976893424987793,3.176877021789551
2022,2020-09-01 01:21:02.452764,0.744654602752433,4.950539588928223,3.203662157058716
2023,2020-09-01 01:21:03.299449,0.744654602752433,4.950539588928223,3.203662157058716
2024,2020-09-01 01:21:04.143696,0.744654602752433,4.950539588928223,3.203662157058716
2025,2020-09-01 01:21:04.957666,0.792136821363059,4.924185752868652,3.230457067489624
2026,2020-09-01 01:21:05.848006,0.792136821363059,4.924185752868652,3.230457067489624
2027,2020-09-01 01:21:06.738047,0.792136821363059,4.924185752868652,3.230457067489624
2028,2020-09-01 01:21:07.702952,0.839476285252189,4.897831916809082,3.2572619915008545
2029,2020-09-01 01:21:08.590856,0.839476285252189,4.897831916809082,3.2572619915008545
2030,2020-09-01 01:21:09.534199,0.839476285252189,4.897831916809082,3.2572619915008545
2031,2020-09-01 01:21:10.461770,0.886673532597015,4.871478080749512,3.284076452255249
2032,2020-09-01 01:21:11.344047,0.886673532597015,4.871478080749512,3.284076452255249
2033,2020-09-01 01:21:12.229566,0.886673532597015,4.871478080749512,3.3109006881713867
2034,2020-09-01 01:21:13.073902,0.933729100185673,4.845124244689941,3.3109006881713867
2035,2020-09-01 01:21:13.962519,0.933729100185673,4.845124244689941,3.3109006881713867
2036,2020-09-01 01:21:14.809776,0.933729100185673,4.845124244689941,3.3377344608306885
2037,2020-09-01 01:21:15.645265,0.980643523444442,4.818770408630371,3.3377344608306885
2038,2020-09-01 01:21:16.526493,0.980643523444442,4.818770408630371,3.3377344608306885
2039,2020-09-01 01:21:17.445965,0.980643523444442,4.818770408630371,3.364577531814575
2040,2020-09-01 01:21:18.318373,1.02741733641305,4.792416572570801,3.364577531814575
2041,2020-09-01 01:21:19.192847,1.02741733641305,4.792416572570801,3.364577531814575
2042,2020-09-01 01:21:20.095120,1.02741733641305,4.792416572570801,3.364577531814575
2043,2020-09-01 01:21:20.984627,1.07405107174446,4.766062259674072,3.391430139541626
2044,2020-09-01 01:21:21.862603,1.07405107174446,4.766062259674072,3.391430139541626
2045,2020-09-01 01:21:22.663839,1.12031001080895,4.766062259674072,3.4303698539733887
2046,2020-09-01 01:21:23.544688,1.12031001080895,4.737334251403809,3.4303698539733887
2047,2020-09-01 01:21:24.385483,1.12031001080895,4.737334251403809,3.4303698539733887
2048,2020-09-01 01:21:25.274366,1.12031001080895,4.737334251403809,3.469305992126465
2049,2020-09-01 01:21:26.109783,1.16642746416869,4.708606243133545,3.469305992126465
2050,2020-09-01 01:21:27.067648,1.16642746416869,4.708606243133545,3.469305992126465
2051,2020-09-01 01:21:27.919429,1.16642746416869,4.708606243133545,3.469305992126465
2052,2020-09-01 01:21:28.699745,1.21240398389318,4.679878234863281,3.508237838745117
2053,2020-09-01 01:21:29.666900,1.21240398389318,4.679878234863281,3.508237838745117
2054,2020-09-01 01:21:30.516056,1.21240398389318,4.679878234863281,3.508237838745117
2055,2020-09-01 01:21:31.523833,1.25824012035322,4.651150226593018,3.547165632247925
2056,2020-09-01 01:21:32.397059,1.25824012035322,4.651150226593018,3.547165632247925
2057,2020-09-01 01:21:33.223152,1.25824012035322,4.651150226593018,3.547165632247925
2058,2020-09-01 01:21:34.038099,1.25824012035322,4.651150226593018,3.586010217666626
2059,2020-09-01 01:21:34.895288,1.30296167091836,4.622422218322754,3.586010217666626
2060,2020-09-01 01:21:35.740230,1.30296167091836,4.622422218322754,3.586010217666626
2061,2020-09-01 01:21:36.643009,1.30296167091836,4.622422218322754,3.586010217666626
2062,2020-09-01 01:21:37.643936,1.34749783131751,4.59369421005249,3.6248462200164795
2063,2020-09-01 01:21:38.577274,1.34749783131751,4.59369421005249,3.6248462200164795
2064,2020-09-01 01:21:39.493759,1.34749783131751,4.59369421005249,3.6636736392974854
2065,2020-09-01 01:21:40.348021,1.39184920169087,4.564966201782227,3.6636736392974854
2066,2020-09-01 01:21:41.367778,1.39184920169087,4.564966201782227,3.6636736392974854
2067,2020-09-01 01:21:42.231175,1.39184920169087,4.564966201782227,3.6636736392974854
2068,2020-09-01 01:21:43.171055,1.43601638222562,4.536238193511963,3.7024919986724854
2069,2020-09-01 01:21:44.054472,1.43601638222562,4.536238193511963,3.7024919986724854
2070,2020-09-01 01:21:44.865692,1.43601638222562,4.536238193511963,3.7024919986724854
2071,2020-09-01 01:21:45.806282,1.4799999731393,4.507510185241699,3.7413015365600586
2072,2020-09-01 01:21:46.695261,1.4799999731393,4.507510185241699,3.7413015365600586
2073,2020-09-01 01:21:47.616762,1.4799999731393,4.507510185241699,3.7413015365600586
2074,2020-09-01 01:21:48.478561,1.52380057466122,4.4787821769714355,3.780102014541626
2075,2020-09-01 01:21:49.508324,1.52380057466122,4.4787821769714355,3.780102014541626
2076,2020-09-01 01:21:50.338034,1.52380057466122,4.4787821769714355,3.780102014541626
2077,2020-09-01 01:21:51.297932,1.56741878701141,4.450054168701172,3.8188931941986084
2078,2020-09-01 01:21:52.234785,1.56741878701141,4.450054168701172,3.8188931941986084
2079,2020-09-01 01:21:53.139514,1.56741878701141,4.450054168701172,3.8188931941986084
2080,2020-09-01 01:21:54.049623,1.56741878701141,4.450054168701172,3.857675552368164
2081,2020-09-01 01:21:54.946195,1.61085521037698,4.421326160430908,3.857675552368164
2082,2020-09-01 01:21:55.788458,1.61085521037698,4.421326160430908,3.857675552368164
2083,2020-09-01 01:21:56.656906,1.61085521037698,4.421326160430908,3.891004800796509
2084,2020-09-01 01:21:57.592997,1.65454981924107,4.39620304107666,3.891004800796509
2085,2020-09-01 01:21:58.455090,1.65454981924107,4.39620304107666,3.891004800796509
2086,2020-09-01 01:21:59.437734,1.69806948234239,4.37108039855957,3.9243314266204834
2087,2020-09-01 01:22:00.325512,1.69806948234239,4.37108039855957,3.9243314266204834
2088,2020-09-01 01:22:01.152090,1.69806948234239,4.37108039855957,3.9243314266204834
2089,2020-09-01 01:22:02.105706,1.69806948234239,4.37108039855957,3.957655191421509
2090,2020-09-01 01:22:03.070333,1.74141484907211,4.345957279205322,3.957655191421509
2091,2020-09-01 01:22:03.955503,1.74141484907211,4.345957279205322,3.957655191421509
2092,2020-09-01 01:22:04.871176,1.74141484907211,4.345957279205322,3.957655191421509
2093,2020-09-01 01:22:05.816999,1.78458656287707,4.320834636688232,3.990975856781006
2094,2020-09-01 01:22:06.874395,1.78458656287707,4.320834636688232,3.990975856781006
2095,2020-09-01 01:22:07.878741,1.78458656287707,4.320834636688232,4.024293422698975
2096,2020-09-01 01:22:08.850704,1.82758526580113,4.295711517333984,4.024293422698975
2097,2020-09-01 01:22:09.756448,1.82758526580113,4.295711517333984,4.024293422698975
2098,2020-09-01 01:22:10.638287,1.82758526580113,4.295711517333984,4.024293422698975
2099,2020-09-01 01:22:11.512142,1.87041165936562,4.2705888748168945,4.057607650756836
2100,2020-09-01 01:22:12.440124,1.87041165936562,4.2705888748168945,4.057607650756836
2101,2020-09-01 01:22:13.362291,1.87041165936562,4.2705888748168945,4.057607650756836
2102,2020-09-01 01:22:14.290001,1.91306644900672,4.2454657554626465,4.090919017791748
2103,2020-09-01 01:22:15.182305,1.91306644900672,4.2454657554626465,4.090919017791748
2104,2020-09-01 01:22:16.167478,1.91306644900672,4.2454657554626465,4.090919017791748
2105,2020-09-01 01:22:17.133041,1.9555503315957,4.220343112945557,4.124227046966553
2106,2020-09-01 01:22:18.090286,1.9555503315957,4.220343112945557,4.124227046966553
2107,2020-09-01 01:22:18.911604,1.9555503315957,4.220343112945557,4.124227046966553
2108,2020-09-01 01:22:19.834123,1.9555503315957,4.220343112945557,4.157531261444092
2109,2020-09-01 01:22:20.756470,1.99786409855841,4.195219993591309,4.157531261444092
2110,2020-09-01 01:22:21.809841,1.99786409855841,4.195219993591309,4.157531261444092
2111,2020-09-01 01:22:22.586722,1.99786409855841,4.195219993591309,4.157531261444092
2112,2020-09-01 01:22:23.496279,2.04000856709571,4.170097351074219,4.190832614898682
2113,2020-09-01 01:22:24.387431,2.04000856709571,4.170097351074219,4.190832614898682
2114,2020-09-01 01:22:25.212809,2.04000856709571,4.170097351074219,4.190832614898682
2115,2020-09-01 01:22:26.126860,2.08062085460466,4.144974708557129,4.224027156829834
2116,2020-09-01 01:22:27.021834,2.08062085460466,4.144974708557129,4.224027156829834
2117,2020-09-01 01:22:27.930987,2.08062085460466,4.144974708557129,4.224027156829834
2118,2020-09-01 01:22:28.821606,2.1210354843391,4.144974708557129,4.25721549987793
2119,2020-09-01 01:22:29.722911,2.1210354843391,4.119851589202881,4.25721549987793
2120,2020-09-01 01:22:30.644597,2.1210354843391,4.119851589202881,4.25721549987793
2121,2020-09-01 01:22:31.575073,2.16234886460011,4.119851589202881,4.304394721984863
2122,2020-09-01 01:22:32.526982,2.16234886460011,4.093911647796631,4.304394721984863
2123,2020-09-01 01:22:33.422298,2.16234886460011,4.093911647796631,4.304394721984863
2124,2020-09-01 01:22:34.342330,2.16234886460011,4.093911647796631,4.304394721984863
2125,2020-09-01 01:22:35.238196,2.20347209332989,4.067971706390381,4.351553440093994
2126,2020-09-01 01:22:36.119860,2.20347209332989,4.067971706390381,4.351553440093994
2127,2020-09-01 01:22:37.023216,2.20347209332989,4.067971706390381,4.398691654205322
2128,2020-09-01 01:22:38.012255,2.24440579003834,4.042031764984131,4.398691654205322
2129,2020-09-01 01:22:38.929502,2.24440579003834,4.042031764984131,4.398691654205322
2130,2020-09-01 01:22:39.806039,2.24440579003834,4.042031764984131,4.445809364318848
2131,2020-09-01 01:22:40.747445,2.28515057472916,4.016091823577881,4.445809364318848
2132,2020-09-01 01:22:41.640953,2.28515057472916,4.016091823577881,4.445809364318848
2133,2020-09-01 01:22:42.459450,2.28515057472916,4.016091823577881,4.445809364318848
2134,2020-09-01 01:22:43.397681,2.32570706789515,3.9901516437530518,4.49290657043457
2135,2020-09-01 01:22:44.228957,2.32570706789515,3.9901516437530518,4.49290657043457
2136,2020-09-01 01:22:45.146584,2.32570706789515,3.9901516437530518,4.539982795715332
2137,2020-09-01 01:22:46.026137,2.36607589051343,3.9642117023468018,4.539982795715332
2138,2020-09-01 01:22:46.895687,2.36607589051343,3.9642117023468018,4.539982795715332
2139,2020-09-01 01:22:47.794020,2.36607589051343,3.9642117023468018,4.539982795715332
2140,2020-09-01 01:22:48.652318,2.4062576640404,3.9382717609405518,4.587038516998291
2141,2020-09-01 01:22:49.574377,2.4062576640404,3.9382717609405518,4.587038516998291
2142,2020-09-01 01:22:50.483241,2.4062576640404,3.9382717609405518,4.587038516998291
2143,2020-09-01 01:22:51.359945,2.44625301040658,3.9123318195343018,4.634073257446289
2144,2020-09-01 01:22:52.322061,2.44625301040658,3.9123318195343018,4.634073257446289
2145,2020-09-01 01:22:53.348261,2.44625301040658,3.9123318195343018,4.634073257446289
2146,2020-09-01 01:22:54.361221,2.49774464394559,3.8927037715911865,4.565793514251709
2147,2020-09-01 01:22:55.284263,2.49774464394559,3.8927037715911865,4.565793514251709
2148,2020-09-01 01:22:56.255671,2.49774464394559,3.8927037715911865,4.543835639953613
2149,2020-09-01 01:22:57.166068,2.51425967029138,3.8863916397094727,4.543835639953613
2150,2020-09-01 01:22:58.006895,2.51425967029138,3.8863916397094727,4.543835639953613
2151,2020-09-01 01:22:58.934157,2.51425967029138,3.8863916397094727,4.543835639953613
2152,2020-09-01 01:22:59.886089,2.58206505171169,3.8604516983032227,4.4535980224609375
2153,2020-09-01 01:23:00.854526,2.58206505171169,3.8604516983032227,4.4535980224609375
2154,2020-09-01 01:23:01.696075,2.58206505171169,3.8604516983032227,4.363360404968262
2155,2020-09-01 01:23:02.601600,2.64960484044633,3.8345117568969727,4.363360404968262
2156,2020-09-01 01:23:03.501489,2.64960484044633,3.8345117568969727,4.363360404968262
2157,2020-09-01 01:23:04.397223,2.71687970632179,3.8085718154907227,4.2731242179870605
2158,2020-09-01 01:23:05.228577,2.71687970632179,3.8085718154907227,4.2731242179870605
2159,2020-09-01 01:23:06.133989,2.71687970632179,3.8085718154907227,4.2731242179870605
2160,2020-09-01 01:23:06.952987,2.78364185235442,3.7853708267211914,4.185898780822754
2161,2020-09-01 01:23:07.811923,2.78364185235442,3.7853708267211914,4.185898780822754
2162,2020-09-01 01:23:08.742418,2.78364185235442,3.7853708267211914,4.185898780822754
2163,2020-09-01 01:23:09.687479,2.85013832941334,3.7621700763702393,4.0986738204956055
2164,2020-09-01 01:23:10.604759,2.85013832941334,3.7621700763702393,4.0986738204956055
2165,2020-09-01 01:23:11.576304,2.85013832941334,3.7621700763702393,4.011450290679932
2166,2020-09-01 01:23:12.503123,2.91636966662682,3.738969326019287,4.011450290679932
2167,2020-09-01 01:23:13.370107,2.91636966662682,3.738969326019287,4.011450290679932
2168,2020-09-01 01:23:14.276128,2.91636966662682,3.738969326019287,4.011450290679932
2169,2020-09-01 01:23:15.213937,2.98233639799443,3.715768337249756,3.924227237701416
2170,2020-09-01 01:23:16.121579,2.98233639799443,3.715768337249756,3.924227237701416
2171,2020-09-01 01:23:17.088035,2.98233639799443,3.715768337249756,3.924227237701416
2172,2020-09-01 01:23:18.086926,3.04803905968646,3.6925675868988037,3.837005138397217
2173,2020-09-01 01:23:18.949395,3.04803905968646,3.6925675868988037,3.837005138397217
2174,2020-09-01 01:23:19.813177,3.04803905968646,3.6925675868988037,3.749784231185913
2175,2020-09-01 01:23:20.695167,3.1134782685983,3.6693668365478516,3.749784231185913
2176,2020-09-01 01:23:21.513109,3.1134782685983,3.6693668365478516,3.749784231185913
2177,2020-09-01 01:23:22.399356,3.1134782685983,3.6693668365478516,3.749784231185913
2178,2020-09-01 01:23:23.290192,3.17865470303921,3.6693668365478516,3.6625640392303467
2179,2020-09-01 01:23:24.195619,3.17865470303921,3.6461658477783203,3.6625640392303467
2180,2020-09-01 01:23:25.174273,3.17865470303921,3.6461658477783203,3.6625640392303467
2181,2020-09-01 01:23:26.008759,3.17865470303921,3.6461658477783203,3.6625640392303467
2182,2020-09-01 01:23:26.903887,3.24356904200889,3.622965097427368,3.5753448009490967
2183,2020-09-01 01:23:27.726821,3.24356904200889,3.622965097427368,3.5753448009490967
2184,2020-09-01 01:23:28.497045,3.24356904200889,3.622965097427368,3.5753448009490967
2185,2020-09-01 01:23:29.347826,3.30822195976049,3.599764108657837,3.488126516342163
2186,2020-09-01 01:23:30.173481,3.30822195976049,3.599764108657837,3.488126516342163
2187,2020-09-01 01:23:31.009725,3.30822195976049,3.599764108657837,3.488126516342163
2188,2020-09-01 01:23:31.891122,3.30822195976049,3.599764108657837,3.400909185409546
2189,2020-09-01 01:23:32.704781,3.37261412737381,3.5765633583068848,3.400909185409546
2190,2020-09-01 01:23:33.599195,3.37261412737381,3.5765633583068848,3.400909185409546
2191,2020-09-01 01:23:34.450213,3.37261412737381,3.5765633583068848,3.400909185409546
2192,2020-09-01 01:23:35.403158,3.43674621346479,3.5533626079559326,3.313692569732666
2193,2020-09-01 01:23:36.345724,3.43674621346479,3.5533626079559326,3.313692569732666
2194,2020-09-01 01:23:37.256788,3.43674621346479,3.5533626079559326,3.313692569732666
2195,2020-09-01 01:23:38.263237,3.50061888455816,3.5301616191864014,3.2264771461486816
2196,2020-09-01 01:23:39.181093,3.50061888455816,3.5301616191864014,3.2264771461486816
2197,2020-09-01 01:23:40.198387,3.50061888455816,3.5301616191864014,3.2264771461486816
2198,2020-09-01 01:23:41.090922,3.56502483245758,3.507012367248535,3.141742467880249
2199,2020-09-01 01:23:41.915121,3.56502483245758,3.507012367248535,3.141742467880249
2200,2020-09-01 01:23:42.809181,3.56502483245758,3.507012367248535,3.141742467880249
2201,2020-09-01 01:23:43.657130,3.62918669631644,3.483863353729248,3.057008743286133
2202,2020-09-01 01:23:44.492328,3.62918669631644,3.483863353729248,3.057008743286133
2203,2020-09-01 01:23:45.425619,3.62918669631644,3.483863353729248,3.057008743286133
2204,2020-09-01 01:23:46.278928,3.69310542029858,3.460714101791382,2.972275733947754
2205,2020-09-01 01:23:47.121009,3.69310542029858,3.460714101791382,2.972275733947754
2206,2020-09-01 01:23:48.030631,3.69310542029858,3.460714101791382,2.972275733947754
2207,2020-09-01 01:23:48.959451,3.75678194455155,3.4375648498535156,2.8875439167022705
2208,2020-09-01 01:23:49.909446,3.75678194455155,3.4375648498535156,2.8875439167022705
2209,2020-09-01 01:23:50.760705,3.75678194455155,3.4375648498535156,2.8875439167022705
2210,2020-09-01 01:23:51.723876,3.82021720535499,3.4144155979156494,2.8028125762939453
2211,2020-09-01 01:23:52.608227,3.82021720535499,3.4144155979156494,2.8028125762939453
2212,2020-09-01 01:23:53.480611,3.82021720535499,3.4144155979156494,2.8028125762939453
2213,2020-09-01 01:23:54.388841,3.85446789316799,3.391266345977783,2.8577380180358887
2214,2020-09-01 01:23:55.304116,3.85446789316799,3.391266345977783,2.8577380180358887
2215,2020-09-01 01:23:56.175922,3.85446789316799,3.391266345977783,2.8577380180358887
2216,2020-09-01 01:23:57.034778,3.88856268847645,3.368117094039917,2.912632703781128
2217,2020-09-01 01:23:57.896599,3.88856268847645,3.368117094039917,2.912632703781128
2218,2020-09-01 01:23:58.765485,3.88856268847645,3.368117094039917,2.912632703781128
2219,2020-09-01 01:23:59.592438,3.88856268847645,3.368117094039917,2.912632703781128
2220,2020-09-01 01:24:00.466900,3.88856268847645,3.368117094039917,2.9440877437591553
2221,2020-09-01 01:24:01.237837,3.90802135275341,3.354844808578491,2.9440877437591553
2222,2020-09-01 01:24:02.180288,3.90802135275341,3.354844808578491,2.9440877437591553
2223,2020-09-01 01:24:03.128868,3.90802135275341,3.354844808578491,2.9440877437591553
2224,2020-09-01 01:24:04.060324,3.92283388414721,3.344967842102051,2.9675116539001465
2225,2020-09-01 01:24:04.969603,3.92283388414721,3.344967842102051,2.9675116539001465
2226,2020-09-01 01:24:05.858757,3.92283388414721,3.344967842102051,2.9675116539001465
2227,2020-09-01 01:24:06.645116,3.9575023380431,3.3218185901641846,3.022399663925171
2228,2020-09-01 01:24:07.563405,3.9575023380431,3.3218185901641846,3.022399663925171
2229,2020-09-01 01:24:08.389665,3.9575023380431,3.3218185901641846,3.022399663925171
2230,2020-09-01 01:24:09.230347,3.9920575184463,3.3218185901641846,3.0772597789764404
2231,2020-09-01 01:24:10.048427,3.9920575184463,3.2986693382263184,3.0772597789764404
2232,2020-09-01 01:24:10.927435,3.9920575184463,3.2986693382263184,3.0772597789764404
2233,2020-09-01 01:24:11.837560,3.9920575184463,3.2986693382263184,3.0772597789764404
2234,2020-09-01 01:24:12.740815,4.02649998311513,3.275520086288452,3.132092237472534
2235,2020-09-01 01:24:13.609369,4.02649998311513,3.275520086288452,3.132092237472534
2236,2020-09-01 01:24:14.494740,4.02649998311513,3.275520086288452,3.132092237472534
2237,2020-09-01 01:24:15.425996,4.06083028772422,3.252370834350586,3.186896800994873
2238,2020-09-01 01:24:16.261019,4.06083028772422,3.252370834350586,3.186896800994873
2239,2020-09-01 01:24:17.158197,4.06083028772422,3.252370834350586,3.186896800994873
2240,2020-09-01 01:24:18.079269,4.09400960772514,3.2314603328704834,3.238065481185913
2241,2020-09-01 01:24:18.936828,4.09400960772514,3.2314603328704834,3.238065481185913
2242,2020-09-01 01:24:19.830345,4.09400960772514,3.2314603328704834,3.238065481185913
2243,2020-09-01 01:24:20.821261,4.12706804786683,3.210549831390381,3.28920841217041
2244,2020-09-01 01:24:21.692956,4.12706804786683,3.210549831390381,3.28920841217041
2245,2020-09-01 01:24:22.613445,4.12706804786683,3.210549831390381,3.28920841217041
2246,2020-09-01 01:24:23.600037,4.16000623310428,3.1896393299102783,3.3403255939483643
2247,2020-09-01 01:24:24.688773,4.16000623310428,3.1896393299102783,3.3403255939483643
2248,2020-09-01 01:24:25.731052,4.16000623310428,3.1896393299102783,3.3403255939483643
2249,2020-09-01 01:24:26.807190,4.16000623310428,3.1896393299102783,3.3914167881011963
2250,2020-09-01 01:24:27.850353,4.19282478595335,3.168728828430176,3.3914167881011963
2251,2020-09-01 01:24:28.824397,4.19282478595335,3.168728828430176,3.3914167881011963
2252,2020-09-01 01:24:29.789778,4.19282478595335,3.168728828430176,3.4424822330474854
2253,2020-09-01 01:24:30.736986,4.22552432649886,3.1478183269500732,3.4424822330474854
2254,2020-09-01 01:24:31.592101,4.22552432649886,3.1478183269500732,3.4424822330474854
2255,2020-09-01 01:24:32.435318,4.22552432649886,3.1478183269500732,3.4424822330474854
2256,2020-09-01 01:24:33.365913,4.25810547240256,3.1269078254699707,3.4935219287872314
2257,2020-09-01 01:24:34.204437,4.25810547240256,3.1269078254699707,3.4935219287872314
2258,2020-09-01 01:24:35.136625,4.25810547240256,3.105997323989868,3.5445353984832764
2259,2020-09-01 01:24:36.018733,4.29056883891094,3.105997323989868,3.5445353984832764
2260,2020-09-01 01:24:36.904954,4.29056883891094,3.105997323989868,3.5445353984832764
2261,2020-09-01 01:24:37.789583,4.29056883891094,3.105997323989868,3.5445353984832764
2262,2020-09-01 01:24:38.793929,4.32291503886272,3.0850868225097656,3.5955231189727783
2263,2020-09-01 01:24:39.793865,4.32291503886272,3.0850868225097656,3.5955231189727783
2264,2020-09-01 01:24:40.872312,4.32291503886272,3.0850868225097656,3.646484613418579
2265,2020-09-01 01:24:41.833768,4.35514468269632,3.064176321029663,3.646484613418579
2266,2020-09-01 01:24:42.854240,4.35514468269632,3.064176321029663,3.646484613418579
2267,2020-09-01 01:24:43.762821,4.35514468269632,3.064176321029663,3.646484613418579
2268,2020-09-01 01:24:44.734176,4.38725837845708,3.0432658195495605,3.697420120239258
2269,2020-09-01 01:24:45.633236,4.38725837845708,3.0432658195495605,3.697420120239258
2270,2020-09-01 01:24:46.497914,4.38725837845708,3.0432658195495605,3.697420120239258
2271,2020-09-01 01:24:47.382464,4.38725837845708,3.0432658195495605,3.7483294010162354
2272,2020-09-01 01:24:48.383132,4.4192567318043,3.022355318069458,3.7483294010162354
2273,2020-09-01 01:24:49.294300,4.4192567318043,3.022355318069458,3.7483294010162354
2274,2020-09-01 01:24:50.151341,4.4192567318043,3.022355318069458,3.7483294010162354
2275,2020-09-01 01:24:51.094099,4.45114034601819,3.0014448165893555,3.7992124557495117
2276,2020-09-01 01:24:52.047620,4.45114034601819,3.0014448165893555,3.7992124557495117
2277,2020-09-01 01:24:52.888197,4.45114034601819,3.0014448165893555,3.7992124557495117
2278,2020-09-01 01:24:53.779396,4.48389679060097,2.979602813720703,3.854207754135132
2279,2020-09-01 01:24:54.734963,4.48389679060097,2.979602813720703,3.854207754135132
2280,2020-09-01 01:24:55.733207,4.48389679060097,2.979602813720703,3.854207754135132
2281,2020-09-01 01:24:56.615856,4.51654819816015,2.957760810852051,3.9091739654541016
2282,2020-09-01 01:24:57.567495,4.51654819816015,2.957760810852051,3.9091739654541016
2283,2020-09-01 01:24:58.450623,4.51654819816015,2.957760810852051,3.9091739654541016
2284,2020-09-01 01:24:59.379456,4.51654819816015,2.957760810852051,3.964111089706421
2285,2020-09-01 01:25:00.307796,4.54909509716222,2.9359188079833984,3.964111089706421
2286,2020-09-01 01:25:01.296651,4.54909509716222,2.9359188079833984,3.964111089706421
2287,2020-09-01 01:25:02.075147,4.54909509716222,2.9359188079833984,3.964111089706421
2288,2020-09-01 01:25:02.990420,4.55665880798146,2.9842336177825928,4.017727375030518
2289,2020-09-01 01:25:03.913412,4.55665880798146,2.9842336177825928,4.017727375030518
2290,2020-09-01 01:25:04.856065,4.55665880798146,2.9842336177825928,4.071296691894531
2291,2020-09-01 01:25:05.890036,4.56423286628487,3.032519817352295,4.071296691894531
2292,2020-09-01 01:25:06.712624,4.56423286628487,3.032519817352295,4.071296691894531
2293,2020-09-01 01:25:07.714124,4.56423286628487,3.032519817352295,4.071296691894531
2294,2020-09-01 01:25:08.615328,4.57181724375566,3.080777406692505,4.124817848205566
2295,2020-09-01 01:25:09.494863,4.57181724375566,3.080777406692505,4.124817848205566
2296,2020-09-01 01:25:10.302787,4.57181724375566,3.080777406692505,4.124817848205566
2297,2020-09-01 01:25:11.164933,4.57941191219552,3.1290063858032227,4.178292274475098
2298,2020-09-01 01:25:12.092964,4.57941191219552,3.1290063858032227,4.178292274475098
2299,2020-09-01 01:25:13.014976,4.57941191219552,3.1290063858032227,4.178292274475098
2300,2020-09-01 01:25:13.789307,4.58701684352371,3.1290063858032227,4.23171854019165
2301,2020-09-01 01:25:14.633198,4.58701684352371,3.1772067546844482,4.23171854019165
2302,2020-09-01 01:25:15.555107,4.58701684352371,3.1772067546844482,4.23171854019165
2303,2020-09-01 01:25:16.439781,4.59397202870097,3.1772067546844482,4.280471324920654
2304,2020-09-01 01:25:17.352058,4.59397202870097,3.2212038040161133,4.280471324920654
2305,2020-09-01 01:25:18.256211,4.59397202870097,3.2212038040161133,4.280471324920654
2306,2020-09-01 01:25:19.266618,4.59397202870097,3.2212038040161133,4.285096168518066
2307,2020-09-01 01:25:20.209928,4.59476515217958,3.2253780364990234,4.285096168518066
2308,2020-09-01 01:25:21.062423,4.59476515217958,3.2253780364990234,4.285096168518066
2309,2020-09-01 01:25:21.868952,4.59476515217958,3.2253780364990234,4.285096168518066
2310,2020-09-01 01:25:22.708062,4.59476515217958,3.2253780364990234,4.285096168518066
2311,2020-09-01 01:25:23.592872,4.59476515217958,3.2253780364990234,4.285096168518066
2312,2020-09-01 01:25:24.456929,4.59476515217958,3.2253780364990234,4.285096168518066
2313,2020-09-01 01:25:25.269154,4.59476515217958,3.2253780364990234,4.285096168518066
2314,2020-09-01 01:25:26.089619,4.59476515217958,3.2253780364990234,4.285096168518066
2315,2020-09-01 01:25:27.005785,4.60191404344604,3.2735159397125244,4.3384199142456055
2316,2020-09-01 01:25:27.849923,4.60191404344604,3.2735159397125244,4.3384199142456055
2317,2020-09-01 01:25:28.748836,4.60191404344604,3.2735159397125244,4.3384199142456055
2318,2020-09-01 01:25:29.671523,4.60191404344604,3.2735159397125244,4.3917083740234375
2319,2020-09-01 01:25:30.574397,4.60978988992801,3.3216333389282227,4.3917083740234375
2320,2020-09-01 01:25:31.430028,4.60978988992801,3.3216333389282227,4.3917083740234375
2321,2020-09-01 01:25:32.353377,4.60978988992801,3.3216333389282227,4.3917083740234375
2322,2020-09-01 01:25:33.234515,4.61768148955132,3.369722604751587,4.444949626922607
2323,2020-09-01 01:25:34.158618,4.61768148955132,3.369722604751587,4.444949626922607
2324,2020-09-01 01:25:34.992580,4.61768148955132,3.369722604751587,4.514126300811768
2325,2020-09-01 01:25:35.928623,4.62777627432995,3.421990156173706,4.514126300811768
2326,2020-09-01 01:25:36.793814,4.62777627432995,3.421990156173706,4.514126300811768
2327,2020-09-01 01:25:37.722779,4.62777627432995,3.421990156173706,4.583242416381836
2328,2020-09-01 01:25:38.557242,4.63788825232523,3.4742279052734375,4.583242416381836
2329,2020-09-01 01:25:39.449745,4.63788825232523,3.4742279052734375,4.583242416381836
2330,2020-09-01 01:25:40.291057,4.63788825232523,3.4742279052734375,4.583242416381836
2331,2020-09-01 01:25:41.131010,4.64801733864037,3.5264363288879395,4.652297019958496
2332,2020-09-01 01:25:42.054860,4.64801733864037,3.5264363288879395,4.652297019958496
2333,2020-09-01 01:25:42.964198,4.64801733864037,3.5264363288879395,4.652297019958496
2334,2020-09-01 01:25:43.860775,4.69117417714713,3.5800061225891113,4.585982322692871
2335,2020-09-01 01:25:44.745027,4.69117417714713,3.5800061225891113,4.585982322692871
2336,2020-09-01 01:25:45.629799,4.69117417714713,3.5800061225891113,4.585982322692871
2337,2020-09-01 01:25:46.605899,4.73420707609662,3.6335623264312744,4.519667625427246
2338,2020-09-01 01:25:47.424959,4.73420707609662,3.6335623264312744,4.519667625427246
2339,2020-09-01 01:25:48.261246,4.73420707609662,3.6335623264312744,4.519667625427246
2340,2020-09-01 01:25:49.210932,4.73420707609662,3.6335623264312744,4.519667625427246
2341,2020-09-01 01:25:50.115383,4.77711655246655,3.6871049404144287,4.453352928161621
2342,2020-09-01 01:25:51.015000,4.77711655246655,3.6871049404144287,4.453352928161621
2343,2020-09-01 01:25:51.925962,4.81990312162638,3.740633487701416,4.387038230895996
2344,2020-09-01 01:25:52.882564,4.81990312162638,3.740633487701416,4.387038230895996
2345,2020-09-01 01:25:53.788545,4.81990312162638,3.740633487701416,4.387038230895996
2346,2020-09-01 01:25:54.710638,4.86256729730486,3.7941486835479736,4.320723533630371
2347,2020-09-01 01:25:55.533696,4.86256729730486,3.7941486835479736,4.320723533630371
2348,2020-09-01 01:25:56.513312,4.86256729730486,3.7941486835479736,4.320723533630371
2349,2020-09-01 01:25:57.383237,4.90510959153994,3.8476498126983643,4.254409313201904
2350,2020-09-01 01:25:58.326749,4.90510959153994,3.8476498126983643,4.254409313201904
2351,2020-09-01 01:25:59.143094,4.90510959153994,3.8476498126983643,4.254409313201904
2352,2020-09-01 01:26:00.125110,4.94753051459099,3.901137351989746,4.188094615936279
2353,2020-09-01 01:26:00.991547,4.94753051459099,3.901137351989746,4.188094615936279
2354,2020-09-01 01:26:01.889982,4.94753051459099,3.901137351989746,4.188094615936279
2355,2020-09-01 01:26:02.858116,4.94753051459099,3.901137351989746,4.121779918670654
2356,2020-09-01 01:26:03.785881,4.9898305747398,3.954610824584961,4.121779918670654
2357,2020-09-01 01:26:04.659204,4.9898305747398,3.954610824584961,4.121779918670654
2358,2020-09-01 01:26:05.549944,4.9898305747398,3.954610824584961,4.121779918670654
2359,2020-09-01 01:26:06.465729,5.03201027949116,4.008070468902588,4.055465221405029
2360,2020-09-01 01:26:07.397141,5.03201027949116,4.008070468902588,4.055465221405029
2361,2020-09-01 01:26:08.245778,5.03201027949116,4.008070468902588,4.055465221405029
2362,2020-09-01 01:26:09.152059,5.07526912000172,4.060654163360596,3.991401433944702
2363,2020-09-01 01:26:10.113824,5.07526912000172,4.060654163360596,3.991401433944702
2364,2020-09-01 01:26:10.994772,5.07526912000172,4.060654163360596,3.927337408065796
2365,2020-09-01 01:26:11.925666,5.11841598059338,4.11322546005249,3.927337408065796
2366,2020-09-01 01:26:12.931040,5.11841598059338,4.11322546005249,3.927337408065796
2367,2020-09-01 01:26:13.827151,5.11841598059338,4.11322546005249,3.8632736206054688
2368,2020-09-01 01:26:14.701869,5.16145131266107,4.16578483581543,3.8632736206054688
2369,2020-09-01 01:26:15.645638,5.16145131266107,4.16578483581543,3.8632736206054688
2370,2020-09-01 01:26:16.561295,5.16145131266107,4.16578483581543,3.8632736206054688
2371,2020-09-01 01:26:17.409329,5.16889151663098,4.174892902374268,3.8521692752838135
2372,2020-09-01 01:26:18.395216,5.16889151663098,4.174892902374268,3.8521692752838135
2373,2020-09-01 01:26:19.265604,5.16889151663098,4.174892902374268,3.8521692752838135
2374,2020-09-01 01:26:20.229591,5.20448005036788,4.2183356285095215,3.7992098331451416
2375,2020-09-01 01:26:21.173841,5.20448005036788,4.2183356285095215,3.7992098331451416
2376,2020-09-01 01:26:22.073523,5.20448005036788,4.2183356285095215,3.7992098331451416
2377,2020-09-01 01:26:22.993965,5.24744142458418,4.2183356285095215,3.7351460456848145
2378,2020-09-01 01:26:23.833006,5.24744142458418,4.270877838134766,3.7351460456848145
2379,2020-09-01 01:26:24.773427,5.24744142458418,4.270877838134766,3.7351460456848145
2380,2020-09-01 01:26:25.613480,5.24744142458418,4.270877838134766,3.6710822582244873
2381,2020-09-01 01:26:26.509264,5.29029516986306,4.3234076499938965,3.6710822582244873
2382,2020-09-01 01:26:27.399972,5.29029516986306,4.3234076499938965,3.6710822582244873
2383,2020-09-01 01:26:28.281251,5.33304173407923,4.375925064086914,3.60701847076416
2384,2020-09-01 01:26:29.096498,5.33304173407923,4.375925064086914,3.60701847076416
2385,2020-09-01 01:26:30.033366,5.33304173407923,4.375925064086914,3.60701847076416
2386,2020-09-01 01:26:30.902902,5.37568156378363,4.375925064086914,3.542954683303833
2387,2020-09-01 01:26:31.716205,5.37568156378363,4.428430557250977,3.542954683303833
2388,2020-09-01 01:26:32.567592,5.37568156378363,4.428430557250977,3.542954683303833
2389,2020-09-01 01:26:33.445103,5.37568156378363,4.428430557250977,3.478890895843506
2390,2020-09-01 01:26:34.310221,5.41821510420354,4.480923175811768,3.478890895843506
2391,2020-09-01 01:26:35.101102,5.41821510420354,4.480923175811768,3.478890895843506
2392,2020-09-01 01:26:35.993308,5.41821510420354,4.480923175811768,3.478890895843506
2393,2020-09-01 01:26:36.923547,5.46064279924279,4.5334038734436035,3.4148268699645996
2394,2020-09-01 01:26:37.744079,5.46064279924279,4.5334038734436035,3.4148268699645996
2395,2020-09-01 01:26:38.624967,5.46064279924279,4.5334038734436035,3.4148268699645996
2396,2020-09-01 01:26:39.502625,5.5029650914819,4.585872173309326,3.3507630825042725
2397,2020-09-01 01:26:40.430994,5.5029650914819,4.585872173309326,3.3507630825042725
2398,2020-09-01 01:26:41.235262,5.5029650914819,4.585872173309326,3.3507630825042725
2399,2020-09-01 01:26:42.059757,5.5029650914819,4.585872173309326,3.3507630825042725
2400,2020-09-01 01:26:42.903437,5.52885838764236,4.618044853210449,3.3114707469940186
2401,2020-09-01 01:26:43.826311,5.52885838764236,4.618044853210449,3.3114707469940186
2402,2020-09-01 01:26:44.727158,5.52885838764236,4.618044853210449,3.3114707469940186
2403,2020-09-01 01:26:45.653312,5.54635602461556,4.618044853210449,3.2866992950439453
2404,2020-09-01 01:26:46.506030,5.54635602461556,4.638387680053711,3.2866992950439453
2405,2020-09-01 01:26:47.377838,5.54635602461556,4.638387680053711,3.2866992950439453
2406,2020-09-01 01:26:48.195177,5.51688612252121,4.638387680053711,3.219984531402588
2407,2020-09-01 01:26:49.073736,5.51688612252121,4.68917179107666,3.219984531402588
2408,2020-09-01 01:26:50.017863,5.51688612252121,4.68917179107666,3.219984531402588
2409,2020-09-01 01:26:50.947724,5.51688612252121,4.68917179107666,3.1532697677612305
2410,2020-09-01 01:26:51.836667,5.48744103494225,4.739899635314941,3.1532697677612305
2411,2020-09-01 01:26:52.748768,5.48744103494225,4.739899635314941,3.1532697677612305
2412,2020-09-01 01:26:53.630071,5.48744103494225,4.739899635314941,3.1532697677612305
2413,2020-09-01 01:26:54.426506,5.4580207599713,4.790570259094238,3.086555004119873
2414,2020-09-01 01:26:55.326302,5.4580207599713,4.790570259094238,3.086555004119873
2415,2020-09-01 01:26:56.159523,5.4580207599713,4.790570259094238,3.086555004119873
2416,2020-09-01 01:26:56.964571,5.42862529569734,4.841184139251709,3.0198402404785156
2417,2020-09-01 01:26:57.787762,5.42862529569734,4.841184139251709,3.0198402404785156
2418,2020-09-01 01:26:58.754305,5.42862529569734,4.841184139251709,3.0198402404785156
2419,2020-09-01 01:26:59.655550,5.39925464020571,4.841184139251709,2.953125476837158
2420,2020-09-01 01:27:00.615792,5.39925464020571,4.8917412757873535,2.953125476837158
2421,2020-09-01 01:27:01.509758,5.39925464020571,4.8917412757873535,2.953125476837158
2422,2020-09-01 01:27:02.426895,5.36990879157811,4.942241668701172,2.886410713195801
2423,2020-09-01 01:27:03.348489,5.36990879157811,4.942241668701172,2.886410713195801
2424,2020-09-01 01:27:04.305650,5.36990879157811,4.942241668701172,2.886410713195801
2425,2020-09-01 01:27:05.312364,5.36990879157811,4.942241668701172,2.8196959495544434
2426,2020-09-01 01:27:06.266890,5.34058774789258,4.992684841156006,2.8196959495544434
2427,2020-09-01 01:27:07.137907,5.34058774789258,4.992684841156006,2.8196959495544434
2428,2020-09-01 01:27:08.079177,5.34058774789258,4.992684841156006,2.8196959495544434
2429,2020-09-01 01:27:09.013735,5.27062138373711,5.04030704498291,2.886443853378296
2430,2020-09-01 01:27:09.839410,5.27062138373711,5.04030704498291,2.886443853378296
2431,2020-09-01 01:27:10.750001,5.27062138373711,5.04030704498291,2.886443853378296
2432,2020-09-01 01:27:11.666189,5.20073363719931,5.0878472328186035,2.9530553817749023
2433,2020-09-01 01:27:12.533969,5.20073363719931,5.0878472328186035,2.9530553817749023
2434,2020-09-01 01:27:13.365750,5.1309245034475,5.0878472328186035,3.019530773162842
2435,2020-09-01 01:27:14.270520,5.1309245034475,5.135305404663086,3.019530773162842
2436,2020-09-01 01:27:15.153758,5.1309245034475,5.135305404663086,3.019530773162842
2437,2020-09-01 01:27:16.009728,5.06119397761428,5.182681083679199,3.0858702659606934
2438,2020-09-01 01:27:16.904372,5.06119397761428,5.182681083679199,3.0858702659606934
2439,2020-09-01 01:27:17.770402,5.06119397761428,5.182681083679199,3.0858702659606934
2440,2020-09-01 01:27:18.710780,5.06119397761428,5.182681083679199,3.152073383331299
2441,2020-09-01 01:27:19.681623,4.99154205479638,5.229974746704102,3.152073383331299
2442,2020-09-01 01:27:20.618837,4.99154205479638,5.229974746704102,3.152073383331299
2443,2020-09-01 01:27:21.483119,4.99154205479638,5.229974746704102,3.208702802658081
2444,2020-09-01 01:27:22.316649,4.92136059037151,5.275874614715576,3.208702802658081
2445,2020-09-01 01:27:23.239448,4.92136059037151,5.275874614715576,3.208702802658081
2446,2020-09-01 01:27:24.006979,4.92136059037151,5.275874614715576,3.208702802658081
2447,2020-09-01 01:27:24.894205,4.85125476884758,5.32169246673584,3.265205144882202
2448,2020-09-01 01:27:25.861274,4.85125476884758,5.32169246673584,3.265205144882202
2449,2020-09-01 01:27:26.718921,4.85125476884758,5.32169246673584,3.265205144882202
2450,2020-09-01 01:27:27.604136,4.78122458215681,5.367428302764893,3.321580410003662
2451,2020-09-01 01:27:28.482485,4.78122458215681,5.367428302764893,3.321580410003662
2452,2020-09-01 01:27:29.264808,4.78122458215681,5.367428302764893,3.321580410003662
2453,2020-09-01 01:27:30.198814,4.71127002219451,5.413082122802734,3.377829074859619
2454,2020-09-01 01:27:31.074269,4.71127002219451,5.413082122802734,3.377829074859619
2455,2020-09-01 01:27:31.920495,4.71127002219451,5.413082122802734,3.377829074859619
2456,2020-09-01 01:27:32.827696,4.71127002219451,5.413082122802734,3.4369101524353027
2457,2020-09-01 01:27:33.675507,4.66850047671637,5.394430160522461,3.4369101524353027
2458,2020-09-01 01:27:34.561986,4.66850047671637,5.394430160522461,3.4369101524353027
2459,2020-09-01 01:27:35.402754,4.66850047671637,5.394430160522461,3.4369101524353027
2460,2020-09-01 01:27:36.314535,4.6257636976722,5.3757781982421875,3.4958865642547607
2461,2020-09-01 01:27:37.237668,4.6257636976722,5.3757781982421875,3.4958865642547607
2462,2020-09-01 01:27:38.206638,4.6257636976722,5.3757781982421875,3.5547590255737305
2463,2020-09-01 01:27:39.145737,4.58305967703541,5.357125759124756,3.5547590255737305
2464,2020-09-01 01:27:40.045644,4.58305967703541,5.357125759124756,3.5547590255737305
2465,2020-09-01 01:27:40.858205,4.54038840675295,5.338473796844482,3.6135268211364746
2466,2020-09-01 01:27:41.793780,4.54038840675295,5.338473796844482,3.6135268211364746
2467,2020-09-01 01:27:42.733604,4.54038840675295,5.338473796844482,3.6135268211364746
2468,2020-09-01 01:27:43.701295,4.49774987874521,5.338473796844482,3.6721901893615723
2469,2020-09-01 01:27:44.653851,4.49774987874521,5.319821834564209,3.6721901893615723
2470,2020-09-01 01:27:45.476166,4.49774987874521,5.319821834564209,3.6721901893615723
2471,2020-09-01 01:27:46.357435,4.45514408490594,5.3011698722839355,3.7307493686676025
2472,2020-09-01 01:27:47.327291,4.45514408490594,5.3011698722839355,3.7307493686676025
2473,2020-09-01 01:27:48.231672,4.45514408490594,5.3011698722839355,3.7307493686676025
2474,2020-09-01 01:27:49.134866,4.41257101710221,5.282517433166504,3.7892043590545654
2475,2020-09-01 01:27:50.037097,4.41257101710221,5.282517433166504,3.7892043590545654
2476,2020-09-01 01:27:50.975930,4.41257101710221,5.282517433166504,3.7892043590545654
2477,2020-09-01 01:27:51.829861,4.37003066717436,5.2638654708862305,3.847554922103882
2478,2020-09-01 01:27:52.704030,4.37003066717436,5.2638654708862305,3.847554922103882
2479,2020-09-01 01:27:53.655552,4.37003066717436,5.2638654708862305,3.847554922103882
2480,2020-09-01 01:27:54.513302,4.32698626424165,5.2388129234313965,3.889702320098877
2481,2020-09-01 01:27:55.382066,4.32698626424165,5.2388129234313965,3.889702320098877
2482,2020-09-01 01:27:56.289485,4.32698626424165,5.2388129234313965,3.889702320098877
2483,2020-09-01 01:27:57.210531,4.28396958317101,5.2137603759765625,3.9317610263824463
2484,2020-09-01 01:27:58.137695,4.28396958317101,5.2137603759765625,3.9317610263824463
2485,2020-09-01 01:27:59.006342,4.28396958317101,5.2137603759765625,3.9317610263824463
2486,2020-09-01 01:27:59.943171,4.28396958317101,5.2137603759765625,3.973731517791748
2487,2020-09-01 01:28:00.800301,4.2409806125096,5.1887078285217285,3.973731517791748
2488,2020-09-01 01:28:01.663299,4.2409806125096,5.1887078285217285,3.973731517791748
2489,2020-09-01 01:28:02.582458,4.2409806125096,5.1887078285217285,3.973731517791748
2490,2020-09-01 01:28:03.486988,4.19801934078114,5.1636552810668945,4.015614032745361
2491,2020-09-01 01:28:04.365629,4.19801934078114,5.1636552810668945,4.015614032745361
2492,2020-09-01 01:28:05.327383,4.15508575648587,5.1636552810668945,4.057407855987549
2493,2020-09-01 01:28:06.289188,4.15508575648587,5.1386027336120605,4.057407855987549
2494,2020-09-01 01:28:07.238723,4.15508575648587,5.1386027336120605,4.057407855987549
2495,2020-09-01 01:28:08.024627,4.11217984810057,5.1386027336120605,4.099113941192627
2496,2020-09-01 01:28:08.916446,4.11217984810057,5.113550186157227,4.099113941192627
2497,2020-09-01 01:28:09.825599,4.11217984810057,5.113550186157227,4.099113941192627
2498,2020-09-01 01:28:10.732313,4.11217984810057,5.113550186157227,4.140731334686279
2499,2020-09-01 01:28:11.718485,4.06930160407845,5.088497638702393,4.140731334686279
2500,2020-09-01 01:28:12.664357,4.06930160407845,5.088497638702393,4.140731334686279
2501,2020-09-01 01:28:13.581925,4.02645101284919,5.063445091247559,4.182260990142822
2502,2020-09-01 01:28:14.430413,4.02645101284919,5.063445091247559,4.182260990142822
2503,2020-09-01 01:28:15.341738,4.02645101284919,5.063445091247559,4.182260990142822
2504,2020-09-01 01:28:16.285458,3.98362806281891,5.038392543792725,4.223702430725098
2505,2020-09-01 01:28:17.183310,3.98362806281891,5.038392543792725,4.223702430725098
2506,2020-09-01 01:28:18.011402,3.98362806281891,5.038392543792725,4.223702430725098
2507,2020-09-01 01:28:18.920338,3.94083274237009,5.013339996337891,4.2650556564331055
2508,2020-09-01 01:28:19.841257,3.94083274237009,5.013339996337891,4.2650556564331055
2509,2020-09-01 01:28:20.802333,3.94083274237009,5.013339996337891,4.2650556564331055
2510,2020-09-01 01:28:21.837872,3.89806503986159,5.013339996337891,4.306321144104004
2511,2020-09-01 01:28:22.682095,3.89806503986159,4.988287448883057,4.306321144104004
2512,2020-09-01 01:28:23.598517,3.89806503986159,4.988287448883057,4.306321144104004
2513,2020-09-01 01:28:24.490808,3.89806503986159,4.988287448883057,4.347498416900635
2514,2020-09-01 01:28:25.390521,3.8553249436286,4.963234901428223,4.347498416900635
2515,2020-09-01 01:28:26.373851,3.8553249436286,4.963234901428223,4.347498416900635
2516,2020-09-01 01:28:27.219089,3.8553249436286,4.963234901428223,4.347498416900635
2517,2020-09-01 01:28:28.101661,3.81197560871738,4.9326372146606445,4.364577770233154
2518,2020-09-01 01:28:28.945590,3.81197560871738,4.9326372146606445,4.364577770233154
2519,2020-09-01 01:28:29.852094,3.81197560871738,4.9326372146606445,4.381592750549316
2520,2020-09-01 01:28:30.784682,3.76864636797825,4.902040004730225,4.381592750549316
2521,2020-09-01 01:28:31.607175,3.76864636797825,4.902040004730225,4.381592750549316
2522,2020-09-01 01:28:32.496670,3.76864636797825,4.902040004730225,4.381592750549316
2523,2020-09-01 01:28:33.368164,3.72533720772691,4.871442794799805,4.398543834686279
2524,2020-09-01 01:28:34.235771,3.72533720772691,4.871442794799805,4.398543834686279
2525,2020-09-01 01:28:35.074833,3.72533720772691,4.871442794799805,4.398543834686279
2526,2020-09-01 01:28:36.008532,3.68204811426659,4.871442794799805,4.415431022644043
2527,2020-09-01 01:28:36.873724,3.68204811426659,4.840845108032227,4.415431022644043
2528,2020-09-01 01:28:37.712298,3.68204811426659,4.840845108032227,4.415431022644043
2529,2020-09-01 01:28:38.569964,3.68204811426659,4.840845108032227,4.415431022644043
2530,2020-09-01 01:28:39.488875,3.63877907388812,4.810247898101807,4.432254314422607
2531,2020-09-01 01:28:40.387241,3.63877907388812,4.810247898101807,4.432254314422607
2532,2020-09-01 01:28:41.273516,3.63877907388812,4.810247898101807,4.432254314422607
2533,2020-09-01 01:28:42.099853,3.59553007286989,4.779650688171387,4.449014186859131
2534,2020-09-01 01:28:42.943684,3.59553007286989,4.779650688171387,4.449014186859131
2535,2020-09-01 01:28:43.816609,3.59553007286989,4.779650688171387,4.449014186859131
2536,2020-09-01 01:28:44.683119,3.55230109747794,4.749053478240967,4.465709686279297
2537,2020-09-01 01:28:45.615933,3.55230109747794,4.749053478240967,4.465709686279297
2538,2020-09-01 01:28:46.433256,3.55230109747794,4.749053478240967,4.465709686279297
2539,2020-09-01 01:28:47.397019,3.55230109747794,4.749053478240967,4.482341289520264
2540,2020-09-01 01:28:48.232598,3.50909213396588,4.718455791473389,4.482341289520264
2541,2020-09-01 01:28:49.162143,3.50909213396588,4.718455791473389,4.482341289520264
2542,2020-09-01 01:28:50.064839,3.50909213396588,4.718455791473389,4.4989094734191895
2543,2020-09-01 01:28:50.941372,3.46590316857498,4.687858581542969,4.4989094734191895
2544,2020-09-01 01:28:51.785172,3.46590316857498,4.687858581542969,4.4989094734191895
2545,2020-09-01 01:28:52.672260,3.46590316857498,4.687858581542969,4.4989094734191895
2546,2020-09-01 01:28:53.550399,3.42273418753413,4.657261371612549,4.515413761138916
2547,2020-09-01 01:28:54.438161,3.42273418753413,4.657261371612549,4.515413761138916
2548,2020-09-01 01:28:55.313284,3.42273418753413,4.657261371612549,4.515413761138916
2549,2020-09-01 01:28:56.287405,3.37958517705988,4.626664161682129,4.531854629516602
2550,2020-09-01 01:28:57.224054,3.37958517705988,4.626664161682129,4.531854629516602
2551,2020-09-01 01:28:58.070345,3.37958517705988,4.626664161682129,4.548231601715088
2552,2020-09-01 01:28:58.907400,3.33645612335643,4.596066474914551,4.548231601715088
2553,2020-09-01 01:28:59.764059,3.33645612335643,4.596066474914551,4.548231601715088
2554,2020-09-01 01:29:00.687286,3.33645612335643,4.596066474914551,4.548231601715088
2555,2020-09-01 01:29:01.564216,3.33645612335643,4.561773300170898,4.394494533538818
2556,2020-09-01 01:29:02.462834,3.33645612335643,4.561773300170898,4.394494533538818
2557,2020-09-01 01:29:03.305339,3.33645612335643,4.561773300170898,4.394494533538818
2558,2020-09-01 01:29:04.288186,3.33645612335643,4.561773300170898,4.240783214569092
2559,2020-09-01 01:29:05.105636,3.33645612335643,4.527479648590088,4.240783214569092
2560,2020-09-01 01:29:06.009751,3.33645612335643,4.527479648590088,4.240783214569092
2561,2020-09-01 01:29:06.873597,3.33645612335643,4.493185997009277,4.087097644805908
2562,2020-09-01 01:29:07.737129,3.33645612335643,4.493185997009277,4.087097644805908
2563,2020-09-01 01:29:08.618479,3.33645612335643,4.493185997009277,4.087097644805908
2564,2020-09-01 01:29:09.566607,3.33645612335643,4.458892822265625,3.9334380626678467
2565,2020-09-01 01:29:10.421632,3.33645612335643,4.458892822265625,3.9334380626678467
2566,2020-09-01 01:29:11.300763,3.33645612335643,4.458892822265625,3.9334380626678467
2567,2020-09-01 01:29:12.137763,3.33645612335643,4.458892822265625,3.7798047065734863
2568,2020-09-01 01:29:12.988748,3.33645612335643,4.4245991706848145,3.7798047065734863
2569,2020-09-01 01:29:13.838541,3.33645612335643,4.4245991706848145,3.7798047065734863
2570,2020-09-01 01:29:14.820288,3.33645612335643,4.4245991706848145,3.626197338104248
2571,2020-09-01 01:29:15.723039,3.33645612335643,4.390305519104004,3.626197338104248
2572,2020-09-01 01:29:16.536823,3.33645612335643,4.390305519104004,3.626197338104248
2573,2020-09-01 01:29:17.458951,3.33645612335643,4.390305519104004,3.47261643409729
2574,2020-09-01 01:29:18.362262,3.33645612335643,4.356011867523193,3.47261643409729
2575,2020-09-01 01:29:19.179659,3.33645612335643,4.356011867523193,3.47261643409729
2576,2020-09-01 01:29:20.048071,3.33645612335643,4.356011867523193,3.47261643409729
2577,2020-09-01 01:29:20.873781,3.33645612335643,4.321718692779541,3.3190619945526123
2578,2020-09-01 01:29:21.769945,3.33645612335643,4.321718692779541,3.3190619945526123
2579,2020-09-01 01:29:22.583470,3.33645612335643,4.321718692779541,3.3190619945526123
2580,2020-09-01 01:29:23.588492,3.33645612335643,4.321718692779541,3.3190619945526123
2581,2020-09-01 01:29:24.539911,3.33645612335643,4.2874250411987305,3.1655337810516357
2582,2020-09-01 01:29:25.356232,3.33645612335643,4.2874250411987305,3.1655337810516357
2583,2020-09-01 01:29:26.170160,3.33645612335643,4.2874250411987305,3.1655337810516357
2584,2020-09-01 01:29:27.018966,3.33645612335643,4.25313138961792,3.0120325088500977
2585,2020-09-01 01:29:27.940981,3.33645612335643,4.25313138961792,3.0120325088500977
2586,2020-09-01 01:29:28.822420,3.33645612335643,4.25313138961792,3.0120325088500977
2587,2020-09-01 01:29:29.710307,3.33645612335643,4.218838214874268,2.85855770111084
2588,2020-09-01 01:29:30.580140,3.33645612335643,4.218838214874268,2.85855770111084
2589,2020-09-01 01:29:31.504030,3.33645612335643,4.218838214874268,2.85855770111084
2590,2020-09-01 01:29:32.304347,3.33645612335643,4.218838214874268,2.7051098346710205
2591,2020-09-01 01:29:33.212412,3.33645612335643,4.184544563293457,2.7051098346710205
2592,2020-09-01 01:29:34.139356,3.33645612335643,4.184544563293457,2.7051098346710205
2593,2020-09-01 01:29:35.042385,3.33645612335643,4.184544563293457,2.5621047019958496
2594,2020-09-01 01:29:35.994314,3.33645612335643,4.150768280029297,2.5621047019958496
2595,2020-09-01 01:29:36.885902,3.33645612335643,4.150768280029297,2.5621047019958496
2596,2020-09-01 01:29:37.810578,3.29228907129419,4.116992473602295,2.559593677520752
2597,2020-09-01 01:29:38.745562,3.29228907129419,4.116992473602295,2.559593677520752
2598,2020-09-01 01:29:39.594524,3.29228907129419,4.116992473602295,2.559593677520752
2599,2020-09-01 01:29:40.589044,3.24813587047228,4.116992473602295,2.5570385456085205
2600,2020-09-01 01:29:41.352973,3.24813587047228,4.083216190338135,2.5570385456085205
2601,2020-09-01 01:29:42.226501,3.24813587047228,4.083216190338135,2.5570385456085205
2602,2020-09-01 01:29:43.062196,3.2039965083345,4.049440383911133,2.5544393062591553
2603,2020-09-01 01:29:43.861802,3.2039965083345,4.049440383911133,2.5544393062591553
2604,2020-09-01 01:29:44.785586,3.2039965083345,4.049440383911133,2.5544393062591553
2605,2020-09-01 01:29:45.569377,3.15987097232349,4.049440383911133,2.5517959594726562
2606,2020-09-01 01:29:46.449784,3.15987097232349,4.015664100646973,2.5517959594726562
2607,2020-09-01 01:29:47.344895,3.15987097232349,4.015664100646973,2.5517959594726562
2608,2020-09-01 01:29:48.209491,3.15987097232349,4.015664100646973,2.5517959594726562
2609,2020-09-01 01:29:49.130266,3.11575924988082,3.9818882942199707,2.5491085052490234
2610,2020-09-01 01:29:50.136529,3.11575924988082,3.9818882942199707,2.5491085052490234
2611,2020-09-01 01:29:51.064109,3.11575924988082,3.9818882942199707,2.546377182006836
2612,2020-09-01 01:29:51.937642,3.07166132844699,3.9481122493743896,2.546377182006836
2613,2020-09-01 01:29:52.710176,3.07166132844699,3.9481122493743896,2.546377182006836
2614,2020-09-01 01:29:53.622893,3.07166132844699,3.9481122493743896,2.546377182006836
2615,2020-09-01 01:29:54.474398,3.0371287576083,3.921654224395752,2.544203281402588
2616,2020-09-01 01:29:55.390260,3.0371287576083,3.921654224395752,2.544203281402588
2617,2020-09-01 01:29:56.324800,3.0371287576083,3.921654224395752,2.544203281402588
2618,2020-09-01 01:29:57.307881,3.02757953341265,3.9143362045288086,2.5435945987701416
2619,2020-09-01 01:29:58.195386,3.02757953341265,3.9143362045288086,2.5435945987701416
2620,2020-09-01 01:29:59.087126,3.02757953341265,3.9143362045288086,2.5407752990722656
2621,2020-09-01 01:30:00.012831,2.98350917304846,3.8805601596832275,2.5407752990722656
2622,2020-09-01 01:30:00.858330,2.98350917304846,3.8805601596832275,2.5407752990722656
2623,2020-09-01 01:30:01.727909,2.98350917304846,3.8805601596832275,2.537912368774414
2624,2020-09-01 01:30:02.738355,2.93945257601132,3.8467841148376465,2.537912368774414
2625,2020-09-01 01:30:03.590611,2.93945257601132,3.8467841148376465,2.537912368774414
2626,2020-09-01 01:30:04.493935,2.93945257601132,3.8467841148376465,2.537912368774414
2627,2020-09-01 01:30:05.324159,2.89540972973764,3.8130080699920654,2.5350053310394287
2628,2020-09-01 01:30:06.386539,2.89540972973764,3.8130080699920654,2.5350053310394287
2629,2020-09-01 01:30:07.281479,2.89540972973764,3.8130080699920654,2.5320546627044678
2630,2020-09-01 01:30:08.211010,2.85138062166287,3.7792320251464844,2.5320546627044678
2631,2020-09-01 01:30:09.106158,2.85138062166287,3.7792320251464844,2.5320546627044678
2632,2020-09-01 01:30:09.955560,2.85138062166287,3.7792320251464844,2.5378024578094482
2633,2020-09-01 01:30:10.866732,2.80751271780355,3.745037078857422,2.5378024578094482
2634,2020-09-01 01:30:11.753434,2.80751271780355,3.745037078857422,2.5378024578094482
2635,2020-09-01 01:30:12.665954,2.80751271780355,3.745037078857422,2.5378024578094482
2636,2020-09-01 01:30:13.566284,2.7636612916327,3.7108423709869385,2.5434975624084473
2637,2020-09-01 01:30:14.555500,2.7636612916327,3.7108423709869385,2.5434975624084473
2638,2020-09-01 01:30:15.441406,2.7636612916327,3.7108423709869385,2.5434975624084473
2639,2020-09-01 01:30:16.390906,2.71982632994728,3.676647663116455,2.549140214920044
2640,2020-09-01 01:30:17.180421,2.71982632994728,3.676647663116455,2.549140214920044
2641,2020-09-01 01:30:18.086972,2.71982632994728,3.676647663116455,2.549140214920044
2642,2020-09-01 01:30:19.026689,2.6760078195382,3.6424529552459717,2.5547306537628174
2643,2020-09-01 01:30:19.882598,2.6760078195382,3.6424529552459717,2.5547306537628174
2644,2020-09-01 01:30:20.775666,2.6760078195382,3.6424529552459717,2.5547306537628174
2645,2020-09-01 01:30:21.740942,2.63220574719037,3.6082582473754883,2.5602684020996094
2646,2020-09-01 01:30:22.730464,2.63220574719037,3.6082582473754883,2.5602684020996094
2647,2020-09-01 01:30:23.661902,2.63220574719037,3.6082582473754883,2.5602684020996094
2648,2020-09-01 01:30:24.586319,2.63220574719037,3.6082582473754883,2.565753936767578
2649,2020-09-01 01:30:25.469607,2.58842009968271,3.574063301086426,2.565753936767578
2650,2020-09-01 01:30:26.351972,2.58842009968271,3.574063301086426,2.565753936767578
2651,2020-09-01 01:30:27.244112,2.54465086378819,3.574063301086426,2.5711872577667236
2652,2020-09-01 01:30:28.116631,2.54465086378819,3.5398685932159424,2.5711872577667236
2653,2020-09-01 01:30:28.900011,2.54465086378819,3.5398685932159424,2.5711872577667236
2654,2020-09-01 01:30:29.799804,2.54465086378819,3.5398685932159424,2.576568126678467
2655,2020-09-01 01:30:30.597956,2.50089802627383,3.505673885345459,2.576568126678467
2656,2020-09-01 01:30:31.412121,2.50089802627383,3.505673885345459,2.576568126678467
2657,2020-09-01 01:30:32.325866,2.50089802627383,3.505673885345459,2.576568126678467
2658,2020-09-01 01:30:33.165763,2.50089802627383,3.505673885345459,2.581897020339966
2659,2020-09-01 01:30:34.085495,2.45716157390071,3.4714791774749756,2.581897020339966
2660,2020-09-01 01:30:34.962154,2.45716157390071,3.4714791774749756,2.581897020339966
2661,2020-09-01 01:30:35.795540,2.41344149342403,3.437284469604492,2.5871734619140625
2662,2020-09-01 01:30:36.686161,2.41344149342403,3.437284469604492,2.5871734619140625
2663,2020-09-01 01:30:37.527468,2.41344149342403,3.437284469604492,2.5871734619140625
2664,2020-09-01 01:30:38.448773,2.36973777159309,3.4030895233154297,2.592397928237915
2665,2020-09-01 01:30:39.409139,2.36973777159309,3.4030895233154297,2.592397928237915
2666,2020-09-01 01:30:40.243921,2.36973777159309,3.4030895233154297,2.592397928237915
2667,2020-09-01 01:30:41.086532,2.32605039515136,3.3688948154449463,2.5975704193115234
2668,2020-09-01 01:30:41.967868,2.32605039515136,3.3688948154449463,2.5975704193115234
2669,2020-09-01 01:30:42.831776,2.32605039515136,3.3688948154449463,2.5975704193115234
2670,2020-09-01 01:30:43.730249,2.28295561357237,3.335944414138794,2.6281304359436035
2671,2020-09-01 01:30:44.552803,2.28295561357237,3.335944414138794,2.6281304359436035
2672,2020-09-01 01:30:45.454676,2.28295561357237,3.335944414138794,2.6281304359436035
2673,2020-09-01 01:30:46.428717,2.23988510144567,3.3029940128326416,2.6586132049560547
2674,2020-09-01 01:30:47.291352,2.23988510144567,3.3029940128326416,2.6586132049560547
2675,2020-09-01 01:30:48.134291,2.23988510144567,3.3029940128326416,2.6586132049560547
2676,2020-09-01 01:30:49.017459,2.23988510144567,3.3029940128326416,2.689018726348877
2677,2020-09-01 01:30:49.937677,2.19683884579234,3.27004337310791,2.689018726348877
2678,2020-09-01 01:30:50.840753,2.19683884579234,3.27004337310791,2.689018726348877
2679,2020-09-01 01:30:51.756602,2.19683884579234,3.27004337310791,2.689018726348877
2680,2020-09-01 01:30:52.598169,2.15381683361426,3.237092971801758,2.7193470001220703
2681,2020-09-01 01:30:53.463237,2.15381683361426,3.237092971801758,2.7193470001220703
2682,2020-09-01 01:30:54.233437,2.15381683361426,3.237092971801758,2.7193470001220703
2683,2020-09-01 01:30:55.125910,2.11081905189401,3.2041425704956055,2.7495977878570557
2684,2020-09-01 01:30:55.963482,2.11081905189401,3.2041425704956055,2.7495977878570557
2685,2020-09-01 01:30:56.785995,2.11081905189401,3.2041425704956055,2.7495977878570557
2686,2020-09-01 01:30:57.799534,2.06784548759497,3.2041425704956055,2.7797718048095703
2687,2020-09-01 01:30:58.639656,2.06784548759497,3.171191930770874,2.7797718048095703
2688,2020-09-01 01:30:59.630586,2.06784548759497,3.171191930770874,2.7797718048095703
2689,2020-09-01 01:31:00.671465,2.02489612766122,3.171191930770874,2.809868335723877
2690,2020-09-01 01:31:01.575191,2.02489612766122,3.1382415294647217,2.809868335723877
2691,2020-09-01 01:31:02.659231,2.02489612766122,3.1382415294647217,2.809868335723877
2692,2020-09-01 01:31:03.594526,1.98197095901763,3.1052911281585693,2.839887857437134
2693,2020-09-01 01:31:04.584519,1.98197095901763,3.1052911281585693,2.839887857437134
2694,2020-09-01 01:31:05.573750,1.98197095901763,3.1052911281585693,2.839887857437134
2695,2020-09-01 01:31:06.515683,1.93906996856974,3.072340488433838,2.869830369949341
2696,2020-09-01 01:31:07.397014,1.93906996856974,3.072340488433838,2.869830369949341
2697,2020-09-01 01:31:08.331778,1.93906996856974,3.072340488433838,2.869830369949341
2698,2020-09-01 01:31:09.275927,1.89619314320386,3.072340488433838,2.899695873260498
2699,2020-09-01 01:31:10.246793,1.89619314320386,3.0393900871276855,2.899695873260498
2700,2020-09-01 01:31:11.118565,1.89619314320386,3.0393900871276855,2.899695873260498
2701,2020-09-01 01:31:12.023571,1.85334046978699,3.006439685821533,2.9294843673706055
2702,2020-09-01 01:31:12.872575,1.85334046978699,3.006439685821533,2.9294843673706055
2703,2020-09-01 01:31:13.799709,1.85334046978699,3.006439685821533,2.9294843673706055
2704,2020-09-01 01:31:14.798055,1.81051193516684,2.973489284515381,2.959196090698242
2705,2020-09-01 01:31:15.654827,1.81051193516684,2.973489284515381,2.959196090698242
2706,2020-09-01 01:31:16.549927,1.81051193516684,2.973489284515381,2.959196090698242
2707,2020-09-01 01:31:17.430107,1.7673557739238,2.9435875415802,2.974404811859131
2708,2020-09-01 01:31:18.323555,1.7673557739238,2.9435875415802,2.974404811859131
2709,2020-09-01 01:31:19.223311,1.7673557739238,2.9435875415802,2.974404811859131
2710,2020-09-01 01:31:20.115073,1.72421918646658,2.9136857986450195,2.989551067352295
2711,2020-09-01 01:31:21.008064,1.72421918646658,2.9136857986450195,2.989551067352295
2712,2020-09-01 01:31:21.838450,1.72421918646658,2.9136857986450195,3.0013391971588135
2713,2020-09-01 01:31:22.760037,1.65273069777167,2.9511406421661377,3.0013391971588135
2714,2020-09-01 01:31:23.600305,1.65273069777167,2.9511406421661377,3.0013391971588135
2715,2020-09-01 01:31:24.569611,1.65273069777167,2.9511406421661377,3.0130410194396973
2716,2020-09-01 01:31:25.395971,1.58130399637712,2.988516092300415,3.0130410194396973
2717,2020-09-01 01:31:26.197864,1.58130399637712,2.988516092300415,3.0130410194396973
2718,2020-09-01 01:31:27.205234,1.50993906431584,3.0258121490478516,3.0246565341949463
2719,2020-09-01 01:31:28.194106,1.50993906431584,3.0258121490478516,3.0246565341949463
2720,2020-09-01 01:31:29.000936,1.50993906431584,3.0258121490478516,3.0246565341949463
2721,2020-09-01 01:31:29.867900,1.43863588360189,3.0258121490478516,3.0361859798431396
2722,2020-09-01 01:31:30.819134,1.43863588360189,3.063028573989868,3.0361859798431396
2723,2020-09-01 01:31:31.681995,1.43863588360189,3.063028573989868,3.0361859798431396
2724,2020-09-01 01:31:32.485605,1.36739443623048,3.100165605545044,3.0476291179656982
2725,2020-09-01 01:31:33.349858,1.36739443623048,3.100165605545044,3.0476291179656982
2726,2020-09-01 01:31:34.220943,1.36739443623048,3.100165605545044,3.0476291179656982
2727,2020-09-01 01:31:35.053376,1.36739443623048,3.100165605545044,3.0476291179656982
2728,2020-09-01 01:31:36.016648,1.29621470417818,3.1372230052948,3.058986186981201
2729,2020-09-01 01:31:36.820029,1.29621470417818,3.1372230052948,3.058986186981201
2730,2020-09-01 01:31:37.578853,1.29621470417818,3.1372230052948,3.058986186981201
2731,2020-09-01 01:31:38.468730,1.22509666940293,3.174201011657715,3.0702574253082275
2732,2020-09-01 01:31:39.318552,1.22509666940293,3.174201011657715,3.0702574253082275
2733,2020-09-01 01:31:40.138490,1.22509666940293,3.174201011657715,3.0702574253082275
2734,2020-09-01 01:31:40.988047,1.15404031384422,3.21109938621521,3.0814425945281982
2735,2020-09-01 01:31:41.912454,1.15404031384422,3.21109938621521,3.0814425945281982
2736,2020-09-01 01:31:42.885933,1.15404031384422,3.21109938621521,3.0814425945281982
2737,2020-09-01 01:31:43.681515,1.08304561942317,3.21109938621521,3.0925419330596924
2738,2020-09-01 01:31:44.589916,1.08304561942317,3.2479183673858643,3.0925419330596924
2739,2020-09-01 01:31:45.504582,1.08304561942317,3.2479183673858643,3.0925419330596924
2740,2020-09-01 01:31:46.342875,1.01211256804265,3.2846574783325195,3.103555679321289
2741,2020-09-01 01:31:47.244127,1.01211256804265,3.2846574783325195,3.103555679321289
2742,2020-09-01 01:31:48.157035,1.01211256804265,3.2846574783325195,3.103555679321289
2743,2020-09-01 01:31:48.920144,1.01211256804265,3.2846574783325195,3.103555679321289
2744,2020-09-01 01:31:49.788422,0.941533892951611,3.3209922313690186,3.1302359104156494
2745,2020-09-01 01:31:50.652610,0.941533892951611,3.3209922313690186,3.1302359104156494
2746,2020-09-01 01:31:51.504460,0.941533892951611,3.3209922313690186,3.1302359104156494
2747,2020-09-01 01:31:52.313604,0.871021500586252,3.357248544692993,3.1568140983581543
2748,2020-09-01 01:31:53.137043,0.871021500586252,3.357248544692993,3.1568140983581543
2749,2020-09-01 01:31:53.982770,0.871021500586252,3.357248544692993,3.1568140983581543
2750,2020-09-01 01:31:54.826526,0.800575374262067,3.357248544692993,3.183290719985962
2751,2020-09-01 01:31:55.586986,0.800575374262067,3.393425941467285,3.183290719985962
2752,2020-09-01 01:31:56.499694,0.800575374262067,3.393425941467285,3.183290719985962
2753,2020-09-01 01:31:57.420950,0.800575374262067,3.393425941467285,3.209665536880493
2754,2020-09-01 01:31:58.295843,0.730195497260866,3.4295246601104736,3.209665536880493
2755,2020-09-01 01:31:59.164656,0.730195497260866,3.4295246601104736,3.209665536880493
2756,2020-09-01 01:32:00.000499,0.730195497260866,3.4295246601104736,3.209665536880493
2757,2020-09-01 01:32:00.818232,0.730195497260866,3.4295246601104736,3.235938787460327
2758,2020-09-01 01:32:01.613364,0.65988185283085,3.4655447006225586,3.235938787460327
2759,2020-09-01 01:32:02.412584,0.65988185283085,3.4655447006225586,3.235938787460327
2760,2020-09-01 01:32:03.197908,0.65988185283085,3.4655447006225586,3.235938787460327
2761,2020-09-01 01:32:04.078643,0.589634424186585,3.501486301422119,3.262110471725464
2762,2020-09-01 01:32:05.020014,0.589634424186585,3.501486301422119,3.262110471725464
2763,2020-09-01 01:32:05.908347,0.589634424186585,3.501486301422119,3.262110471725464
2764,2020-09-01 01:32:06.832801,0.51945319450904,3.537348985671997,3.2881808280944824
2765,2020-09-01 01:32:07.730490,0.51945319450904,3.537348985671997,3.2881808280944824
2766,2020-09-01 01:32:08.636557,0.51945319450904,3.537348985671997,3.2881808280944824
2767,2020-09-01 01:32:09.555067,0.449338146945593,3.537348985671997,3.3141496181488037
2768,2020-09-01 01:32:10.485535,0.449338146945593,3.5731329917907715,3.3141496181488037
2769,2020-09-01 01:32:11.346644,0.449338146945593,3.5731329917907715,3.3141496181488037
2770,2020-09-01 01:32:12.312861,0.379289264610051,3.6088385581970215,3.340017080307007
2771,2020-09-01 01:32:13.215846,0.379289264610051,3.6088385581970215,3.340017080307007
2772,2020-09-01 01:32:14.162202,0.379289264610051,3.6088385581970215,3.340017080307007
2773,2020-09-01 01:32:15.142390,0.309306530582688,3.644465208053589,3.3657829761505127
2774,2020-09-01 01:32:16.024127,0.309306530582688,3.644465208053589,3.3657829761505127
2775,2020-09-01 01:32:16.952980,0.309306530582688,3.644465208053589,3.3965141773223877
2776,2020-09-01 01:32:17.847057,0.327268550511278,3.6835412979125977,3.3965141773223877
2777,2020-09-01 01:32:18.735688,0.327268550511278,3.6835412979125977,3.3965141773223877
2778,2020-09-01 01:32:19.588257,0.327268550511278,3.6835412979125977,3.3965141773223877
2779,2020-09-01 01:32:20.421736,0.345057619773698,3.7225968837738037,3.427225112915039
2780,2020-09-01 01:32:21.319969,0.345057619773698,3.7225968837738037,3.427225112915039
2781,2020-09-01 01:32:22.197891,0.345057619773698,3.7225968837738037,3.427225112915039
2782,2020-09-01 01:32:23.131898,0.364054045668865,3.7628297805786133,3.4695472717285156
2783,2020-09-01 01:32:24.065950,0.364054045668865,3.7628297805786133,3.4695472717285156
2784,2020-09-01 01:32:24.910694,0.364054045668865,3.7628297805786133,3.4695472717285156
2785,2020-09-01 01:32:25.767601,0.38288122086432,3.803041696548462,3.5118377208709717
2786,2020-09-01 01:32:26.766008,0.38288122086432,3.803041696548462,3.5118377208709717
2787,2020-09-01 01:32:27.700427,0.38288122086432,3.803041696548462,3.5118377208709717
2788,2020-09-01 01:32:28.647089,0.401539657072178,3.843233346939087,3.554095983505249
2789,2020-09-01 01:32:29.586368,0.401539657072178,3.843233346939087,3.554095983505249
2790,2020-09-01 01:32:30.542960,0.401539657072178,3.843233346939087,3.5963222980499268
2791,2020-09-01 01:32:31.363681,0.42002986695384,3.883404016494751,3.5963222980499268
2792,2020-09-01 01:32:32.266040,0.42002986695384,3.883404016494751,3.5963222980499268
2793,2020-09-01 01:32:33.204602,0.42002986695384,3.883404016494751,3.638516664505005
2794,2020-09-01 01:32:34.203528,0.438352364119126,3.923553943634033,3.638516664505005
2795,2020-09-01 01:32:35.081559,0.438352364119126,3.923553943634033,3.638516664505005
2796,2020-09-01 01:32:36.008975,0.438352364119126,3.923553943634033,3.638516664505005
2797,2020-09-01 01:32:36.866318,0.456507663125322,3.9636831283569336,3.680678606033325
2798,2020-09-01 01:32:37.809763,0.456507663125322,3.9636831283569336,3.680678606033325
2799,2020-09-01 01:32:38.621465,0.456507663125322,3.9636831283569336,3.722808361053467
2800,2020-09-01 01:32:39.461507,0.474496279476185,4.003791332244873,3.722808361053467
2801,2020-09-01 01:32:40.342457,0.474496279476185,4.003791332244873,3.722808361053467
2802,2020-09-01 01:32:41.199228,0.474496279476185,4.003791332244873,3.722808361053467
2803,2020-09-01 01:32:42.048969,0.484952116894377,4.027308940887451,3.7475056648254395
2804,2020-09-01 01:32:42.905846,0.484952116894377,4.027308940887451,3.7475056648254395
2805,2020-09-01 01:32:43.813469,0.484952116894377,4.027308940887451,3.7475056648254395
2806,2020-09-01 01:32:44.687702,0.493364217080256,4.043903350830078,3.7649412155151367
2807,2020-09-01 01:32:45.555206,0.493364217080256,4.043903350830078,3.7649412155151367
2808,2020-09-01 01:32:46.403281,0.493364217080256,4.043903350830078,3.7649412155151367
2809,2020-09-01 01:32:47.267371,0.493364217080256,4.043903350830078,3.7649412155151367
2810,2020-09-01 01:32:48.202914,0.493364217080256,4.043903350830078,3.7649412155151367
2811,2020-09-01 01:32:49.140428,0.493364217080256,4.043903350830078,3.7649412155151367
2812,2020-09-01 01:32:50.104289,0.493364217080256,4.043903350830078,3.7649412155151367
2813,2020-09-01 01:32:50.935071,0.493364217080256,4.043903350830078,3.7649412155151367
2814,2020-09-01 01:32:51.861448,0.493364217080256,4.043903350830078,3.8071115016937256
2815,2020-09-01 01:32:52.837672,0.513650362932026,4.084042549133301,3.8071115016937256
2816,2020-09-01 01:32:53.793084,0.513650362932026,4.084042549133301,3.8071115016937256
2817,2020-09-01 01:32:54.744871,0.513650362932026,4.084042549133301,3.8493456840515137
2818,2020-09-01 01:32:55.605735,0.535940233314363,4.124228000640869,3.8493456840515137
2819,2020-09-01 01:32:56.532980,0.535940233314363,4.124228000640869,3.8493456840515137
2820,2020-09-01 01:32:57.412533,0.535940233314363,4.124228000640869,3.8493456840515137
2821,2020-09-01 01:32:58.255619,0.558081960138679,4.164395332336426,3.8915514945983887
2822,2020-09-01 01:32:59.186056,0.558081960138679,4.164395332336426,3.8915514945983887
2823,2020-09-01 01:33:00.038484,0.558081960138679,4.164395332336426,3.9337291717529297
2824,2020-09-01 01:33:00.943294,0.580076056416672,4.204544544219971,3.9337291717529297
2825,2020-09-01 01:33:01.990565,0.580076056416672,4.204544544219971,3.9337291717529297
2826,2020-09-01 01:33:02.875734,0.580076056416672,4.204544544219971,3.974079132080078
2827,2020-09-01 01:33:03.766727,0.602769974382241,4.246157646179199,3.974079132080078
2828,2020-09-01 01:33:04.667018,0.602769974382241,4.246157646179199,3.974079132080078
2829,2020-09-01 01:33:05.469897,0.602769974382241,4.246157646179199,4.014403343200684
2830,2020-09-01 01:33:06.374799,0.625317913180666,4.287752151489258,4.014403343200684
2831,2020-09-01 01:33:07.289766,0.625317913180666,4.287752151489258,4.014403343200684
2832,2020-09-01 01:33:08.154627,0.647720389176627,4.287752151489258,4.054701805114746
2833,2020-09-01 01:33:09.050114,0.647720389176627,4.32932710647583,4.054701805114746
2834,2020-09-01 01:33:09.925790,0.647720389176627,4.32932710647583,4.054701805114746
2835,2020-09-01 01:33:10.844123,0.669977919142184,4.370883464813232,4.094974040985107
2836,2020-09-01 01:33:11.857878,0.669977919142184,4.370883464813232,4.094974040985107
2837,2020-09-01 01:33:12.791426,0.669977919142184,4.370883464813232,4.094974040985107
2838,2020-09-01 01:33:13.658106,0.692091020247901,4.412420749664307,4.135220527648926
2839,2020-09-01 01:33:14.510219,0.692091020247901,4.412420749664307,4.135220527648926
2840,2020-09-01 01:33:15.498733,0.692091020247901,4.412420749664307,4.175440788269043
2841,2020-09-01 01:33:16.330467,0.714060210068666,4.453938961029053,4.175440788269043
2842,2020-09-01 01:33:17.262014,0.714060210068666,4.453938961029053,4.175440788269043
2843,2020-09-01 01:33:18.240596,0.714060210068666,4.453938961029053,4.175440788269043
2844,2020-09-01 01:33:19.133621,0.735886006572315,4.495438098907471,4.215634822845459
2845,2020-09-01 01:33:20.017421,0.735886006572315,4.495438098907471,4.215634822845459
2846,2020-09-01 01:33:20.901783,0.735886006572315,4.495438098907471,4.215634822845459
2847,2020-09-01 01:33:21.805203,0.757568928116541,4.495438098907471,4.255802631378174
2848,2020-09-01 01:33:22.623514,0.757568928116541,4.536917686462402,4.255802631378174
2849,2020-09-01 01:33:23.508599,0.757568928116541,4.536917686462402,4.255802631378174
2850,2020-09-01 01:33:24.320129,0.775146006002203,4.57826566696167,4.295782089233398
2851,2020-09-01 01:33:25.241123,0.775146006002203,4.57826566696167,4.295782089233398
2852,2020-09-01 01:33:26.058044,0.775146006002203,4.57826566696167,4.295782089233398
2853,2020-09-01 01:33:26.953268,0.792564392532455,4.57826566696167,4.335731506347656
2854,2020-09-01 01:33:27.782837,0.792564392532455,4.61959171295166,4.335731506347656
2855,2020-09-01 01:33:28.706372,0.792564392532455,4.61959171295166,4.335731506347656
2856,2020-09-01 01:33:29.542015,0.792564392532455,4.61959171295166,4.335731506347656
2857,2020-09-01 01:33:30.411509,0.809824615340275,4.660895824432373,4.375650882720947
2858,2020-09-01 01:33:31.252476,0.809824615340275,4.660895824432373,4.375650882720947
2859,2020-09-01 01:33:32.178225,0.809824615340275,4.660895824432373,4.375650882720947
2860,2020-09-01 01:33:33.105446,0.826927202901388,4.70217752456665,4.415539741516113
2861,2020-09-01 01:33:34.042319,0.826927202901388,4.70217752456665,4.415539741516113
2862,2020-09-01 01:33:34.918745,0.826927202901388,4.70217752456665,4.415539741516113
2863,2020-09-01 01:33:35.839988,0.84294676648841,4.744426727294922,4.455055236816406
2864,2020-09-01 01:33:36.846378,0.84294676648841,4.744426727294922,4.455055236816406
2865,2020-09-01 01:33:37.757098,0.84294676648841,4.744426727294922,4.494540214538574
2866,2020-09-01 01:33:38.700924,0.858807810982242,4.786652088165283,4.494540214538574
2867,2020-09-01 01:33:39.602562,0.858807810982242,4.786652088165283,4.494540214538574
2868,2020-09-01 01:33:40.461978,0.858807810982242,4.786652088165283,4.533993721008301
2869,2020-09-01 01:33:41.311134,0.874510863444584,4.828853607177734,4.533993721008301
2870,2020-09-01 01:33:42.149547,0.874510863444584,4.828853607177734,4.533993721008301
2871,2020-09-01 01:33:43.090275,0.874510863444584,4.828853607177734,4.533993721008301
2872,2020-09-01 01:33:44.190442,0.890056451818225,4.871031761169434,4.573416709899902
2873,2020-09-01 01:33:45.212763,0.890056451818225,4.871031761169434,4.573416709899902
2874,2020-09-01 01:33:46.030625,0.890056451818225,4.871031761169434,4.573416709899902
2875,2020-09-01 01:33:46.992068,0.905445104924084,4.871031761169434,4.612807750701904
2876,2020-09-01 01:33:47.879114,0.905445104924084,4.913186073303223,4.612807750701904
2877,2020-09-01 01:33:48.806920,0.905445104924084,4.913186073303223,4.612807750701904
2878,2020-09-01 01:33:49.761672,0.905445104924084,4.913186073303223,4.517730236053467
2879,2020-09-01 01:33:50.643986,0.952964282736048,4.956945419311523,4.517730236053467
2880,2020-09-01 01:33:51.627097,0.952964282736048,4.956945419311523,4.517730236053467
2881,2020-09-01 01:33:52.596204,0.952964282736048,4.956945419311523,4.517730236053467
2882,2020-09-01 01:33:53.482138,1.00022262814853,5.000692367553711,4.422653675079346
2883,2020-09-01 01:33:54.401040,1.00022262814853,5.000692367553711,4.422653675079346
2884,2020-09-01 01:33:55.354829,1.00022262814853,5.000692367553711,4.422653675079346
2885,2020-09-01 01:33:56.138863,1.04722052165972,5.000692367553711,4.327578067779541
2886,2020-09-01 01:33:57.045498,1.04722052165972,5.044426441192627,4.327578067779541
2887,2020-09-01 01:33:57.958224,1.04722052165972,5.044426441192627,4.327578067779541
2888,2020-09-01 01:33:58.850213,1.09395834479162,5.08814811706543,4.232503414154053
2889,2020-09-01 01:33:59.755788,1.09395834479162,5.08814811706543,4.232503414154053
2890,2020-09-01 01:34:00.704669,1.09395834479162,5.08814811706543,4.232503414154053
2891,2020-09-01 01:34:01.563774,1.14043648007321,5.131856441497803,4.137429714202881
2892,2020-09-01 01:34:02.424637,1.14043648007321,5.131856441497803,4.137429714202881
2893,2020-09-01 01:34:03.262282,1.14043648007321,5.131856441497803,4.137429714202881
2894,2020-09-01 01:34:04.138329,1.14043648007321,5.131856441497803,4.042357444763184
2895,2020-09-01 01:34:05.009802,1.18665531102056,5.175551414489746,4.042357444763184
2896,2020-09-01 01:34:05.925277,1.18665531102056,5.175551414489746,4.042357444763184
2897,2020-09-01 01:34:06.804218,1.18665531102056,5.175551414489746,4.042357444763184
2898,2020-09-01 01:34:07.725982,1.23261522211324,5.219233989715576,3.947286367416382
2899,2020-09-01 01:34:08.639820,1.23261522211324,5.219233989715576,3.947286367416382
2900,2020-09-01 01:34:09.520399,1.23261522211324,5.219233989715576,3.947286367416382
2901,2020-09-01 01:34:10.482645,1.27767800345117,5.26015567779541,3.840099573135376
2902,2020-09-01 01:34:11.353749,1.27767800345117,5.26015567779541,3.840099573135376
2903,2020-09-01 01:34:12.250665,1.27767800345117,5.26015567779541,3.840099573135376
2904,2020-09-01 01:34:13.147395,1.32248314032599,5.301065921783447,3.732914447784424
2905,2020-09-01 01:34:14.090445,1.32248314032599,5.301065921783447,3.732914447784424
2906,2020-09-01 01:34:15.025518,1.32248314032599,5.301065921783447,3.732914447784424
2907,2020-09-01 01:34:15.991755,1.36703102638279,5.3419647216796875,3.6257307529449463
2908,2020-09-01 01:34:16.932789,1.36703102638279,5.3419647216796875,3.6257307529449463
2909,2020-09-01 01:34:17.748814,1.36703102638279,5.3419647216796875,3.6257307529449463
2910,2020-09-01 01:34:18.651930,1.41132205627092,5.382851600646973,3.5185482501983643
2911,2020-09-01 01:34:19.530970,1.41132205627092,5.382851600646973,3.5185482501983643
2912,2020-09-01 01:34:20.462196,1.41132205627092,5.382851600646973,3.5185482501983643
2913,2020-09-01 01:34:21.332871,1.47526505152976,5.3537516593933105,3.411367416381836
2914,2020-09-01 01:34:22.166873,1.47526505152976,5.3537516593933105,3.411367416381836
2915,2020-09-01 01:34:23.020259,1.47526505152976,5.3537516593933105,3.411367416381836
2916,2020-09-01 01:34:23.925097,1.47526505152976,5.3537516593933105,3.411367416381836
2917,2020-09-01 01:34:24.797791,1.53889013173533,5.324651718139648,3.3041880130767822
2918,2020-09-01 01:34:25.746701,1.53889013173533,5.324651718139648,3.3041880130767822
2919,2020-09-01 01:34:26.581580,1.53889013173533,5.324651718139648,3.3041880130767822
2920,2020-09-01 01:34:27.489230,1.53889013173533,5.324651718139648,3.197010040283203
2921,2020-09-01 01:34:28.356417,1.60219758737504,5.295551776885986,3.197010040283203
2922,2020-09-01 01:34:29.196663,1.60219758737504,5.295551776885986,3.197010040283203
2923,2020-09-01 01:34:30.107526,1.60219758737504,5.295551776885986,3.197010040283203
2924,2020-09-01 01:34:31.003975,1.66518769803028,5.266451835632324,3.0898334980010986
2925,2020-09-01 01:34:31.809545,1.66518769803028,5.266451835632324,3.0898334980010986
2926,2020-09-01 01:34:32.672935,1.66518769803028,5.266451835632324,3.0898334980010986
2927,2020-09-01 01:34:33.595389,1.71365492615617,5.243947505950928,3.0069515705108643
2928,2020-09-01 01:34:34.434652,1.71365492615617,5.243947505950928,3.0069515705108643
2929,2020-09-01 01:34:35.298101,1.71365492615617,5.243947505950928,3.0069515705108643
2930,2020-09-01 01:34:36.196528,1.71365492615617,5.243947505950928,3.0069515705108643
2931,2020-09-01 01:34:37.155823,1.7278333248435,5.237351894378662,2.982658863067627
2932,2020-09-01 01:34:38.071465,1.7278333248435,5.237351894378662,2.982658863067627
2933,2020-09-01 01:34:38.887205,1.7278333248435,5.237351894378662,2.982658863067627
2934,2020-09-01 01:34:39.784636,1.7278333248435,5.237351894378662,2.875485420227051
2935,2020-09-01 01:34:40.670411,1.7903138744912,5.208251953125,2.875485420227051
2936,2020-09-01 01:34:41.689466,1.7903138744912,5.208251953125,2.875485420227051
2937,2020-09-01 01:34:42.648304,1.85247986482396,5.17915153503418,2.76831316947937
2938,2020-09-01 01:34:43.469375,1.85247986482396,5.17915153503418,2.76831316947937
2939,2020-09-01 01:34:44.397303,1.85247986482396,5.17915153503418,2.76831316947937
2940,2020-09-01 01:34:45.204782,1.85247986482396,5.17915153503418,2.76831316947937
2941,2020-09-01 01:34:46.089617,1.88471168110637,5.150051593780518,2.800684928894043
2942,2020-09-01 01:34:46.936629,1.88471168110637,5.150051593780518,2.800684928894043
2943,2020-09-01 01:34:47.864916,1.88471168110637,5.150051593780518,2.800684928894043
2944,2020-09-01 01:34:48.835891,1.88471168110637,5.150051593780518,2.832038640975952
2945,2020-09-01 01:34:49.712754,1.91691399517826,5.118597984313965,2.832038640975952
2946,2020-09-01 01:34:50.601016,1.91691399517826,5.118597984313965,2.832038640975952
2947,2020-09-01 01:34:51.548655,1.94889395046316,5.118597984313965,2.863379716873169
2948,2020-09-01 01:34:52.460197,1.94889395046316,5.087144374847412,2.863379716873169
2949,2020-09-01 01:34:53.307600,1.94889395046316,5.087144374847412,2.863379716873169
2950,2020-09-01 01:34:54.081757,1.94889395046316,5.087144374847412,2.863379716873169
2951,2020-09-01 01:34:54.937744,1.98065204132124,5.055690765380859,2.8947083950042725
2952,2020-09-01 01:34:55.877312,1.98065204132124,5.055690765380859,2.8947083950042725
2953,2020-09-01 01:34:56.723506,1.98065204132124,5.055690765380859,2.8947083950042725
2954,2020-09-01 01:34:57.710863,2.01218876357075,5.024237155914307,2.9260241985321045
2955,2020-09-01 01:34:58.573061,2.01218876357075,5.024237155914307,2.9260241985321045
2956,2020-09-01 01:34:59.486133,2.01218876357075,5.024237155914307,2.9260241985321045
2957,2020-09-01 01:35:00.389858,2.01218876357075,5.024237155914307,2.957327127456665
2958,2020-09-01 01:35:01.327672,2.0435046144635,4.992783546447754,2.957327127456665
2959,2020-09-01 01:35:02.154971,2.0435046144635,4.992783546447754,2.957327127456665
2960,2020-09-01 01:35:03.044709,2.0435046144635,4.992783546447754,2.988617181777954
2961,2020-09-01 01:35:03.903047,2.07460009265486,4.961329460144043,2.988617181777954
2962,2020-09-01 01:35:04.745993,2.07460009265486,4.961329460144043,2.988617181777954
2963,2020-09-01 01:35:05.515265,2.07460009265486,4.961329460144043,3.0198941230773926
2964,2020-09-01 01:35:06.363344,2.10547569816703,4.92987585067749,3.0198941230773926
2965,2020-09-01 01:35:07.204389,2.10547569816703,4.92987585067749,3.0198941230773926
2966,2020-09-01 01:35:08.028148,2.10547569816703,4.92987585067749,3.0511577129364014
2967,2020-09-01 01:35:08.923021,2.1361319323437,4.8984222412109375,3.0511577129364014
2968,2020-09-01 01:35:09.845787,2.1361319323437,4.8984222412109375,3.0511577129364014
2969,2020-09-01 01:35:10.767214,2.1361319323437,4.8984222412109375,3.0511577129364014
2970,2020-09-01 01:35:11.582907,2.1665692977937,4.866968631744385,3.0824081897735596
2971,2020-09-01 01:35:12.537972,2.1665692977937,4.866968631744385,3.0824081897735596
2972,2020-09-01 01:35:13.399630,2.1665692977937,4.866968631744385,3.0824081897735596
2973,2020-09-01 01:35:14.318952,2.19678829831982,4.835515022277832,3.113645076751709
2974,2020-09-01 01:35:15.120644,2.19678829831982,4.835515022277832,3.113645076751709
2975,2020-09-01 01:35:16.022881,2.19678829831982,4.835515022277832,3.113645076751709
2976,2020-09-01 01:35:16.954864,2.22678943882771,4.835515022277832,3.1448686122894287
2977,2020-09-01 01:35:17.911938,2.22678943882771,4.804061412811279,3.1448686122894287
2978,2020-09-01 01:35:18.802553,2.22678943882771,4.804061412811279,3.1448686122894287
2979,2020-09-01 01:35:19.681966,2.22678943882771,4.804061412811279,3.1448686122894287
2980,2020-09-01 01:35:20.717930,2.25657322520658,4.772607803344727,3.1760783195495605
2981,2020-09-01 01:35:21.597811,2.25657322520658,4.772607803344727,3.1760783195495605
2982,2020-09-01 01:35:22.482708,2.25657322520658,4.772607803344727,3.1760783195495605
2983,2020-09-01 01:35:23.374599,2.25657322520658,4.743696689605713,3.2093822956085205
2984,2020-09-01 01:35:24.241818,2.28608025529989,4.743696689605713,3.2093822956085205
2985,2020-09-01 01:35:25.241223,2.28608025529989,4.743696689605713,3.2093822956085205
2986,2020-09-01 01:35:26.169296,2.31537026915711,4.714786052703857,3.2426702976226807
2987,2020-09-01 01:35:27.123091,2.31537026915711,4.714786052703857,3.2426702976226807
2988,2020-09-01 01:35:27.970950,2.31537026915711,4.714786052703857,3.2426702976226807
2989,2020-09-01 01:35:28.813130,2.34444376814473,4.685875415802002,3.275942087173462
2990,2020-09-01 01:35:29.704994,2.34444376814473,4.685875415802002,3.275942087173462
2991,2020-09-01 01:35:30.683606,2.34444376814473,4.685875415802002,3.275942087173462
2992,2020-09-01 01:35:31.466213,2.37330125326129,4.685875415802002,3.309197425842285
2993,2020-09-01 01:35:32.345242,2.37330125326129,4.656964302062988,3.309197425842285
2994,2020-09-01 01:35:33.240964,2.37330125326129,4.656964302062988,3.309197425842285
2995,2020-09-01 01:35:34.153592,2.40194322408287,4.656964302062988,3.3424363136291504
2996,2020-09-01 01:35:35.105045,2.40194322408287,4.628053665161133,3.3424363136291504
2997,2020-09-01 01:35:35.865682,2.40194322408287,4.628053665161133,3.3424363136291504
2998,2020-09-01 01:35:36.772470,2.40194322408287,4.628053665161133,3.3758440017700195
2999,2020-09-01 01:35:37.701594,2.43361958984794,4.599143028259277,3.3758440017700195
3000,2020-09-01 01:35:38.646475,2.43361958984794,4.599143028259277,3.3758440017700195
3001,2020-09-01 01:35:39.543151,2.43361958984794,4.599143028259277,3.3758440017700195
3002,2020-09-01 01:35:40.430219,2.43361958984794,4.599143028259277,3.409238576889038
3003,2020-09-01 01:35:41.430164,2.46510462375149,4.570232391357422,3.409238576889038
3004,2020-09-01 01:35:42.350661,2.46510462375149,4.570232391357422,3.409238576889038
3005,2020-09-01 01:35:43.269877,2.49639888837989,4.541321277618408,3.442619800567627
3006,2020-09-01 01:35:44.211225,2.49639888837989,4.541321277618408,3.442619800567627
3007,2020-09-01 01:35:45.095985,2.49639888837989,4.541321277618408,3.442619800567627
3008,2020-09-01 01:35:45.939762,2.49639888837989,4.541321277618408,3.475987672805786
3009,2020-09-01 01:35:46.868377,2.52750294775687,4.512410640716553,3.475987672805786
3010,2020-09-01 01:35:47.685838,2.52750294775687,4.512410640716553,3.475987672805786
3011,2020-09-01 01:35:48.586658,2.52750294775687,4.512410640716553,3.475987672805786
3012,2020-09-01 01:35:49.458980,2.55841736732842,4.512410640716553,3.5093421936035156
3013,2020-09-01 01:35:50.363103,2.55841736732842,4.483500003814697,3.5093421936035156
3014,2020-09-01 01:35:51.229601,2.55841736732842,4.483500003814697,3.5093421936035156
3015,2020-09-01 01:35:52.057105,2.58914271394528,4.454588890075684,3.5426828861236572
3016,2020-09-01 01:35:52.973168,2.58914271394528,4.454588890075684,3.5426828861236572
3017,2020-09-01 01:35:53.881493,2.58914271394528,4.454588890075684,3.5426828861236572
3018,2020-09-01 01:35:54.799399,2.61967955584291,4.425678253173828,3.57600998878479
3019,2020-09-01 01:35:55.672915,2.61967955584291,4.425678253173828,3.57600998878479
3020,2020-09-01 01:35:56.577565,2.61967955584291,4.425678253173828,3.57600998878479
3021,2020-09-01 01:35:57.466806,2.64909348398459,4.400123119354248,3.6132419109344482
3022,2020-09-01 01:35:58.278382,2.64909348398459,4.400123119354248,3.6132419109344482
3023,2020-09-01 01:35:59.118157,2.64909348398459,4.400123119354248,3.6132419109344482
3024,2020-09-01 01:35:59.954135,2.64909348398459,4.400123119354248,3.650219440460205
3025,2020-09-01 01:36:00.825446,2.67379507784236,4.37456750869751,3.650219440460205
3026,2020-09-01 01:36:01.687196,2.67379507784236,4.37456750869751,3.650219440460205
3027,2020-09-01 01:36:02.591176,2.67379507784236,4.37456750869751,3.68717360496521
3028,2020-09-01 01:36:03.525990,2.69828056760711,4.3490118980407715,3.68717360496521
3029,2020-09-01 01:36:04.472960,2.69828056760711,4.3490118980407715,3.68717360496521
3030,2020-09-01 01:36:05.345833,2.69828056760711,4.3490118980407715,3.724104166030884
3031,2020-09-01 01:36:06.197012,2.72255059367754,4.323456764221191,3.724104166030884
3032,2020-09-01 01:36:07.110338,2.72255059367754,4.323456764221191,3.724104166030884
3033,2020-09-01 01:36:08.004873,2.72255059367754,4.323456764221191,3.7610113620758057
3034,2020-09-01 01:36:08.947642,2.74660580357119,4.297901153564453,3.7610113620758057
3035,2020-09-01 01:36:09.756867,2.74660580357119,4.297901153564453,3.7610113620758057
3036,2020-09-01 01:36:10.614855,2.77044684148238,4.297901153564453,3.7978947162628174
3037,2020-09-01 01:36:11.509334,2.77044684148238,4.272346019744873,3.7978947162628174
3038,2020-09-01 01:36:12.445065,2.77044684148238,4.272346019744873,3.7978947162628174
3039,2020-09-01 01:36:13.291276,2.79407435043201,4.272346019744873,3.834754467010498
3040,2020-09-01 01:36:14.050134,2.79407435043201,4.246790409088135,3.834754467010498
3041,2020-09-01 01:36:14.917887,2.79407435043201,4.246790409088135,3.834754467010498
3042,2020-09-01 01:36:15.792134,2.79407435043201,4.246790409088135,3.834754467010498
3043,2020-09-01 01:36:16.617854,2.81748897321789,4.221235275268555,3.8715903759002686
3044,2020-09-01 01:36:17.471386,2.81748897321789,4.221235275268555,3.8715903759002686
3045,2020-09-01 01:36:18.411274,2.81748897321789,4.221235275268555,3.8715903759002686
3046,2020-09-01 01:36:19.285408,2.81748897321789,4.221235275268555,3.90840220451355
3047,2020-09-01 01:36:20.320525,2.84069135295312,4.195679664611816,3.90840220451355
3048,2020-09-01 01:36:21.121237,2.84069135295312,4.195679664611816,3.90840220451355
3049,2020-09-01 01:36:22.024378,2.84069135295312,4.195679664611816,3.90840220451355
3050,2020-09-01 01:36:22.947229,2.8636821334118,4.170124530792236,3.945190191268921
3051,2020-09-01 01:36:23.879925,2.8636821334118,4.170124530792236,3.945190191268921
3052,2020-09-01 01:36:24.739244,2.8636821334118,4.170124530792236,3.945190191268921
3053,2020-09-01 01:36:25.674117,2.88646195926927,4.144568920135498,3.9819538593292236
3054,2020-09-01 01:36:26.509606,2.88646195926927,4.144568920135498,3.9819538593292236
3055,2020-09-01 01:36:27.416576,2.88646195926927,4.144568920135498,3.9819538593292236
3056,2020-09-01 01:36:28.262492,2.90903147627787,4.119013786315918,4.018692970275879
3057,2020-09-01 01:36:29.226751,2.90903147627787,4.119013786315918,4.018692970275879
3058,2020-09-01 01:36:30.100791,2.90903147627787,4.119013786315918,4.018692970275879
3059,2020-09-01 01:36:31.059917,2.93239681918405,4.090567111968994,4.057516098022461
3060,2020-09-01 01:36:31.953546,2.93239681918405,4.090567111968994,4.057516098022461
3061,2020-09-01 01:36:32.851279,2.93239681918405,4.090567111968994,4.057516098022461
3062,2020-09-01 01:36:33.842440,2.95555591475585,4.0621209144592285,4.0963134765625
3063,2020-09-01 01:36:34.715211,2.95555591475585,4.0621209144592285,4.0963134765625
3064,2020-09-01 01:36:35.561838,2.95555591475585,4.0621209144592285,4.0963134765625
3065,2020-09-01 01:36:36.394261,2.97850940741452,4.033674716949463,4.135084629058838
3066,2020-09-01 01:36:37.298166,2.97850940741452,4.033674716949463,4.135084629058838
3067,2020-09-01 01:36:38.224553,2.97850940741452,4.033674716949463,4.135084629058838
3068,2020-09-01 01:36:39.165802,2.99659763329448,4.005228519439697,4.173637390136719
3069,2020-09-01 01:36:40.043565,2.99659763329448,4.005228519439697,4.173637390136719
3070,2020-09-01 01:36:40.926895,2.99659763329448,4.005228519439697,4.173637390136719
3071,2020-09-01 01:36:41.731895,3.0144662786974,3.9767820835113525,4.212160587310791
3072,2020-09-01 01:36:42.586865,3.0144662786974,3.9767820835113525,4.212160587310791
3073,2020-09-01 01:36:43.458494,3.0144662786974,3.9767820835113525,4.212160587310791
3074,2020-09-01 01:36:44.383500,3.0144662786974,3.9767820835113525,4.2506537437438965
3075,2020-09-01 01:36:45.236152,3.0321159516633,3.948335886001587,4.2506537437438965
3076,2020-09-01 01:36:46.102221,3.0321159516633,3.948335886001587,4.2506537437438965
3077,2020-09-01 01:36:46.989362,3.04954725784103,3.919889450073242,4.289116859436035
3078,2020-09-01 01:36:47.806002,3.04954725784103,3.919889450073242,4.289116859436035
3079,2020-09-01 01:36:48.709800,3.04954725784103,3.919889450073242,4.289116859436035
3080,2020-09-01 01:36:49.620472,3.04954725784103,3.919889450073242,4.327549457550049
3081,2020-09-01 01:36:50.473727,3.06676079642615,3.8914432525634766,4.327549457550049
3082,2020-09-01 01:36:51.428234,3.06676079642615,3.8914432525634766,4.327549457550049
3083,2020-09-01 01:36:52.252660,3.06676079642615,3.8914432525634766,4.327549457550049
3084,2020-09-01 01:36:53.049002,3.0837572326259,3.862997055053711,4.365952491760254
3085,2020-09-01 01:36:53.939765,3.0837572326259,3.862997055053711,4.365952491760254
3086,2020-09-01 01:36:54.788267,3.0837572326259,3.862997055053711,4.365952491760254
3087,2020-09-01 01:36:55.659868,3.10053733483323,3.834550619125366,4.404324531555176
3088,2020-09-01 01:36:56.542025,3.10053733483323,3.834550619125366,4.404324531555176
3089,2020-09-01 01:36:57.460859,3.10053733483323,3.834550619125366,4.404324531555176
3090,2020-09-01 01:36:58.353240,3.10053733483323,3.834550619125366,4.442666530609131
3091,2020-09-01 01:36:59.310322,3.11710186358994,3.8061044216156006,4.442666530609131
3092,2020-09-01 01:37:00.155648,3.11710186358994,3.8061044216156006,4.442666530609131
3093,2020-09-01 01:37:01.103140,3.11710186358994,3.8061044216156006,4.442666530609131
3094,2020-09-01 01:37:02.068599,3.13345157685839,3.777657985687256,4.480978012084961
3095,2020-09-01 01:37:02.941040,3.13345157685839,3.777657985687256,4.480978012084961
3096,2020-09-01 01:37:03.922629,3.13345157685839,3.777657985687256,4.523804187774658
3097,2020-09-01 01:37:04.870059,3.15110052422152,3.7554707527160645,4.523804187774658
3098,2020-09-01 01:37:05.785261,3.15110052422152,3.7554707527160645,4.523804187774658
3099,2020-09-01 01:37:06.709618,3.15110052422152,3.7554707527160645,4.566595554351807
3100,2020-09-01 01:37:07.658358,3.16854079421044,3.733283519744873,4.566595554351807
3101,2020-09-01 01:37:08.567537,3.16854079421044,3.733283519744873,4.566595554351807
3102,2020-09-01 01:37:09.417913,3.16854079421044,3.733283519744873,4.566595554351807
3103,2020-09-01 01:37:10.303162,3.18577313609603,3.7110962867736816,4.6093525886535645
3104,2020-09-01 01:37:11.194130,3.18577313609603,3.7110962867736816,4.6093525886535645
3105,2020-09-01 01:37:12.202024,3.23380376453335,3.6889090538024902,4.514864921569824
3106,2020-09-01 01:37:13.118136,3.23380376453335,3.6889090538024902,4.514864921569824
3107,2020-09-01 01:37:14.057439,3.23380376453335,3.6889090538024902,4.514864921569824
3108,2020-09-01 01:37:14.982484,3.28151948817541,3.666721820831299,4.420377731323242
3109,2020-09-01 01:37:15.988395,3.28151948817541,3.666721820831299,4.420377731323242
3110,2020-09-01 01:37:16.958612,3.28151948817541,3.666721820831299,4.420377731323242
3111,2020-09-01 01:37:17.864402,3.32892075019971,3.6445345878601074,4.325891971588135
3112,2020-09-01 01:37:18.825797,3.32892075019971,3.6445345878601074,4.325891971588135
3113,2020-09-01 01:37:19.829087,3.32892075019971,3.6445345878601074,4.325891971588135
3114,2020-09-01 01:37:20.620649,3.37600799426015,3.622347354888916,4.231407165527344
3115,2020-09-01 01:37:21.643056,3.37600799426015,3.622347354888916,4.231407165527344
3116,2020-09-01 01:37:22.559156,3.37600799426015,3.622347354888916,4.231407165527344
3117,2020-09-01 01:37:23.382922,3.42278166427268,3.622347354888916,4.136923313140869
3118,2020-09-01 01:37:24.311142,3.42278166427268,3.6001601219177246,4.136923313140869
3119,2020-09-01 01:37:25.219882,3.42278166427268,3.6001601219177246,4.136923313140869
3120,2020-09-01 01:37:26.059671,3.42278166427268,3.6001601219177246,4.042440414428711
3121,2020-09-01 01:37:27.005200,3.46924220412082,3.577972888946533,4.042440414428711
3122,2020-09-01 01:37:27.969753,3.46924220412082,3.577972888946533,4.042440414428711
3123,2020-09-01 01:37:28.847071,3.46924220412082,3.577972888946533,4.042440414428711
3124,2020-09-01 01:37:29.787933,3.51539005723478,3.555785655975342,3.9479589462280273
3125,2020-09-01 01:37:30.716573,3.51539005723478,3.555785655975342,3.9479589462280273
3126,2020-09-01 01:37:31.637751,3.56122566595474,3.555785655975342,3.85347843170166
3127,2020-09-01 01:37:32.520520,3.56122566595474,3.5335984230041504,3.85347843170166
3128,2020-09-01 01:37:33.364325,3.56122566595474,3.5335984230041504,3.85347843170166
3129,2020-09-01 01:37:34.256082,3.60674947047842,3.5335984230041504,3.7589991092681885
3130,2020-09-01 01:37:35.067969,3.60674947047842,3.511411190032959,3.7589991092681885
3131,2020-09-01 01:37:35.935210,3.60674947047842,3.511411190032959,3.7589991092681885
3132,2020-09-01 01:37:36.936751,3.65411212981589,3.491905927658081,3.687610149383545
3133,2020-09-01 01:37:37.884475,3.65411212981589,3.491905927658081,3.687610149383545
3134,2020-09-01 01:37:38.739303,3.65411212981589,3.491905927658081,3.687610149383545
3135,2020-09-01 01:37:39.680644,3.70117575478993,3.4724009037017822,3.6162214279174805
3136,2020-09-01 01:37:40.618118,3.70117575478993,3.4724009037017822,3.6162214279174805
3137,2020-09-01 01:37:41.522182,3.70117575478993,3.4724009037017822,3.6162214279174805
3138,2020-09-01 01:37:42.388773,3.7479410002753,3.4528958797454834,3.544832706451416
3139,2020-09-01 01:37:43.294329,3.7479410002753,3.4528958797454834,3.544832706451416
3140,2020-09-01 01:37:44.259526,3.7479410002753,3.4528958797454834,3.544832706451416
3141,2020-09-01 01:37:45.200285,3.7944085234255,3.4333908557891846,3.4734439849853516
3142,2020-09-01 01:37:46.042063,3.7944085234255,3.4333908557891846,3.4734439849853516
3143,2020-09-01 01:37:46.941380,3.7944085234255,3.4333908557891846,3.402055263519287
3144,2020-09-01 01:37:47.823786,3.84057898373199,3.4138858318328857,3.402055263519287
3145,2020-09-01 01:37:48.719769,3.84057898373199,3.4138858318328857,3.402055263519287
3146,2020-09-01 01:37:49.866681,3.87146751702683,3.400752305984497,3.3539867401123047
3147,2020-09-01 01:37:50.785637,3.87146751702683,3.400752305984497,3.3539867401123047
3148,2020-09-01 01:37:51.614927,3.87146751702683,3.400752305984497,3.3539867401123047
3149,2020-09-01 01:37:52.458989,3.88643122698581,3.394380807876587,3.3306665420532227
3150,2020-09-01 01:37:53.278268,3.88643122698581,3.394380807876587,3.3306665420532227
3151,2020-09-01 01:37:54.148495,3.88643122698581,3.394380807876587,3.3306665420532227
3152,2020-09-01 01:37:55.090406,3.88643122698581,3.394380807876587,3.259277582168579
3153,2020-09-01 01:37:55.949592,3.9321427754759,3.374875783920288,3.259277582168579
3154,2020-09-01 01:37:56.716889,3.9321427754759,3.374875783920288,3.259277582168579
3155,2020-09-01 01:37:57.618966,3.9321427754759,3.374875783920288,3.259277582168579
3156,2020-09-01 01:37:58.440860,3.97756101821024,3.3553707599639893,3.1878888607025146
3157,2020-09-01 01:37:59.384764,3.97756101821024,3.3553707599639893,3.1878888607025146
3158,2020-09-01 01:38:00.217520,3.97756101821024,3.3553707599639893,3.1878888607025146
3159,2020-09-01 01:38:01.063414,3.97756101821024,3.3553707599639893,3.1878888607025146
3160,2020-09-01 01:38:01.960765,4.02268663054329,3.3358654975891113,3.11650013923645
3161,2020-09-01 01:38:02.911384,4.02268663054329,3.3358654975891113,3.11650013923645
3162,2020-09-01 01:38:03.894289,4.06752029047699,3.3358654975891113,3.0451114177703857
3163,2020-09-01 01:38:04.726781,4.06752029047699,3.3163604736328125,3.0451114177703857
3164,2020-09-01 01:38:05.555709,4.06752029047699,3.3163604736328125,3.0451114177703857
3165,2020-09-01 01:38:06.360011,4.06752029047699,3.3163604736328125,3.0451114177703857
3166,2020-09-01 01:38:07.207030,4.11206267870813,3.2968554496765137,2.9737226963043213
3167,2020-09-01 01:38:08.015167,4.11206267870813,3.2968554496765137,2.9737226963043213
3168,2020-09-01 01:38:08.922192,4.11206267870813,3.2968554496765137,2.9737226963043213
3169,2020-09-01 01:38:09.917629,4.15631447867482,3.2968554496765137,2.902333974838257
3170,2020-09-01 01:38:10.824722,4.15631447867482,3.277350425720215,2.902333974838257
3171,2020-09-01 01:38:11.690329,4.15631447867482,3.277350425720215,2.902333974838257
3172,2020-09-01 01:38:12.574798,4.15631447867482,3.277350425720215,2.8046278953552246
3173,2020-09-01 01:38:13.536806,4.19878828256675,3.251810073852539,2.8046278953552246
3174,2020-09-01 01:38:14.379193,4.19878828256675,3.251810073852539,2.8046278953552246
3175,2020-09-01 01:38:15.311073,4.20846029212582,3.251810073852539,2.8471407890319824
3176,2020-09-01 01:38:16.237971,4.20846029212582,3.2262697219848633,2.8471407890319824
3177,2020-09-01 01:38:17.219634,4.20846029212582,3.2262697219848633,2.8471407890319824
3178,2020-09-01 01:38:18.153380,4.21796157112394,3.2007293701171875,2.889616012573242
3179,2020-09-01 01:38:19.089120,4.21796157112394,3.2007293701171875,2.889616012573242
3180,2020-09-01 01:38:19.999154,4.21796157112394,3.2007293701171875,2.889616012573242
3181,2020-09-01 01:38:20.939570,4.21796157112394,3.2007293701171875,2.932053565979004
3182,2020-09-01 01:38:21.797431,4.22729294940689,3.1751887798309326,2.932053565979004
3183,2020-09-01 01:38:22.636439,4.22729294940689,3.1751887798309326,2.932053565979004
3184,2020-09-01 01:38:23.559853,4.23645525861971,3.1751887798309326,2.9744536876678467
3185,2020-09-01 01:38:24.434617,4.23645525861971,3.149648427963257,2.9744536876678467
3186,2020-09-01 01:38:25.386365,4.23645525861971,3.149648427963257,2.9744536876678467
3187,2020-09-01 01:38:26.301727,4.23645525861971,3.149648427963257,3.0168161392211914
3188,2020-09-01 01:38:27.241082,4.24544933218394,3.124108076095581,3.0168161392211914
3189,2020-09-01 01:38:28.112992,4.24544933218394,3.124108076095581,3.0168161392211914
3190,2020-09-01 01:38:28.967293,4.24544933218394,3.124108076095581,3.0168161392211914
3191,2020-09-01 01:38:29.900759,4.2542760052729,3.0985677242279053,3.059140682220459
3192,2020-09-01 01:38:30.715350,4.2542760052729,3.0985677242279053,3.059140682220459
3193,2020-09-01 01:38:31.572806,4.2542760052729,3.0985677242279053,3.059140682220459
3194,2020-09-01 01:38:32.441496,4.26293611478495,3.0730273723602295,3.1014273166656494
3195,2020-09-01 01:38:33.309826,4.26293611478495,3.0730273723602295,3.1014273166656494
3196,2020-09-01 01:38:34.123931,4.26293611478495,3.0730273723602295,3.1014273166656494
3197,2020-09-01 01:38:35.057925,4.26293611478495,3.0730273723602295,3.1436760425567627
3198,2020-09-01 01:38:35.930420,4.27143049931431,3.0474870204925537,3.1436760425567627
3199,2020-09-01 01:38:36.867358,4.27143049931431,3.0474870204925537,3.1436760425567627
3200,2020-09-01 01:38:37.784427,4.27143049931431,3.0474870204925537,3.1436760425567627
3201,2020-09-01 01:38:38.602344,4.27975999911925,3.021946668624878,3.185886859893799
3202,2020-09-01 01:38:39.414125,4.27975999911925,3.021946668624878,3.185886859893799
3203,2020-09-01 01:38:40.449819,4.27975999911925,3.021946668624878,3.185886859893799
3204,2020-09-01 01:38:41.323306,4.28792545608727,2.996406078338623,3.2280592918395996
3205,2020-09-01 01:38:42.134741,4.28792545608727,2.996406078338623,3.2280592918395996
3206,2020-09-01 01:38:42.951156,4.28792545608727,2.996406078338623,3.2280592918395996
3207,2020-09-01 01:38:43.903272,4.29592771369674,2.9708657264709473,3.2701938152313232
3208,2020-09-01 01:38:44.802275,4.29592771369674,2.9708657264709473,3.2701938152313232
3209,2020-09-01 01:38:45.678658,4.29592771369674,2.9708657264709473,3.2701938152313232
3210,2020-09-01 01:38:46.506448,4.30465502449711,2.949742317199707,3.322460889816284
3211,2020-09-01 01:38:47.428747,4.30465502449711,2.949742317199707,3.322460889816284
3212,2020-09-01 01:38:48.336032,4.30465502449711,2.949742317199707,3.322460889816284
3213,2020-09-01 01:38:49.227779,4.28623675051955,2.9980475902557373,3.3739120960235596
3214,2020-09-01 01:38:50.116977,4.28623675051955,2.9980475902557373,3.3739120960235596
3215,2020-09-01 01:38:51.002513,4.28623675051955,2.9980475902557373,3.3739120960235596
3216,2020-09-01 01:38:51.921255,4.26784705102961,2.9980475902557373,3.4252917766571045
3217,2020-09-01 01:38:52.748907,4.26784705102961,3.0463063716888428,3.4252917766571045
3218,2020-09-01 01:38:53.564549,4.26784705102961,3.0463063716888428,3.4252917766571045
3219,2020-09-01 01:38:54.389854,4.26784705102961,3.0463063716888428,3.4252917766571045
3220,2020-09-01 01:38:55.263531,4.25298784819695,3.094599962234497,3.4767191410064697
3221,2020-09-01 01:38:56.120761,4.25298784819695,3.094599962234497,3.4767191410064697
3222,2020-09-01 01:38:57.000552,4.25298784819695,3.094599962234497,3.4767191410064697
3223,2020-09-01 01:38:57.845800,4.23990437671068,3.1372203826904297,3.522087335586548
3224,2020-09-01 01:38:58.663114,4.23990437671068,3.1372203826904297,3.522087335586548
3225,2020-09-01 01:38:59.660367,4.23990437671068,3.1372203826904297,3.522087335586548
3226,2020-09-01 01:39:00.565841,4.23839094636688,3.1372203826904297,3.528078556060791
3227,2020-09-01 01:39:01.315459,4.23839094636688,3.1428492069244385,3.528078556060791
3228,2020-09-01 01:39:02.215619,4.23839094636688,3.1428492069244385,3.528078556060791
3229,2020-09-01 01:39:03.012964,4.23839094636688,3.1428492069244385,3.528078556060791
3230,2020-09-01 01:39:03.897679,4.23839094636688,3.1428492069244385,3.528078556060791
3231,2020-09-01 01:39:04.751611,4.23839094636688,3.1428492069244385,3.528078556060791
3232,2020-09-01 01:39:05.650679,4.23839094636688,3.1428492069244385,3.528078556060791
3233,2020-09-01 01:39:06.434243,4.22542757405539,3.1910910606384277,3.5794241428375244
3234,2020-09-01 01:39:07.288676,4.22542757405539,3.1910910606384277,3.5794241428375244
3235,2020-09-01 01:39:08.206618,4.22542757405539,3.1910910606384277,3.5794241428375244
3236,2020-09-01 01:39:09.123269,4.22542757405539,3.1910910606384277,3.6307201385498047
3237,2020-09-01 01:39:10.003736,4.21310938881855,3.2393014430999756,3.6307201385498047
3238,2020-09-01 01:39:10.863757,4.21310938881855,3.2393014430999756,3.6307201385498047
3239,2020-09-01 01:39:11.754574,4.21310938881855,3.2393014430999756,3.6307201385498047
3240,2020-09-01 01:39:12.635342,4.20089971837039,3.287470579147339,3.681953191757202
3241,2020-09-01 01:39:13.547323,4.20089971837039,3.287470579147339,3.681953191757202
3242,2020-09-01 01:39:14.465777,4.20089971837039,3.287470579147339,3.681953191757202
3243,2020-09-01 01:39:15.413722,4.18879768823189,3.3355984687805176,3.7331228256225586
3244,2020-09-01 01:39:16.235684,4.18879768823189,3.3355984687805176,3.7331228256225586
3245,2020-09-01 01:39:17.174456,4.18879768823189,3.3355984687805176,3.7842295169830322
3246,2020-09-01 01:39:18.006279,4.1768024261626,3.38368558883667,3.7842295169830322
3247,2020-09-01 01:39:18.843668,4.1768024261626,3.38368558883667,3.7842295169830322
3248,2020-09-01 01:39:19.715817,4.1768024261626,3.38368558883667,3.7842295169830322
3249,2020-09-01 01:39:20.606268,4.1768024261626,3.38368558883667,3.835273265838623
3250,2020-09-01 01:39:21.585783,4.16491306415543,3.4317314624786377,3.835273265838623
3251,2020-09-01 01:39:22.595441,4.16491306415543,3.4317314624786377,3.835273265838623
3252,2020-09-01 01:39:23.600507,4.15312874243561,3.479736566543579,3.886254072189331
3253,2020-09-01 01:39:24.440142,4.15312874243561,3.479736566543579,3.886254072189331
3254,2020-09-01 01:39:25.350295,4.15312874243561,3.479736566543579,3.886254072189331
3255,2020-09-01 01:39:26.293940,4.1433180642701,3.479736566543579,3.95070219039917
3256,2020-09-01 01:39:27.106106,4.1433180642701,3.531099319458008,3.95070219039917
3257,2020-09-01 01:39:28.019530,4.1433180642701,3.531099319458008,3.95070219039917
3258,2020-09-01 01:39:28.910766,4.1433180642701,3.531099319458008,3.95070219039917
3259,2020-09-01 01:39:29.802677,4.13362487052659,3.5824201107025146,4.015075206756592
3260,2020-09-01 01:39:30.595066,4.13362487052659,3.5824201107025146,4.015075206756592
3261,2020-09-01 01:39:31.531342,4.13362487052659,3.5824201107025146,4.015075206756592
3262,2020-09-01 01:39:32.404046,4.12404828314811,3.6336989402770996,4.079373836517334
3263,2020-09-01 01:39:33.312757,4.12404828314811,3.6336989402770996,4.079373836517334
3264,2020-09-01 01:39:34.160679,4.12404828314811,3.6336989402770996,4.079373836517334
3265,2020-09-01 01:39:35.236682,4.11458742937255,3.684936285018921,4.143597602844238
3266,2020-09-01 01:39:36.106190,4.11458742937255,3.684936285018921,4.143597602844238
3267,2020-09-01 01:39:37.021730,4.11458742937255,3.684936285018921,4.143597602844238
3268,2020-09-01 01:39:37.953941,4.11458742937255,3.684936285018921,4.207746982574463
3269,2020-09-01 01:39:38.803515,4.10524144171858,3.736131429672241,4.207746982574463
3270,2020-09-01 01:39:39.754847,4.10524144171858,3.736131429672241,4.207746982574463
3271,2020-09-01 01:39:40.648515,4.09600945797169,3.787285089492798,4.27182149887085
3272,2020-09-01 01:39:41.473645,4.09600945797169,3.787285089492798,4.27182149887085
3273,2020-09-01 01:39:42.348742,4.09600945797169,3.787285089492798,4.27182149887085
3274,2020-09-01 01:39:43.241325,4.09600945797169,3.787285089492798,4.335822105407715
3275,2020-09-01 01:39:44.156152,4.08689062117021,3.8383970260620117,4.335822105407715
3276,2020-09-01 01:39:45.038642,4.08689062117021,3.8383970260620117,4.335822105407715
3277,2020-09-01 01:39:46.042194,4.08689062117021,3.8383970260620117,4.335822105407715
3278,2020-09-01 01:39:46.890400,4.07788407959134,3.889467477798462,4.3997483253479
3279,2020-09-01 01:39:47.711937,4.07788407959134,3.889467477798462,4.3997483253479
3280,2020-09-01 01:39:48.623924,4.07788407959134,3.889467477798462,4.3997483253479
3281,2020-09-01 01:39:49.553716,4.06898898673722,3.9404962062835693,4.463600158691406
3282,2020-09-01 01:39:50.475733,4.06898898673722,3.9404962062835693,4.463600158691406
3283,2020-09-01 01:39:51.381940,4.06898898673722,3.9404962062835693,4.463600158691406
3284,2020-09-01 01:39:52.222305,4.06020450132098,3.991483449935913,4.527378082275391
3285,2020-09-01 01:39:53.085898,4.06020450132098,3.991483449935913,4.527378082275391
3286,2020-09-01 01:39:53.959152,4.06020450132098,3.991483449935913,4.527378082275391
3287,2020-09-01 01:39:54.818532,4.06020450132098,3.991483449935913,4.527378082275391
3288,2020-09-01 01:39:55.643917,4.05152978725297,4.042429447174072,4.591081619262695
3289,2020-09-01 01:39:56.489045,4.05152978725297,4.042429447174072,4.591081619262695
3290,2020-09-01 01:39:57.344880,4.05152978725297,4.042429447174072,4.591081619262695
3291,2020-09-01 01:39:58.242008,4.04296401362751,4.093333721160889,4.654711723327637
3292,2020-09-01 01:39:59.162637,4.04296401362751,4.093333721160889,4.654711723327637
3293,2020-09-01 01:40:00.094094,4.04296401362751,4.093333721160889,4.654711723327637
3294,2020-09-01 01:40:01.060420,4.04296401362751,4.093333721160889,4.584564208984375
3295,2020-09-01 01:40:01.922020,4.07037949936037,4.144342422485352,4.584564208984375
3296,2020-09-01 01:40:02.793840,4.07037949936037,4.144342422485352,4.584564208984375
3297,2020-09-01 01:40:03.731940,4.07037949936037,4.144342422485352,4.514416694641113
3298,2020-09-01 01:40:04.617932,4.09768159742124,4.195330619812012,4.514416694641113
3299,2020-09-01 01:40:05.540549,4.09768159742124,4.195330619812012,4.514416694641113
3300,2020-09-01 01:40:06.373795,4.12487103941592,4.246297836303711,4.444269180297852
3301,2020-09-01 01:40:07.341154,4.12487103941592,4.246297836303711,4.444269180297852
3302,2020-09-01 01:40:08.228165,4.12487103941592,4.246297836303711,4.374122142791748
3303,2020-09-01 01:40:09.103502,4.15194855367938,4.297244071960449,4.374122142791748
3304,2020-09-01 01:40:09.979773,4.15194855367938,4.297244071960449,4.374122142791748
3305,2020-09-01 01:40:10.820232,4.15194855367938,4.297244071960449,4.374122142791748
3306,2020-09-01 01:40:11.669543,4.17891486528181,4.348168849945068,4.303974628448486
3307,2020-09-01 01:40:12.515169,4.17891486528181,4.348168849945068,4.303974628448486
3308,2020-09-01 01:40:13.442029,4.17891486528181,4.348168849945068,4.303974628448486
3309,2020-09-01 01:40:14.370247,4.20577069603415,4.399073123931885,4.233827114105225
3310,2020-09-01 01:40:15.239462,4.20577069603415,4.399073123931885,4.233827114105225
3311,2020-09-01 01:40:16.119308,4.20577069603415,4.399073123931885,4.233827114105225
3312,2020-09-01 01:40:17.062660,4.23251676449318,4.449955940246582,4.163679599761963
3313,2020-09-01 01:40:18.043609,4.23251676449318,4.449955940246582,4.163679599761963
3314,2020-09-01 01:40:18.968836,4.23251676449318,4.449955940246582,4.163679599761963
3315,2020-09-01 01:40:19.811361,4.2591537859663,4.500817775726318,4.093532562255859
3316,2020-09-01 01:40:20.740200,4.2591537859663,4.500817775726318,4.093532562255859
3317,2020-09-01 01:40:21.674042,4.2591537859663,4.500817775726318,4.093532562255859
3318,2020-09-01 01:40:22.620899,4.28568247251607,4.551658630371094,4.023385047912598
3319,2020-09-01 01:40:23.462398,4.28568247251607,4.551658630371094,4.023385047912598
3320,2020-09-01 01:40:24.308284,4.28568247251607,4.551658630371094,4.023385047912598
3321,2020-09-01 01:40:25.361188,4.31210353296446,4.60247802734375,3.953237533569336
3322,2020-09-01 01:40:26.334026,4.31210353296446,4.60247802734375,3.953237533569336
3323,2020-09-01 01:40:27.172585,4.31210353296446,4.60247802734375,3.953237533569336
3324,2020-09-01 01:40:28.124167,4.33841767289697,4.653276443481445,3.8830902576446533
3325,2020-09-01 01:40:29.112840,4.33841767289697,4.653276443481445,3.8830902576446533
3326,2020-09-01 01:40:30.012033,4.33841767289697,4.653276443481445,3.8830902576446533
3327,2020-09-01 01:40:30.961334,4.36346338134325,4.704013824462891,3.8129427433013916
3328,2020-09-01 01:40:31.820260,4.36346338134325,4.704013824462891,3.8129427433013916
3329,2020-09-01 01:40:32.637179,4.36346338134325,4.704013824462891,3.8129427433013916
3330,2020-09-01 01:40:33.585618,4.38816051026855,4.704013824462891,3.7416326999664307
3331,2020-09-01 01:40:34.509973,4.38816051026855,4.754769802093506,3.7416326999664307
3332,2020-09-01 01:40:35.373716,4.38816051026855,4.754769802093506,3.7416326999664307
3333,2020-09-01 01:40:36.238383,4.38816051026855,4.754769802093506,3.6703224182128906
3334,2020-09-01 01:40:37.098209,4.41268914793659,4.805501937866211,3.6703224182128906
3335,2020-09-01 01:40:37.945459,4.41268914793659,4.805501937866211,3.6703224182128906
3336,2020-09-01 01:40:38.751643,4.41268914793659,4.805501937866211,3.6703224182128906
3337,2020-09-01 01:40:39.627033,4.43705014261621,4.8562092781066895,3.5990123748779297
3338,2020-09-01 01:40:40.494051,4.43705014261621,4.8562092781066895,3.5990123748779297
3339,2020-09-01 01:40:41.321806,4.43705014261621,4.8562092781066895,3.5990123748779297
3340,2020-09-01 01:40:42.268506,4.43705014261621,4.8562092781066895,3.5277020931243896
3341,2020-09-01 01:40:43.193851,4.46124434344567,4.9068922996521,3.5277020931243896
3342,2020-09-01 01:40:44.118192,4.46124434344567,4.9068922996521,3.5277020931243896
3343,2020-09-01 01:40:44.931469,4.46124434344567,4.9068922996521,3.5277020931243896
3344,2020-09-01 01:40:45.762304,4.48527260041377,4.9575514793396,3.4563920497894287
3345,2020-09-01 01:40:46.776621,4.48527260041377,4.9575514793396,3.4563920497894287
3346,2020-09-01 01:40:47.701076,4.48527260041377,4.9575514793396,3.4563920497894287
3347,2020-09-01 01:40:48.545362,4.48527260041377,4.9575514793396,3.4563920497894287
3348,2020-09-01 01:40:49.481056,4.50913576434037,5.008185386657715,3.3850817680358887
3349,2020-09-01 01:40:50.269713,4.50913576434037,5.008185386657715,3.3850817680358887
3350,2020-09-01 01:40:51.199867,4.5328346868564,5.05879545211792,3.3137717247009277
3351,2020-09-01 01:40:52.072533,4.5328346868564,5.05879545211792,3.3137717247009277
3352,2020-09-01 01:40:52.982959,4.5328346868564,5.05879545211792,3.3137717247009277
3353,2020-09-01 01:40:53.856286,4.55637022038314,5.109380722045898,3.2424614429473877
3354,2020-09-01 01:40:54.791588,4.55637022038314,5.109380722045898,3.2424614429473877
3355,2020-09-01 01:40:55.629571,4.55637022038314,5.109380722045898,3.2424614429473877
3356,2020-09-01 01:40:56.618384,4.57974321811095,5.15994119644165,3.1711513996124268
3357,2020-09-01 01:40:57.477512,4.57974321811095,5.15994119644165,3.1711513996124268
3358,2020-09-01 01:40:58.346171,4.57974321811095,5.15994119644165,3.1711513996124268
3359,2020-09-01 01:40:59.240819,4.57974321811095,5.15994119644165,3.1711513996124268
3360,2020-09-01 01:41:00.102565,4.60295453397741,5.210476875305176,3.0998411178588867
3361,2020-09-01 01:41:00.922554,4.60295453397741,5.210476875305176,3.0998411178588867
3362,2020-09-01 01:41:01.806830,4.60295453397741,5.210476875305176,3.0998411178588867
3363,2020-09-01 01:41:02.764134,4.62600502264486,5.260988235473633,3.028531074523926
3364,2020-09-01 01:41:03.663901,4.62600502264486,5.260988235473633,3.028531074523926
3365,2020-09-01 01:41:04.576320,4.62600502264486,5.260988235473633,3.028531074523926
3366,2020-09-01 01:41:05.553610,4.64889553947727,5.311474323272705,2.9572207927703857
3367,2020-09-01 01:41:06.474767,4.64889553947727,5.311474323272705,2.9572207927703857
3368,2020-09-01 01:41:07.301962,4.64889553947727,5.311474323272705,2.886028289794922
3369,2020-09-01 01:41:08.125671,4.67073422694895,5.360136985778809,2.886028289794922
3370,2020-09-01 01:41:09.010957,4.67073422694895,5.360136985778809,2.886028289794922
3371,2020-09-01 01:41:09.940810,4.67073422694895,5.360136985778809,2.886028289794922
3372,2020-09-01 01:41:10.898498,4.69240998535695,5.408775329589844,2.814836263656616
3373,2020-09-01 01:41:11.772975,4.69240998535695,5.408775329589844,2.814836263656616
3374,2020-09-01 01:41:12.694684,4.69240998535695,5.408775329589844,2.814836263656616
3375,2020-09-01 01:41:13.600046,4.70315551875139,5.389055252075195,2.881754159927368
3376,2020-09-01 01:41:14.492914,4.70315551875139,5.389055252075195,2.881754159927368
3377,2020-09-01 01:41:15.369328,4.70315551875139,5.389055252075195,2.881754159927368
3378,2020-09-01 01:41:16.330493,4.71379745165338,5.369335651397705,2.9486122131347656
3379,2020-09-01 01:41:17.169848,4.71379745165338,5.369335651397705,2.9486122131347656
3380,2020-09-01 01:41:18.139067,4.71379745165338,5.369335651397705,2.9486122131347656
3381,2020-09-01 01:41:19.018293,4.72433655750254,5.369335651397705,3.0154101848602295
3382,2020-09-01 01:41:19.986582,4.72433655750254,5.349616050720215,3.0154101848602295
3383,2020-09-01 01:41:20.717697,4.72433655750254,5.349616050720215,3.0154101848602295
3384,2020-09-01 01:41:21.665934,4.72433655750254,5.349616050720215,3.082148551940918
3385,2020-09-01 01:41:22.619731,4.73477360823739,5.329896450042725,3.082148551940918
3386,2020-09-01 01:41:23.529873,4.73477360823739,5.329896450042725,3.082148551940918
3387,2020-09-01 01:41:24.497613,4.74510937426386,5.310176372528076,3.1488265991210938
3388,2020-09-01 01:41:25.345228,4.74510937426386,5.310176372528076,3.1488265991210938
3389,2020-09-01 01:41:26.189981,4.74510937426386,5.310176372528076,3.1488265991210938
3390,2020-09-01 01:41:27.063451,4.7553446244238,5.290456771850586,3.215444803237915
3391,2020-09-01 01:41:27.983571,4.7553446244238,5.290456771850586,3.215444803237915
3392,2020-09-01 01:41:28.883301,4.7553446244238,5.290456771850586,3.215444803237915
3393,2020-09-01 01:41:29.745941,4.76548012596326,5.270737171173096,3.2820029258728027
3394,2020-09-01 01:41:30.632431,4.76548012596326,5.270737171173096,3.2820029258728027
3395,2020-09-01 01:41:31.606540,4.76548012596326,5.270737171173096,3.2820029258728027
3396,2020-09-01 01:41:32.481736,4.76829035115379,5.270737171173096,3.3006224632263184
3397,2020-09-01 01:41:33.381200,4.76829035115379,5.2652153968811035,3.3006224632263184
3398,2020-09-01 01:41:34.211212,4.76829035115379,5.2652153968811035,3.3006224632263184
3399,2020-09-01 01:41:35.098590,4.77557717981797,5.2652153968811035,3.3484907150268555
3400,2020-09-01 01:41:35.969316,4.77557717981797,5.2510175704956055,3.3484907150268555
3401,2020-09-01 01:41:36.819712,4.77557717981797,5.2510175704956055,3.3484907150268555
3402,2020-09-01 01:41:37.706230,4.77557717981797,5.2510175704956055,3.414931058883667
3403,2020-09-01 01:41:38.591254,4.78562922251011,5.231297492980957,3.414931058883667
3404,2020-09-01 01:41:39.445088,4.78562922251011,5.231297492980957,3.414931058883667
3405,2020-09-01 01:41:40.258181,4.78562922251011,5.231297492980957,3.414931058883667
3406,2020-09-01 01:41:41.121544,4.79558655997454,5.211577892303467,3.481311559677124
3407,2020-09-01 01:41:41.967968,4.79558655997454,5.211577892303467,3.481311559677124
3408,2020-09-01 01:41:42.879027,4.79558655997454,5.211577892303467,3.481311559677124
3409,2020-09-01 01:41:43.814937,4.80270896592666,5.186611175537109,3.5209593772888184
3410,2020-09-01 01:41:44.765268,4.80270896592666,5.186611175537109,3.5209593772888184
3411,2020-09-01 01:41:45.654598,4.80270896592666,5.186611175537109,3.5209593772888184
3412,2020-09-01 01:41:46.658711,4.80972025962669,5.16164493560791,3.5605719089508057
3413,2020-09-01 01:41:47.530281,4.80972025962669,5.16164493560791,3.5605719089508057
3414,2020-09-01 01:41:48.544015,4.80972025962669,5.16164493560791,3.5605719089508057
3415,2020-09-01 01:41:49.409664,4.81662129770409,5.136678218841553,3.600148916244507
3416,2020-09-01 01:41:50.308165,4.81662129770409,5.136678218841553,3.600148916244507
3417,2020-09-01 01:41:51.137049,4.81662129770409,5.136678218841553,3.600148916244507
3418,2020-09-01 01:41:51.996347,4.82341293525374,5.136678218841553,3.639690399169922
3419,2020-09-01 01:41:52.959463,4.82341293525374,5.111711502075195,3.639690399169922
3420,2020-09-01 01:41:53.738546,4.82341293525374,5.111711502075195,3.639690399169922
3421,2020-09-01 01:41:54.710630,4.82341293525374,5.111711502075195,3.639690399169922
3422,2020-09-01 01:41:55.705774,4.8300960258003,5.086745262145996,3.679196357727051
3423,2020-09-01 01:41:56.618207,4.8300960258003,5.086745262145996,3.679196357727051
3424,2020-09-01 01:41:57.492773,4.83667142126188,5.061778545379639,3.7186665534973145
3425,2020-09-01 01:41:58.335455,4.83667142126188,5.061778545379639,3.7186665534973145
3426,2020-09-01 01:41:59.239693,4.83667142126188,5.061778545379639,3.7186665534973145
3427,2020-09-01 01:42:00.133318,4.84313997191337,5.061778545379639,3.758101224899292
3428,2020-09-01 01:42:01.043034,4.84313997191337,5.036811828613281,3.758101224899292
3429,2020-09-01 01:42:01.929996,4.84313997191337,5.036811828613281,3.758101224899292
3430,2020-09-01 01:42:02.722348,4.84950252634921,5.036811828613281,3.758101224899292
3431,2020-09-01 01:42:03.593025,4.84950252634921,5.011845588684082,3.7975001335144043
3432,2020-09-01 01:42:04.573573,4.84950252634921,5.011845588684082,3.7975001335144043
3433,2020-09-01 01:42:05.405580,4.84950252634921,5.011845588684082,3.8368630409240723
3434,2020-09-01 01:42:06.332308,4.85575993144573,4.986878871917725,3.8368630409240723
3435,2020-09-01 01:42:07.201147,4.85575993144573,4.986878871917725,3.8368630409240723
3436,2020-09-01 01:42:08.026136,4.85575993144573,4.986878871917725,3.876190185546875
3437,2020-09-01 01:42:08.881665,4.86191303232319,4.961912155151367,3.876190185546875
3438,2020-09-01 01:42:09.833709,4.86191303232319,4.961912155151367,3.876190185546875
3439,2020-09-01 01:42:10.755048,4.86980281986121,4.93694543838501,3.9155113697052
3440,2020-09-01 01:42:11.601185,4.86980281986121,4.93694543838501,3.9155113697052
3441,2020-09-01 01:42:12.477746,4.86980281986121,4.93694543838501,3.9155113697052
3442,2020-09-01 01:42:13.379008,4.86980281986121,4.93694543838501,3.954799175262451
3443,2020-09-01 01:42:14.319247,4.87764738406908,4.9119791984558105,3.954799175262451
3444,2020-09-01 01:42:15.214474,4.87764738406908,4.9119791984558105,3.954799175262451
3445,2020-09-01 01:42:16.118918,4.87764738406908,4.9119791984558105,3.954799175262451
3446,2020-09-01 01:42:17.038606,4.88491023831966,4.880519390106201,3.9843735694885254
3447,2020-09-01 01:42:17.963570,4.88491023831966,4.880519390106201,3.9843735694885254
3448,2020-09-01 01:42:18.882326,4.88491023831966,4.880519390106201,3.9843735694885254
3449,2020-09-01 01:42:19.836150,4.89211889295423,4.849059581756592,4.013923645019531
3450,2020-09-01 01:42:20.727829,4.89211889295423,4.849059581756592,4.013923645019531
3451,2020-09-01 01:42:21.637939,4.89211889295423,4.849059581756592,4.013923645019531
3452,2020-09-01 01:42:22.610019,4.89927389759127,4.817600250244141,4.043449878692627
3453,2020-09-01 01:42:23.510128,4.89927389759127,4.817600250244141,4.043449878692627
3454,2020-09-01 01:42:24.313238,4.89927389759127,4.817600250244141,4.043449878692627
3455,2020-09-01 01:42:25.247592,4.90637579777666,4.786140441894531,4.072951793670654
3456,2020-09-01 01:42:26.183187,4.90637579777666,4.786140441894531,4.072951793670654
3457,2020-09-01 01:42:27.061879,4.90637579777666,4.786140441894531,4.072951793670654
3458,2020-09-01 01:42:27.920617,4.90637579777666,4.786140441894531,4.072951793670654
3459,2020-09-01 01:42:28.911590,4.91342513465131,4.754680633544922,4.102429389953613
3460,2020-09-01 01:42:29.801652,4.91342513465131,4.754680633544922,4.102429389953613
3461,2020-09-01 01:42:30.684086,4.91342513465131,4.754680633544922,4.131883144378662
3462,2020-09-01 01:42:31.597273,4.92042244505016,4.7232208251953125,4.131883144378662
3463,2020-09-01 01:42:32.451381,4.92042244505016,4.7232208251953125,4.131883144378662
3464,2020-09-01 01:42:33.313944,4.92042244505016,4.7232208251953125,4.131883144378662
3465,2020-09-01 01:42:34.188917,4.92736826154079,4.691761016845703,4.161312580108643
3466,2020-09-01 01:42:35.110124,4.92736826154079,4.691761016845703,4.161312580108643
3467,2020-09-01 01:42:36.024007,4.92736826154079,4.691761016845703,4.161312580108643
3468,2020-09-01 01:42:36.906610,4.93426311243493,4.660301685333252,4.1907172203063965
3469,2020-09-01 01:42:37.803164,4.93426311243493,4.660301685333252,4.1907172203063965
3470,2020-09-01 01:42:38.690232,4.93426311243493,4.660301685333252,4.1907172203063965
3471,2020-09-01 01:42:39.590807,4.93426311243493,4.660301685333252,4.1907172203063965
3472,2020-09-01 01:42:40.439252,4.94110752177951,4.628841876983643,4.22009801864624
3473,2020-09-01 01:42:41.410676,4.94110752177951,4.628841876983643,4.22009801864624
3474,2020-09-01 01:42:42.344792,4.94110752177951,4.628841876983643,4.22009801864624
3475,2020-09-01 01:42:43.212704,4.94790200932262,4.597382068634033,4.249454498291016
3476,2020-09-01 01:42:44.080787,4.94790200932262,4.597382068634033,4.249454498291016
3477,2020-09-01 01:42:45.069716,4.94790200932262,4.597382068634033,4.249454498291016
3478,2020-09-01 01:42:46.077512,4.95464709043607,4.565922260284424,4.2787861824035645
3479,2020-09-01 01:42:47.118868,4.95464709043607,4.565922260284424,4.2787861824035645
3480,2020-09-01 01:42:48.030824,4.95464709043607,4.565922260284424,4.2787861824035645
3481,2020-09-01 01:42:48.923887,4.96134327592951,4.534462928771973,4.308094024658203
3482,2020-09-01 01:42:49.738496,4.96134327592951,4.534462928771973,4.308094024658203
3483,2020-09-01 01:42:50.545036,4.96134327592951,4.534462928771973,4.308094024658203
3484,2020-09-01 01:42:51.519983,4.96134327592951,4.534462928771973,4.314272880554199
3485,2020-09-01 01:42:52.531861,4.96582203228999,4.499576091766357,4.314272880554199
3486,2020-09-01 01:42:53.456115,4.96582203228999,4.499576091766357,4.314272880554199
3487,2020-09-01 01:42:54.316819,4.96582203228999,4.499576091766357,4.314272880554199
3488,2020-09-01 01:42:55.222518,4.96520244197079,4.4646897315979,4.3204216957092285
3489,2020-09-01 01:42:56.106784,4.96520244197079,4.4646897315979,4.3204216957092285
3490,2020-09-01 01:42:57.011762,4.96520244197079,4.4646897315979,4.3204216957092285
3491,2020-09-01 01:42:57.881609,4.96520244197079,4.4646897315979,4.326562881469727
3492,2020-09-01 01:42:58.819833,4.96445854074895,4.429802894592285,4.326562881469727
3493,2020-09-01 01:42:59.761621,4.96445854074895,4.429802894592285,4.326562881469727
3494,2020-09-01 01:43:00.637144,4.96445854074895,4.429802894592285,4.326562881469727
3495,2020-09-01 01:43:01.560014,4.96359189617542,4.394916534423828,4.332696437835693
3496,2020-09-01 01:43:02.417647,4.96359189617542,4.394916534423828,4.332696437835693
3497,2020-09-01 01:43:03.375791,4.96359189617542,4.394916534423828,4.332696437835693
3498,2020-09-01 01:43:04.161539,4.96359189617542,4.394916534423828,4.332696437835693
3499,2020-09-01 01:43:05.053623,4.96260404776788,4.360029697418213,4.338822364807129
3500,2020-09-01 01:43:05.927443,4.96260404776788,4.360029697418213,4.338822364807129
3501,2020-09-01 01:43:06.871686,4.96260404776788,4.360029697418213,4.338822364807129
3502,2020-09-01 01:43:07.747395,4.95559118714145,4.325143337249756,4.344879150390625
3503,2020-09-01 01:43:08.625699,4.95559118714145,4.325143337249756,4.344879150390625
3504,2020-09-01 01:43:09.705282,4.95559118714145,4.325143337249756,4.344879150390625
3505,2020-09-01 01:43:10.586193,4.95559118714145,4.325143337249756,4.350920677185059
3506,2020-09-01 01:43:11.524099,4.94846645130694,4.290256500244141,4.350920677185059
3507,2020-09-01 01:43:12.428696,4.94846645130694,4.290256500244141,4.350920677185059
3508,2020-09-01 01:43:13.347983,4.94846645130694,4.290256500244141,4.356945991516113
3509,2020-09-01 01:43:14.205186,4.94123105422304,4.255370140075684,4.356945991516113
3510,2020-09-01 01:43:15.149987,4.94123105422304,4.255370140075684,4.356945991516113
3511,2020-09-01 01:43:16.100351,4.93388619784187,4.220483779907227,4.362955570220947
3512,2020-09-01 01:43:16.994504,4.93388619784187,4.220483779907227,4.362955570220947
3513,2020-09-01 01:43:17.878378,4.93388619784187,4.220483779907227,4.362955570220947
3514,2020-09-01 01:43:18.808044,4.92643307225941,4.185596942901611,4.368948936462402
3515,2020-09-01 01:43:19.697669,4.92643307225941,4.185596942901611,4.368948936462402
3516,2020-09-01 01:43:20.585506,4.92643307225941,4.185596942901611,4.368948936462402
3517,2020-09-01 01:43:21.535579,4.91887285586202,4.150710582733154,4.3749260902404785
3518,2020-09-01 01:43:22.421843,4.91887285586202,4.150710582733154,4.3749260902404785
3519,2020-09-01 01:43:23.288185,4.91887285586202,4.150710582733154,4.3749260902404785
3520,2020-09-01 01:43:24.112526,4.91887285586202,4.150710582733154,4.380887031555176
3521,2020-09-01 01:43:25.010397,4.91120671546933,4.115823745727539,4.380887031555176
3522,2020-09-01 01:43:25.885024,4.91120671546933,4.115823745727539,4.380887031555176
3523,2020-09-01 01:43:26.779042,4.91120671546933,4.115823745727539,4.380887031555176
3524,2020-09-01 01:43:27.738355,4.90367574067565,4.115823745727539,4.384781837463379
3525,2020-09-01 01:43:28.626058,4.90367574067565,4.079369068145752,4.384781837463379
3526,2020-09-01 01:43:29.510758,4.90367574067565,4.079369068145752,4.384781837463379
3527,2020-09-01 01:43:30.387750,4.89603950921348,4.042914390563965,4.388662338256836
3528,2020-09-01 01:43:31.250137,4.89603950921348,4.042914390563965,4.388662338256836
3529,2020-09-01 01:43:32.110401,4.89603950921348,4.042914390563965,4.388662338256836
3530,2020-09-01 01:43:33.063680,4.89603950921348,4.042914390563965,4.392529010772705
3531,2020-09-01 01:43:34.008317,4.88829917132227,4.006459712982178,4.392529010772705
3532,2020-09-01 01:43:34.838857,4.88829917132227,4.006459712982178,4.392529010772705
3533,2020-09-01 01:43:35.652894,4.88829917132227,4.006459712982178,4.396381855010986
3534,2020-09-01 01:43:36.535815,4.88045586590442,3.9700052738189697,4.396381855010986
3535,2020-09-01 01:43:37.387374,4.88045586590442,3.9700052738189697,4.396381855010986
3536,2020-09-01 01:43:38.263763,4.88045586590442,3.9700052738189697,4.396381855010986
3537,2020-09-01 01:43:39.098580,4.87251072065877,3.9700052738189697,4.400219917297363
3538,2020-09-01 01:43:40.100499,4.87251072065877,3.9335505962371826,4.400219917297363
3539,2020-09-01 01:43:41.009578,4.87251072065877,3.9335505962371826,4.400219917297363
3540,2020-09-01 01:43:41.916588,4.87251072065877,3.9335505962371826,4.404043674468994
3541,2020-09-01 01:43:42.852823,4.86446485221109,3.8970959186553955,4.404043674468994
3542,2020-09-01 01:43:43.758479,4.86446485221109,3.8970959186553955,4.404043674468994
3543,2020-09-01 01:43:44.591289,4.86446485221109,3.8970959186553955,4.408065319061279
3544,2020-09-01 01:43:45.542167,4.87476871786563,3.8606412410736084,4.408065319061279
3545,2020-09-01 01:43:46.401873,4.87476871786563,3.8606412410736084,4.408065319061279
3546,2020-09-01 01:43:47.241835,4.87476871786563,3.8606412410736084,4.408065319061279
3547,2020-09-01 01:43:48.084817,4.88498893813424,3.8241865634918213,4.4120917320251465
3548,2020-09-01 01:43:49.002776,4.88498893813424,3.8241865634918213,4.4120917320251465
3549,2020-09-01 01:43:50.022433,4.88498893813424,3.8241865634918213,4.4120917320251465
3550,2020-09-01 01:43:50.912016,4.8951261212291,3.787731885910034,4.416122913360596
3551,2020-09-01 01:43:51.769924,4.8951261212291,3.787731885910034,4.416122913360596
3552,2020-09-01 01:43:52.692139,4.8951261212291,3.787731885910034,4.416122913360596
3553,2020-09-01 01:43:53.531083,4.9051808729572,3.751277208328247,4.420158386230469
3554,2020-09-01 01:43:54.379469,4.9051808729572,3.751277208328247,4.420158386230469
3555,2020-09-01 01:43:55.213589,4.9051808729572,3.751277208328247,4.420158386230469
3556,2020-09-01 01:43:56.078048,4.9051808729572,3.751277208328247,4.424198627471924
3557,2020-09-01 01:43:56.924980,4.91515379665769,3.71482253074646,4.424198627471924
3558,2020-09-01 01:43:57.807634,4.91515379665769,3.71482253074646,4.424198627471924
3559,2020-09-01 01:43:58.689149,4.91515379665769,3.71482253074646,4.424198627471924
3560,2020-09-01 01:43:59.569638,4.92504549310026,3.71482253074646,4.428243637084961
3561,2020-09-01 01:44:00.495955,4.92504549310026,3.678367853164673,4.428243637084961
3562,2020-09-01 01:44:01.420812,4.92504549310026,3.678367853164673,4.428243637084961
3563,2020-09-01 01:44:02.318301,4.93451978727811,3.678367853164673,4.447299957275391
3564,2020-09-01 01:44:03.137403,4.93451978727811,3.6472299098968506,4.447299957275391
3565,2020-09-01 01:44:04.099714,4.93451978727811,3.6472299098968506,4.447299957275391
3566,2020-09-01 01:44:05.051704,4.94391420780011,3.6472299098968506,4.466344833374023
3567,2020-09-01 01:44:05.912196,4.94391420780011,3.6160919666290283,4.466344833374023
3568,2020-09-01 01:44:06.750581,4.94391420780011,3.6160919666290283,4.466344833374023
3569,2020-09-01 01:44:07.631152,4.94391420780011,3.6160919666290283,4.466344833374023
3570,2020-09-01 01:44:08.500496,4.95322935819141,3.584954023361206,4.485378265380859
3571,2020-09-01 01:44:09.472669,4.95322935819141,3.584954023361206,4.485378265380859
3572,2020-09-01 01:44:10.295478,4.95322935819141,3.584954023361206,4.485378265380859
3573,2020-09-01 01:44:11.175928,4.96246583983427,3.553816080093384,4.504399299621582
3574,2020-09-01 01:44:12.110464,4.96246583983427,3.553816080093384,4.504399299621582
3575,2020-09-01 01:44:12.996800,4.96246583983427,3.553816080093384,4.504399299621582
3576,2020-09-01 01:44:13.906948,4.9716242519483,3.553816080093384,4.52340841293335
3577,2020-09-01 01:44:14.903425,4.9716242519483,3.5226781368255615,4.52340841293335
3578,2020-09-01 01:44:15.853900,4.9716242519483,3.5226781368255615,4.52340841293335
3579,2020-09-01 01:44:16.804021,4.98070519157052,3.4915401935577393,4.542405605316162
3580,2020-09-01 01:44:17.650498,4.98070519157052,3.4915401935577393,4.542405605316162
3581,2020-09-01 01:44:18.592219,4.98070519157052,3.4915401935577393,4.542405605316162
3582,2020-09-01 01:44:19.524035,4.98070519157052,3.4915401935577393,4.542405605316162
3583,2020-09-01 01:44:20.466261,5.02221393895748,3.460402250289917,4.420254707336426
3584,2020-09-01 01:44:21.352091,5.02221393895748,3.460402250289917,4.420254707336426
3585,2020-09-01 01:44:22.374869,5.02221393895748,3.460402250289917,4.420254707336426
3586,2020-09-01 01:44:23.255190,5.06351114743896,3.4292643070220947,4.298105239868164
3587,2020-09-01 01:44:24.089327,5.06351114743896,3.4292643070220947,4.298105239868164
3588,2020-09-01 01:44:24.856057,5.06351114743896,3.4292643070220947,4.298105239868164
3589,2020-09-01 01:44:25.900143,5.10459788606313,3.3981263637542725,4.175958156585693
3590,2020-09-01 01:44:26.822797,5.10459788606313,3.3981263637542725,4.175958156585693
3591,2020-09-01 01:44:27.694021,5.10459788606313,3.3981263637542725,4.175958156585693
3592,2020-09-01 01:44:28.533873,5.14547521945119,3.36698842048645,4.0538129806518555
3593,2020-09-01 01:44:29.380449,5.14547521945119,3.36698842048645,4.0538129806518555
3594,2020-09-01 01:44:30.207869,5.14547521945119,3.36698842048645,4.0538129806518555
3595,2020-09-01 01:44:31.303352,5.1861442079977,3.335850238800049,3.931669235229492
3596,2020-09-01 01:44:32.158191,5.1861442079977,3.335850238800049,3.931669235229492
3597,2020-09-01 01:44:33.049573,5.1861442079977,3.335850238800049,3.931669235229492
3598,2020-09-01 01:44:33.955476,5.1861442079977,3.335850238800049,3.80952787399292
3599,2020-09-01 01:44:34.741415,5.22660590804388,3.3047122955322266,3.80952787399292
3600,2020-09-01 01:44:35.628524,5.22660590804388,3.3047122955322266,3.80952787399292
3601,2020-09-01 01:44:36.510769,5.22660590804388,3.3047122955322266,3.80952787399292
3602,2020-09-01 01:44:37.448145,5.26939613799173,3.273576259613037,3.694239616394043
3603,2020-09-01 01:44:38.291550,5.26939613799173,3.273576259613037,3.694239616394043
3604,2020-09-01 01:44:39.185924,5.26939613799173,3.273576259613037,3.694239616394043
3605,2020-09-01 01:44:40.019429,5.31200895483188,3.2424399852752686,3.5789530277252197
3606,2020-09-01 01:44:40.918387,5.31200895483188,3.2424399852752686,3.5789530277252197
3607,2020-09-01 01:44:41.778871,5.31200895483188,3.2424399852752686,3.5789530277252197
3608,2020-09-01 01:44:42.670929,5.35444515681706,3.2113037109375,3.46366810798645
3609,2020-09-01 01:44:43.550157,5.35444515681706,3.2113037109375,3.46366810798645
3610,2020-09-01 01:44:44.408853,5.35444515681706,3.2113037109375,3.46366810798645
3611,2020-09-01 01:44:45.256675,5.35444515681706,3.2113037109375,3.3483850955963135
3612,2020-09-01 01:44:46.174463,5.39670554066996,3.1801676750183105,3.3483850955963135
3613,2020-09-01 01:44:47.026068,5.39670554066996,3.1801676750183105,3.3483850955963135
3614,2020-09-01 01:44:47.866101,5.39670554066996,3.1801676750183105,3.3483850955963135
3615,2020-09-01 01:44:48.821863,5.43879090159177,3.149031400680542,3.2331037521362305
3616,2020-09-01 01:44:49.756307,5.43879090159177,3.149031400680542,3.2331037521362305
3617,2020-09-01 01:44:50.661259,5.43879090159177,3.149031400680542,3.2331037521362305
3618,2020-09-01 01:44:51.515605,5.4807020332707,3.1178951263427734,3.117824077606201
3619,2020-09-01 01:44:52.336668,5.4807020332707,3.1178951263427734,3.117824077606201
3620,2020-09-01 01:44:53.143206,5.4807020332707,3.1178951263427734,3.117824077606201
3621,2020-09-01 01:44:53.946278,5.4807020332707,3.1178951263427734,3.0025460720062256
3622,2020-09-01 01:44:54.796599,5.52243972789026,3.086759090423584,3.0025460720062256
3623,2020-09-01 01:44:55.794759,5.52243972789026,3.086759090423584,3.0025460720062256
3624,2020-09-01 01:44:56.641594,5.52243972789026,3.086759090423584,3.0025460720062256
3625,2020-09-01 01:44:57.580182,5.56400477613757,3.0556228160858154,2.887269973754883
3626,2020-09-01 01:44:58.536642,5.56400477613757,3.0556228160858154,2.887269973754883
3627,2020-09-01 01:44:59.407724,5.56400477613757,3.0556228160858154,2.887269973754883
3628,2020-09-01 01:45:00.306404,5.60539796721152,3.024486541748047,2.7719955444335938
3629,2020-09-01 01:45:01.135150,5.60539796721152,3.024486541748047,2.7719955444335938
3630,2020-09-01 01:45:02.042917,5.60539796721152,3.024486541748047,2.7719955444335938
3631,2020-09-01 01:45:02.941619,5.60539796721152,2.9933505058288574,2.6567227840423584
3632,2020-09-01 01:45:03.833140,5.60539796721152,2.9933505058288574,2.6567227840423584
3633,2020-09-01 01:45:04.759099,5.60539796721152,2.9933505058288574,2.6567227840423584
3634,2020-09-01 01:45:05.683846,5.56105522903803,2.962214231491089,2.682711601257324
3635,2020-09-01 01:45:06.590230,5.56105522903803,2.962214231491089,2.682711601257324
3636,2020-09-01 01:45:07.522081,5.56105522903803,2.962214231491089,2.682711601257324
3637,2020-09-01 01:45:08.428870,5.51673492188273,2.962214231491089,2.7086286544799805
3638,2020-09-01 01:45:09.316105,5.51673492188273,2.9310779571533203,2.7086286544799805
3639,2020-09-01 01:45:10.267827,5.51673492188273,2.9310779571533203,2.7086286544799805
3640,2020-09-01 01:45:11.212043,5.443178582277,2.9706292152404785,2.745621681213379
3641,2020-09-01 01:45:12.128724,5.443178582277,2.9706292152404785,2.745621681213379
3642,2020-09-01 01:45:13.017027,5.443178582277,2.9706292152404785,2.745621681213379
3643,2020-09-01 01:45:13.916102,5.36969076998098,2.9706292152404785,2.7825047969818115
3644,2020-09-01 01:45:14.835358,5.36969076998098,3.0101020336151123,2.7825047969818115
3645,2020-09-01 01:45:15.738079,5.36969076998098,3.0101020336151123,2.7825047969818115
3646,2020-09-01 01:45:16.590107,5.29627147084879,3.04949688911438,2.8192782402038574
3647,2020-09-01 01:45:17.462822,5.29627147084879,3.04949688911438,2.8192782402038574
3648,2020-09-01 01:45:18.401931,5.29627147084879,3.04949688911438,2.8192782402038574
3649,2020-09-01 01:45:19.354596,5.2363683173925,3.0816056728363037,2.8492205142974854
3650,2020-09-01 01:45:20.240438,5.2363683173925,3.0816056728363037,2.8492205142974854
3651,2020-09-01 01:45:21.163201,5.2363683173925,3.0816056728363037,2.8492205142974854
3652,2020-09-01 01:45:22.098550,5.22293092321102,3.0888020992279053,2.8559257984161377
3653,2020-09-01 01:45:23.048837,5.22293092321102,3.0888020992279053,2.8559257984161377
3654,2020-09-01 01:45:23.918414,5.14964859283891,3.1280407905578613,2.8924801349639893
3655,2020-09-01 01:45:24.761676,5.14964859283891,3.1280407905578613,2.8924801349639893
3656,2020-09-01 01:45:25.602206,5.14964859283891,3.1280407905578613,2.8924801349639893
3657,2020-09-01 01:45:26.486970,5.14964859283891,3.1280407905578613,2.928925037384033
3658,2020-09-01 01:45:27.329967,5.07643473297824,3.167201280593872,2.928925037384033
3659,2020-09-01 01:45:28.262094,5.07643473297824,3.167201280593872,2.928925037384033
3660,2020-09-01 01:45:29.208462,5.07643473297824,3.167201280593872,2.928925037384033
3661,2020-09-01 01:45:30.096403,5.00328932933745,3.2062835693359375,2.9652605056762695
3662,2020-09-01 01:45:30.926092,5.00328932933745,3.2062835693359375,2.9652605056762695
3663,2020-09-01 01:45:31.820352,5.00328932933745,3.2062835693359375,2.9652605056762695
3664,2020-09-01 01:45:32.716412,5.00328932933745,3.2062835693359375,2.9652605056762695
3665,2020-09-01 01:45:33.557664,4.93021236758845,3.2452878952026367,3.001486301422119
3666,2020-09-01 01:45:34.427988,4.93021236758845,3.2452878952026367,3.001486301422119
3667,2020-09-01 01:45:35.296170,4.93021236758845,3.2452878952026367,3.001486301422119
3668,2020-09-01 01:45:36.133653,4.85720383336664,3.2842140197753906,3.0376029014587402
3669,2020-09-01 01:45:36.988492,4.85720383336664,3.2842140197753906,3.0376029014587402
3670,2020-09-01 01:45:37.868931,4.85720383336664,3.2842140197753906,3.0376029014587402
3671,2020-09-01 01:45:38.689730,4.85720383336664,3.2842140197753906,3.073610305786133
3672,2020-09-01 01:45:39.498766,4.78426371227077,3.323061943054199,3.073610305786133
3673,2020-09-01 01:45:40.338019,4.78426371227077,3.323061943054199,3.073610305786133
3674,2020-09-01 01:45:41.123656,4.78426371227077,3.323061943054199,3.073610305786133
3675,2020-09-01 01:45:42.053561,4.711391989863,3.3618319034576416,3.1095082759857178
3676,2020-09-01 01:45:42.947121,4.711391989863,3.3618319034576416,3.1095082759857178
3677,2020-09-01 01:45:43.752169,4.711391989863,3.3618319034576416,3.1095082759857178
3678,2020-09-01 01:45:44.568397,4.63858865166883,3.4005236625671387,3.145297050476074
3679,2020-09-01 01:45:45.537165,4.63858865166883,3.4005236625671387,3.145297050476074
3680,2020-09-01 01:45:46.397148,4.63858865166883,3.4005236625671387,3.1675961017608643
3681,2020-09-01 01:45:47.278400,4.5663042349984,3.443472385406494,3.1675961017608643
3682,2020-09-01 01:45:48.148662,4.5663042349984,3.443472385406494,3.1675961017608643
3683,2020-09-01 01:45:49.045972,4.5663042349984,3.443472385406494,3.1675961017608643
3684,2020-09-01 01:45:49.970291,4.49408497392291,3.486340045928955,3.1898000240325928
3685,2020-09-01 01:45:50.759044,4.49408497392291,3.486340045928955,3.1898000240325928
3686,2020-09-01 01:45:51.653635,4.49408497392291,3.486340045928955,3.211909055709839
3687,2020-09-01 01:45:52.435941,4.42193085279092,3.5291268825531006,3.211909055709839
3688,2020-09-01 01:45:53.358470,4.42193085279092,3.5291268825531006,3.211909055709839
3689,2020-09-01 01:45:54.196142,4.42193085279092,3.5291268825531006,3.211909055709839
3690,2020-09-01 01:45:55.000427,4.3498418559271,3.5718324184417725,3.2339234352111816
3691,2020-09-01 01:45:55.844802,4.3498418559271,3.5718324184417725,3.2339234352111816
3692,2020-09-01 01:45:56.649244,4.3498418559271,3.5718324184417725,3.2339234352111816
3693,2020-09-01 01:45:57.494640,4.27781796763222,3.614457130432129,3.255843162536621
3694,2020-09-01 01:45:58.344533,4.27781796763222,3.614457130432129,3.255843162536621
3695,2020-09-01 01:45:59.266868,4.27781796763222,3.614457130432129,3.255843162536621
3696,2020-09-01 01:46:00.119211,4.20585917218327,3.614457130432129,3.277667999267578
3697,2020-09-01 01:46:00.886800,4.20585917218327,3.657000780105591,3.277667999267578
3698,2020-09-01 01:46:01.874514,4.20585917218327,3.657000780105591,3.277667999267578
3699,2020-09-01 01:46:02.700983,4.20585917218327,3.657000780105591,3.277667999267578
3700,2020-09-01 01:46:03.562435,4.13396545383348,3.699463367462158,3.299398183822632
3701,2020-09-01 01:46:04.426261,4.13396545383348,3.699463367462158,3.299398183822632
3702,2020-09-01 01:46:05.309708,4.13396545383348,3.699463367462158,3.299398183822632
3703,2020-09-01 01:46:06.142956,4.06213679681244,3.741844892501831,3.3210339546203613
3704,2020-09-01 01:46:06.907941,4.06213679681244,3.741844892501831,3.3210339546203613
3705,2020-09-01 01:46:07.734309,4.06213679681244,3.741844892501831,3.3210339546203613
3706,2020-09-01 01:46:08.738743,3.99037318532606,3.741844892501831,3.3425750732421875
3707,2020-09-01 01:46:09.569575,3.99037318532606,3.7841453552246094,3.3425750732421875
3708,2020-09-01 01:46:10.421551,3.99037318532606,3.7841453552246094,3.3425750732421875
3709,2020-09-01 01:46:11.367816,3.91867460355674,3.7841453552246094,3.3640220165252686
3710,2020-09-01 01:46:12.241805,3.91867460355674,3.826364517211914,3.3640220165252686
3711,2020-09-01 01:46:13.202323,3.91867460355674,3.826364517211914,3.3640220165252686
3712,2020-09-01 01:46:14.115353,3.91867460355674,3.826364517211914,3.3853743076324463
3713,2020-09-01 01:46:15.125034,3.84704103566337,3.8685028553009033,3.3853743076324463
3714,2020-09-01 01:46:16.017630,3.84704103566337,3.8685028553009033,3.3853743076324463
3715,2020-09-01 01:46:16.931402,3.84704103566337,3.8685028553009033,3.3853743076324463
3716,2020-09-01 01:46:17.812906,3.77547246578141,3.910559892654419,3.406632661819458
3717,2020-09-01 01:46:18.626983,3.77547246578141,3.910559892654419,3.406632661819458
3718,2020-09-01 01:46:19.578114,3.77547246578141,3.910559892654419,3.406632661819458
3719,2020-09-01 01:46:20.492782,3.70442305232996,3.953505039215088,3.438837766647339
3720,2020-09-01 01:46:21.396486,3.70442305232996,3.953505039215088,3.438837766647339
3721,2020-09-01 01:46:22.258133,3.70442305232996,3.953505039215088,3.438837766647339
3722,2020-09-01 01:46:23.185915,3.70442305232996,3.953505039215088,3.470937728881836
3723,2020-09-01 01:46:24.115566,3.6334419749289,3.9963691234588623,3.470937728881836
3724,2020-09-01 01:46:25.046137,3.6334419749289,3.9963691234588623,3.470937728881836
3725,2020-09-01 01:46:25.946971,3.6334419749289,3.9963691234588623,3.5029330253601074
3726,2020-09-01 01:46:26.822900,3.56252921927354,4.039151668548584,3.5029330253601074
3727,2020-09-01 01:46:27.654027,3.56252921927354,4.039151668548584,3.5029330253601074
3728,2020-09-01 01:46:28.546828,3.56252921927354,4.039151668548584,3.5029330253601074
3729,2020-09-01 01:46:29.440090,3.49168477102793,4.08185338973999,3.5348236560821533
3730,2020-09-01 01:46:30.272950,3.49168477102793,4.08185338973999,3.5348236560821533
3731,2020-09-01 01:46:31.086841,3.49168477102793,4.08185338973999,3.5348236560821533
3732,2020-09-01 01:46:32.060435,3.42090861582486,4.124474048614502,3.5666093826293945
3733,2020-09-01 01:46:32.954662,3.42090861582486,4.124474048614502,3.5666093826293945
3734,2020-09-01 01:46:33.894074,3.42090861582486,4.124474048614502,3.5666093826293945
3735,2020-09-01 01:46:34.850501,3.35020073926587,4.167013645172119,3.59829044342041
3736,2020-09-01 01:46:35.728232,3.35020073926587,4.167013645172119,3.59829044342041
3737,2020-09-01 01:46:36.655528,3.35020073926587,4.167013645172119,3.59829044342041
3738,2020-09-01 01:46:37.486262,3.35020073926587,4.167013645172119,3.59829044342041
3739,2020-09-01 01:46:38.418399,3.34572689715071,4.169702529907227,3.600290298461914
3740,2020-09-01 01:46:39.285408,3.34572689715071,4.169702529907227,3.600290298461914
3741,2020-09-01 01:46:40.166169,3.34572689715071,4.169702529907227,3.600290298461914
3742,2020-09-01 01:46:41.204334,3.27956517320798,4.209466934204102,3.6298608779907227
3743,2020-09-01 01:46:42.164736,3.27956517320798,4.209466934204102,3.6298608779907227
3744,2020-09-01 01:46:43.144354,3.27956517320798,4.209466934204102,3.6298608779907227
3745,2020-09-01 01:46:44.067499,3.27956517320798,4.209466934204102,3.6298608779907227
3746,2020-09-01 01:46:44.938419,3.27956517320798,4.209466934204102,3.6298608779907227
3747,2020-09-01 01:46:45.964732,3.27956517320798,4.209466934204102,3.6298608779907227
3748,2020-09-01 01:46:46.861482,3.27956517320798,4.209466934204102,3.6298608779907227
3749,2020-09-01 01:46:47.690619,3.27956517320798,4.209466934204102,3.6298608779907227
3750,2020-09-01 01:46:48.610212,3.27956517320798,4.209466934204102,3.6298608779907227
3751,2020-09-01 01:46:49.516267,3.20899380454505,4.209466934204102,3.661332607269287
3752,2020-09-01 01:46:50.372612,3.20899380454505,4.2518439292907715,3.661332607269287
3753,2020-09-01 01:46:51.272536,3.20899380454505,4.2518439292907715,3.661332607269287
3754,2020-09-01 01:46:52.262493,3.13849067114498,4.294139862060547,3.692700147628784
3755,2020-09-01 01:46:53.174870,3.13849067114498,4.294139862060547,3.692700147628784
3756,2020-09-01 01:46:54.027237,3.13849067114498,4.294139862060547,3.692700147628784
3757,2020-09-01 01:46:54.850947,3.06805575848445,4.3363542556762695,3.7239630222320557
3758,2020-09-01 01:46:55.770770,3.06805575848445,4.3363542556762695,3.7239630222320557
3759,2020-09-01 01:46:56.670101,3.06805575848445,4.3363542556762695,3.7239630222320557
3760,2020-09-01 01:46:57.557196,3.06805575848445,4.3363542556762695,3.7239630222320557
3761,2020-09-01 01:46:58.448976,2.99768905200894,4.378488063812256,3.7551217079162598
3762,2020-09-01 01:46:59.289088,2.99768905200894,4.378488063812256,3.7551217079162598
3763,2020-09-01 01:47:00.217480,2.99768905200894,4.378488063812256,3.7551217079162598
3764,2020-09-01 01:47:01.129649,2.92739053713278,4.4205403327941895,3.7861759662628174
3765,2020-09-01 01:47:02.016735,2.92739053713278,4.4205403327941895,3.7861759662628174
3766,2020-09-01 01:47:02.943308,2.92739053713278,4.4205403327941895,3.7861759662628174
3767,2020-09-01 01:47:03.879148,2.85748169037669,4.463322639465332,3.82317852973938
3768,2020-09-01 01:47:04.765053,2.85748169037669,4.463322639465332,3.82317852973938
3769,2020-09-01 01:47:05.665775,2.85748169037669,4.463322639465332,3.8600709438323975
3770,2020-09-01 01:47:06.562882,2.78764292068809,4.506023406982422,3.8600709438323975
3771,2020-09-01 01:47:07.498190,2.78764292068809,4.506023406982422,3.8600709438323975
3772,2020-09-01 01:47:08.349637,2.78764292068809,4.506023406982422,3.896853446960449
3773,2020-09-01 01:47:09.235408,2.71787421460193,4.548643112182617,3.896853446960449
3774,2020-09-01 01:47:10.116228,2.71787421460193,4.548643112182617,3.896853446960449
3775,2020-09-01 01:47:11.018175,2.71787421460193,4.548643112182617,3.896853446960449
3776,2020-09-01 01:47:12.005808,2.69742927551347,4.561120986938477,3.9076106548309326
3777,2020-09-01 01:47:12.961875,2.69742927551347,4.561120986938477,3.9076106548309326
3778,2020-09-01 01:47:13.933237,2.69742927551347,4.561120986938477,3.9076106548309326
3779,2020-09-01 01:47:14.871594,2.64819006962503,4.591164588928223,3.9335031509399414
3780,2020-09-01 01:47:15.782470,2.64819006962503,4.591164588928223,3.9335031509399414
3781,2020-09-01 01:47:16.688406,2.64819006962503,4.591164588928223,3.9335031509399414
3782,2020-09-01 01:47:17.742472,2.5785614281602,4.633621692657471,3.9700655937194824
3783,2020-09-01 01:47:18.626137,2.5785614281602,4.633621692657471,3.9700655937194824
3784,2020-09-01 01:47:19.517495,2.5785614281602,4.633621692657471,3.9700655937194824
3785,2020-09-01 01:47:20.428366,2.50900280969982,4.675996780395508,4.006518363952637
3786,2020-09-01 01:47:21.275357,2.50900280969982,4.675996780395508,4.006518363952637
3787,2020-09-01 01:47:22.227915,2.50900280969982,4.675996780395508,4.006518363952637
3788,2020-09-01 01:47:23.172072,2.43951420064026,4.718291282653809,4.042860984802246
3789,2020-09-01 01:47:24.084276,2.43951420064026,4.718291282653809,4.042860984802246
3790,2020-09-01 01:47:25.002457,2.43951420064026,4.718291282653809,4.042860984802246
3791,2020-09-01 01:47:25.861299,2.37009558734322,4.760503768920898,4.079093933105469
3792,2020-09-01 01:47:26.710757,2.37009558734322,4.760503768920898,4.079093933105469
3793,2020-09-01 01:47:27.645618,2.37009558734322,4.760503768920898,4.079093933105469
3794,2020-09-01 01:47:28.605555,2.30074695613567,4.8026347160339355,4.115217208862305
3795,2020-09-01 01:47:29.549308,2.30074695613567,4.8026347160339355,4.115217208862305
3796,2020-09-01 01:47:30.416967,2.30074695613567,4.8026347160339355,4.115217208862305
3797,2020-09-01 01:47:31.337027,2.23146829330993,4.844684600830078,4.151230812072754
3798,2020-09-01 01:47:32.193948,2.23146829330993,4.844684600830078,4.151230812072754
3799,2020-09-01 01:47:33.080850,2.23146829330993,4.844684600830078,4.151230812072754
3800,2020-09-01 01:47:34.019722,2.16225958512358,4.886652946472168,4.187134742736816
3801,2020-09-01 01:47:34.963798,2.16225958512358,4.886652946472168,4.187134742736816
3802,2020-09-01 01:47:35.839566,2.16225958512358,4.886652946472168,4.187134742736816
3803,2020-09-01 01:47:36.806929,2.16225958512358,4.886652946472168,4.222929000854492
3804,2020-09-01 01:47:37.773329,2.09312081779947,4.928539752960205,4.222929000854492
3805,2020-09-01 01:47:38.689286,2.09312081779947,4.928539752960205,4.222929000854492
3806,2020-09-01 01:47:39.539042,2.02354064760979,4.967874526977539,4.257197380065918
3807,2020-09-01 01:47:40.437890,2.02354064760979,4.967874526977539,4.257197380065918
3808,2020-09-01 01:47:41.317667,2.02354064760979,4.967874526977539,4.257197380065918
3809,2020-09-01 01:47:42.208829,1.95402957143071,5.007129192352295,4.291357517242432
3810,2020-09-01 01:47:43.201090,1.95402957143071,5.007129192352295,4.291357517242432
3811,2020-09-01 01:47:44.109880,1.95402957143071,5.007129192352295,4.291357517242432
3812,2020-09-01 01:47:45.010162,1.8845875745849,5.046303749084473,4.325408458709717
3813,2020-09-01 01:47:45.852562,1.8845875745849,5.046303749084473,4.325408458709717
3814,2020-09-01 01:47:46.806109,1.8845875745849,5.046303749084473,4.325408458709717
3815,2020-09-01 01:47:47.666412,1.81521464235905,5.085397720336914,4.359351634979248
3816,2020-09-01 01:47:48.439322,1.81521464235905,5.085397720336914,4.359351634979248
3817,2020-09-01 01:47:49.311060,1.81521464235905,5.085397720336914,4.359351634979248
3818,2020-09-01 01:47:50.147942,1.74591076000381,5.124411582946777,4.393185615539551
3819,2020-09-01 01:47:51.171858,1.74591076000381,5.124411582946777,4.393185615539551
3820,2020-09-01 01:47:52.086097,1.74591076000381,5.124411582946777,4.393185615539551
3821,2020-09-01 01:47:52.909109,1.74591076000381,5.124411582946777,4.4269118309021
3822,2020-09-01 01:47:53.865352,1.67667591273378,5.1633453369140625,4.4269118309021
3823,2020-09-01 01:47:54.730438,1.67667591273378,5.1633453369140625,4.4269118309021
3824,2020-09-01 01:47:55.554488,1.67667591273378,5.1633453369140625,4.4269118309021
3825,2020-09-01 01:47:56.457676,1.60751008572754,5.2021989822387695,4.460529327392578
3826,2020-09-01 01:47:57.367408,1.60751008572754,5.2021989822387695,4.460529327392578
3827,2020-09-01 01:47:58.337868,1.60751008572754,5.2021989822387695,4.460529327392578
3828,2020-09-01 01:47:59.240490,1.53841326412757,5.24097204208374,4.494039058685303
3829,2020-09-01 01:48:00.132143,1.53841326412757,5.24097204208374,4.494039058685303
3830,2020-09-01 01:48:00.996875,1.53841326412757,5.24097204208374,4.494039058685303
3831,2020-09-01 01:48:01.967223,1.53841326412757,5.24097204208374,4.527440071105957
3832,2020-09-01 01:48:02.833649,1.46938543304032,5.279664993286133,4.527440071105957
3833,2020-09-01 01:48:03.695175,1.46938543304032,5.279664993286133,4.527440071105957
3834,2020-09-01 01:48:04.635146,1.46938543304032,5.279664993286133,4.527440071105957
3835,2020-09-01 01:48:05.545771,1.40042657753614,5.279664993286133,4.560732841491699
3836,2020-09-01 01:48:06.474421,1.40042657753614,5.318277835845947,4.560732841491699
3837,2020-09-01 01:48:07.315433,1.40042657753614,5.318277835845947,4.560732841491699
3838,2020-09-01 01:48:08.229741,1.33153668264933,5.356810092926025,4.5939178466796875
3839,2020-09-01 01:48:08.973461,1.33153668264933,5.356810092926025,4.5939178466796875
3840,2020-09-01 01:48:09.847060,1.33153668264933,5.356810092926025,4.5939178466796875
3841,2020-09-01 01:48:10.732264,1.30235935862513,5.398096084594727,4.496712684631348
3842,2020-09-01 01:48:11.729803,1.30235935862513,5.398096084594727,4.496712684631348
3843,2020-09-01 01:48:12.615569,1.30235935862513,5.398096084594727,4.496712684631348
3844,2020-09-01 01:48:13.554471,1.30235935862513,5.369338035583496,4.396502494812012
3845,2020-09-01 01:48:14.401046,1.30235935862513,5.369338035583496,4.396502494812012
3846,2020-09-01 01:48:15.250631,1.30235935862513,5.369338035583496,4.396502494812012
3847,2020-09-01 01:48:16.187680,1.30235935862513,5.340579986572266,4.296292781829834
3848,2020-09-01 01:48:17.122027,1.30235935862513,5.340579986572266,4.296292781829834
3849,2020-09-01 01:48:18.062007,1.30235935862513,5.340579986572266,4.196084499359131
3850,2020-09-01 01:48:18.970583,1.30235935862513,5.311821460723877,4.196084499359131
3851,2020-09-01 01:48:19.954077,1.30235935862513,5.311821460723877,4.196084499359131
3852,2020-09-01 01:48:20.792156,1.30235935862513,5.311821460723877,4.095877647399902
3853,2020-09-01 01:48:21.705726,1.30235935862513,5.2830634117126465,4.095877647399902
3854,2020-09-01 01:48:22.586452,1.30235935862513,5.2830634117126465,4.095877647399902
3855,2020-09-01 01:48:23.449386,1.30235935862513,5.2830634117126465,3.9956719875335693
3856,2020-09-01 01:48:24.405909,1.30235935862513,5.254305362701416,3.9956719875335693
3857,2020-09-01 01:48:25.251307,1.30235935862513,5.254305362701416,3.9956719875335693
3858,2020-09-01 01:48:26.173722,1.30235935862513,5.254305362701416,3.895467519760132
3859,2020-09-01 01:48:27.087412,1.30235935862513,5.2255473136901855,3.895467519760132
3860,2020-09-01 01:48:27.980320,1.30235935862513,5.2255473136901855,3.895467519760132
3861,2020-09-01 01:48:28.822603,1.30235935862513,5.2255473136901855,3.895467519760132
3862,2020-09-01 01:48:29.715438,1.30235935862513,5.196789264678955,3.79526424407959
3863,2020-09-01 01:48:30.565730,1.30235935862513,5.196789264678955,3.79526424407959
3864,2020-09-01 01:48:31.346161,1.30235935862513,5.196789264678955,3.79526424407959
3865,2020-09-01 01:48:32.225676,1.30235935862513,5.196789264678955,3.79526424407959
3866,2020-09-01 01:48:33.190962,1.30235935862513,5.168030738830566,3.6950621604919434
3867,2020-09-01 01:48:34.079051,1.30235935862513,5.168030738830566,3.6950621604919434
3868,2020-09-01 01:48:34.941856,1.30235935862513,5.168030738830566,3.6950621604919434
3869,2020-09-01 01:48:35.840427,1.30235935862513,5.139272689819336,3.5948612689971924
3870,2020-09-01 01:48:36.720141,1.30235935862513,5.139272689819336,3.5948612689971924
3871,2020-09-01 01:48:37.585412,1.30235935862513,5.139272689819336,3.5948612689971924
3872,2020-09-01 01:48:38.422634,1.30235935862513,5.1105146408081055,3.494661808013916
3873,2020-09-01 01:48:39.333784,1.30235935862513,5.1105146408081055,3.494661808013916
3874,2020-09-01 01:48:40.287577,1.30235935862513,5.1105146408081055,3.494661808013916
3875,2020-09-01 01:48:41.110936,1.30235935862513,5.1105146408081055,3.394463539123535
3876,2020-09-01 01:48:41.971303,1.30235935862513,5.081756591796875,3.394463539123535
3877,2020-09-01 01:48:42.933625,1.30235935862513,5.081756591796875,3.394463539123535
3878,2020-09-01 01:48:43.706109,1.30235935862513,5.081756591796875,3.394463539123535
3879,2020-09-01 01:48:44.525755,1.30235935862513,5.0529985427856445,3.29426646232605
3880,2020-09-01 01:48:45.410333,1.30235935862513,5.0529985427856445,3.29426646232605
3881,2020-09-01 01:48:46.313236,1.30235935862513,5.0529985427856445,3.29426646232605
3882,2020-09-01 01:48:47.202590,1.30235935862513,5.0529985427856445,3.182194948196411
3883,2020-09-01 01:48:48.182411,1.30235935862513,5.023820877075195,3.182194948196411
3884,2020-09-01 01:48:49.112019,1.30235935862513,5.023820877075195,3.182194948196411
3885,2020-09-01 01:48:50.124055,1.30235935862513,4.994642734527588,3.0701253414154053
3886,2020-09-01 01:48:50.965752,1.30235935862513,4.994642734527588,3.0701253414154053
3887,2020-09-01 01:48:51.824585,1.30235935862513,4.994642734527588,3.0701253414154053
3888,2020-09-01 01:48:52.807030,1.30235935862513,4.994642734527588,2.958057165145874
3889,2020-09-01 01:48:53.728264,1.30235935862513,4.965465068817139,2.958057165145874
3890,2020-09-01 01:48:54.614618,1.30235935862513,4.965465068817139,2.958057165145874
3891,2020-09-01 01:48:55.540358,1.30235935862513,4.9362874031066895,2.8459906578063965
3892,2020-09-01 01:48:56.428218,1.30235935862513,4.9362874031066895,2.8459906578063965
3893,2020-09-01 01:48:57.357647,1.30235935862513,4.9362874031066895,2.8459906578063965
3894,2020-09-01 01:48:58.298729,1.30235935862513,4.9362874031066895,2.7339260578155518
3895,2020-09-01 01:48:59.202130,1.30235935862513,4.90710973739624,2.7339260578155518
3896,2020-09-01 01:49:00.057601,1.30235935862513,4.90710973739624,2.7339260578155518
3897,2020-09-01 01:49:00.939022,1.30235935862513,4.90710973739624,2.7339260578155518
3898,2020-09-01 01:49:01.822284,1.25952133254117,4.877932071685791,2.7583346366882324
3899,2020-09-01 01:49:02.727695,1.25952133254117,4.877932071685791,2.7583346366882324
3900,2020-09-01 01:49:03.515737,1.25952133254117,4.877932071685791,2.7583346366882324
3901,2020-09-01 01:49:04.475124,1.21670581537929,4.848754405975342,2.7826716899871826
3902,2020-09-01 01:49:05.387829,1.21670581537929,4.848754405975342,2.7826716899871826
3903,2020-09-01 01:49:06.234756,1.21670581537929,4.848754405975342,2.7826716899871826
3904,2020-09-01 01:49:07.211789,1.1739127935047,4.819576740264893,2.8069369792938232
3905,2020-09-01 01:49:08.043664,1.1739127935047,4.819576740264893,2.8069369792938232
3906,2020-09-01 01:49:09.012186,1.1739127935047,4.819576740264893,2.8069369792938232
3907,2020-09-01 01:49:09.969467,1.13114225326581,4.819576740264893,2.8311307430267334
3908,2020-09-01 01:49:10.795815,1.13114225326581,4.790398597717285,2.8311307430267334
3909,2020-09-01 01:49:11.625051,1.13114225326581,4.790398597717285,2.8311307430267334
3910,2020-09-01 01:49:12.506087,1.08839418099419,4.761220932006836,2.855252742767334
3911,2020-09-01 01:49:13.403594,1.08839418099419,4.761220932006836,2.855252742767334
3912,2020-09-01 01:49:14.254153,1.08839418099419,4.761220932006836,2.855252742767334
3913,2020-09-01 01:49:15.131010,1.08839418099419,4.761220932006836,2.879303216934204
3914,2020-09-01 01:49:16.008458,1.04566856300463,4.732043266296387,2.879303216934204
3915,2020-09-01 01:49:16.883352,1.04566856300463,4.732043266296387,2.879303216934204
3916,2020-09-01 01:49:17.808549,1.04566856300463,4.732043266296387,2.9032821655273438
3917,2020-09-01 01:49:18.728290,1.0029653855951,4.7028656005859375,2.9032821655273438
3918,2020-09-01 01:49:19.625666,1.0029653855951,4.7028656005859375,2.9032821655273438
3919,2020-09-01 01:49:20.610473,1.0029653855951,4.7028656005859375,2.9352896213531494
3920,2020-09-01 01:49:21.432150,0.960498735650603,4.675101280212402,2.9352896213531494
3921,2020-09-01 01:49:22.310713,0.960498735650603,4.675101280212402,2.9352896213531494
3922,2020-09-01 01:49:23.233815,0.960498735650603,4.675101280212402,2.9352896213531494
3923,2020-09-01 01:49:24.087307,0.91805706337135,4.647336959838867,2.967217206954956
3924,2020-09-01 01:49:25.048357,0.91805706337135,4.647336959838867,2.967217206954956
3925,2020-09-01 01:49:25.914367,0.91805706337135,4.647336959838867,2.967217206954956
3926,2020-09-01 01:49:26.805261,0.89204148263228,4.630308151245117,2.986750841140747
3927,2020-09-01 01:49:27.595365,0.89204148263228,4.630308151245117,2.986750841140747
3928,2020-09-01 01:49:28.441681,0.89204148263228,4.630308151245117,2.986750841140747
3929,2020-09-01 01:49:29.305906,0.89204148263228,4.630308151245117,2.999046564102173
3930,2020-09-01 01:49:30.214889,0.875646272004985,4.619572162628174,2.999046564102173
3931,2020-09-01 01:49:31.231482,0.875646272004985,4.619572162628174,2.999046564102173
3932,2020-09-01 01:49:32.151816,0.83325450737054,4.591807842254639,3.030815362930298
3933,2020-09-01 01:49:33.038099,0.83325450737054,4.591807842254639,3.030815362930298
3934,2020-09-01 01:49:33.921945,0.83325450737054,4.591807842254639,3.030815362930298
3935,2020-09-01 01:49:34.830823,0.790887681004676,4.5640435218811035,3.062504529953003
3936,2020-09-01 01:49:35.762468,0.790887681004676,4.5640435218811035,3.062504529953003
3937,2020-09-01 01:49:36.591927,0.790887681004676,4.5640435218811035,3.062504529953003
3938,2020-09-01 01:49:37.411524,0.748545779731828,4.5640435218811035,3.094114303588867
3939,2020-09-01 01:49:38.268457,0.748545779731828,4.536279201507568,3.094114303588867
3940,2020-09-01 01:49:39.113809,0.748545779731828,4.536279201507568,3.094114303588867
3941,2020-09-01 01:49:39.954312,0.706228790355453,4.536279201507568,3.1256446838378906
3942,2020-09-01 01:49:40.867393,0.706228790355453,4.508514881134033,3.1256446838378906
3943,2020-09-01 01:49:41.721529,0.706228790355453,4.508514881134033,3.1256446838378906
3944,2020-09-01 01:49:42.613259,0.706228790355453,4.508514881134033,3.1570956707000732
3945,2020-09-01 01:49:43.502849,0.663936699658038,4.48075008392334,3.1570956707000732
3946,2020-09-01 01:49:44.339221,0.663936699658038,4.48075008392334,3.1570956707000732
3947,2020-09-01 01:49:45.213673,0.663936699658038,4.48075008392334,3.188467502593994
3948,2020-09-01 01:49:46.152386,0.621669494401075,4.452985763549805,3.188467502593994
3949,2020-09-01 01:49:47.035590,0.621669494401075,4.452985763549805,3.188467502593994
3950,2020-09-01 01:49:47.837125,0.621669494401075,4.452985763549805,3.219759941101074
3951,2020-09-01 01:49:48.792815,0.579427161325057,4.4252214431762695,3.219759941101074
3952,2020-09-01 01:49:49.768779,0.579427161325057,4.4252214431762695,3.219759941101074
3953,2020-09-01 01:49:50.723292,0.579427161325057,4.4252214431762695,3.2509732246398926
3954,2020-09-01 01:49:51.614288,0.537209687149485,4.397457122802734,3.2509732246398926
3955,2020-09-01 01:49:52.460810,0.537209687149485,4.397457122802734,3.2509732246398926
3956,2020-09-01 01:49:53.333612,0.537209687149485,4.397457122802734,3.2509732246398926
3957,2020-09-01 01:49:54.217593,0.495017058572813,4.369692325592041,3.28210711479187
3958,2020-09-01 01:49:55.015890,0.495017058572813,4.369692325592041,3.28210711479187
3959,2020-09-01 01:49:55.897867,0.495017058572813,4.369692325592041,3.28210711479187
3960,2020-09-01 01:49:56.705713,0.495017058572813,4.369692325592041,3.28210711479187
3961,2020-09-01 01:49:57.656115,0.452967805649564,4.343346118927002,3.317333459854126
3962,2020-09-01 01:49:58.523302,0.452967805649564,4.343346118927002,3.317333459854126
3963,2020-09-01 01:49:59.475545,0.452967805649564,4.343346118927002,3.3524763584136963
3964,2020-09-01 01:50:00.337412,0.410944704621699,4.316999912261963,3.3524763584136963
3965,2020-09-01 01:50:01.207970,0.410944704621699,4.316999912261963,3.3524763584136963
3966,2020-09-01 01:50:02.101957,0.410944704621699,4.316999912261963,3.3524763584136963
3968,2020-09-01 01:50:10.477941,0.45908232472631,4.290653705596924,3.3915903568267822
3969,2020-09-01 01:50:11.270915,0.45908232472631,4.290653705596924,3.3915903568267822
3970,2020-09-01 01:50:12.135222,0.507004263268996,4.290653705596924,3.4306955337524414
3971,2020-09-01 01:50:12.871839,0.507004263268996,4.290653705596924,3.4306955337524414
3972,2020-09-01 01:50:13.651441,0.554711126882509,4.290653705596924,3.4697916507720947
3973,2020-09-01 01:50:14.446036,0.554711126882509,4.290653705596924,3.4697916507720947
3974,2020-09-01 01:50:15.418504,0.602203522872358,4.290653705596924,3.508878707885742
3975,2020-09-01 01:50:16.152498,0.602203522872358,4.290653705596924,3.508878707885742
3976,2020-09-01 01:50:17.024049,0.602203522872358,4.290653705596924,3.508878707885742
3977,2020-09-01 01:50:17.850134,0.602203522872358,4.290653705596924,3.508878707885742
3978,2020-09-01 01:50:18.759518,0.64948205921668,4.185268402099609,3.5479564666748047
3979,2020-09-01 01:50:19.687782,0.64948205921668,4.185268402099609,3.5479564666748047
3980,2020-09-01 01:50:20.586379,0.64948205921668,4.185268402099609,3.5870249271392822
3981,2020-09-01 01:50:21.516279,0.696547344565957,4.15892219543457,3.5870249271392822
3982,2020-09-01 01:50:22.468150,0.696547344565957,4.15892219543457,3.5870249271392822
3983,2020-09-01 01:50:23.359465,0.743399988242629,4.15892219543457,3.626084089279175
3984,2020-09-01 01:50:24.207463,0.743399988242629,4.132575988769531,3.626084089279175
3985,2020-09-01 01:50:25.062875,0.743399988242629,4.132575988769531,3.626084089279175
3986,2020-09-01 01:50:25.966024,0.743399988242629,4.132575988769531,3.626084089279175
3987,2020-09-01 01:50:26.905622,0.791429372829654,4.106229782104492,3.6652512550354004
3988,2020-09-01 01:50:27.821833,0.791429372829654,4.106229782104492,3.6652512550354004
3989,2020-09-01 01:50:28.796987,0.791429372829654,4.106229782104492,3.704411268234253
3990,2020-09-01 01:50:29.630950,0.839266396291478,4.079883575439453,3.704411268234253
3991,2020-09-01 01:50:30.485212,0.839266396291478,4.079883575439453,3.704411268234253
3992,2020-09-01 01:50:31.406314,0.839266396291478,4.079883575439453,3.704411268234253
3993,2020-09-01 01:50:32.386175,0.886911654793209,4.079883575439453,3.7435641288757324
3994,2020-09-01 01:50:33.273830,0.886911654793209,4.053537368774414,3.7435641288757324
3995,2020-09-01 01:50:34.204054,0.886911654793209,4.053537368774414,3.7435641288757324
3996,2020-09-01 01:50:35.028071,0.886911654793209,4.053537368774414,3.7435641288757324
3997,2020-09-01 01:50:35.866622,0.93466680284709,4.026505947113037,3.78975772857666
3998,2020-09-01 01:50:36.833806,0.93466680284709,4.026505947113037,3.78975772857666
3999,2020-09-01 01:50:37.743502,0.93466680284709,4.026505947113037,3.78975772857666
4000,2020-09-01 01:50:38.612615,0.982233998932259,3.9994750022888184,3.8359367847442627
4001,2020-09-01 01:50:39.576522,0.982233998932259,3.9994750022888184,3.8359367847442627
4002,2020-09-01 01:50:40.397215,0.982233998932259,3.9994750022888184,3.8359367847442627
4003,2020-09-01 01:50:41.298360,0.982233998932259,3.9994750022888184,3.8821017742156982
4004,2020-09-01 01:50:42.189995,1.02961382975798,3.9724438190460205,3.8821017742156982
4005,2020-09-01 01:50:43.090478,1.02961382975798,3.9724438190460205,3.8821017742156982
4006,2020-09-01 01:50:43.891316,1.02961382975798,3.9724438190460205,3.8821017742156982
4007,2020-09-01 01:50:44.796856,1.07680688178669,3.9454128742218018,3.9282519817352295
4008,2020-09-01 01:50:45.613120,1.07680688178669,3.9454128742218018,3.9282519817352295
4009,2020-09-01 01:50:46.532327,1.07680688178669,3.9454128742218018,3.9282519817352295
4010,2020-09-01 01:50:47.353554,1.12381374117537,3.9454128742218018,3.9743878841400146
4011,2020-09-01 01:50:48.232148,1.12381374117537,3.918381690979004,3.9743878841400146
4012,2020-09-01 01:50:49.083294,1.12381374117537,3.918381690979004,3.9743878841400146
4013,2020-09-01 01:50:49.937569,1.17063499370315,3.891350746154785,4.020509243011475
4014,2020-09-01 01:50:50.835009,1.17063499370315,3.891350746154785,4.020509243011475
4015,2020-09-01 01:50:51.670594,1.17063499370315,3.891350746154785,4.020509243011475
4016,2020-09-01 01:50:52.543901,1.21727122467907,3.8643195629119873,4.066615581512451
4017,2020-09-01 01:50:53.338501,1.21727122467907,3.8643195629119873,4.066615581512451
4018,2020-09-01 01:50:54.249904,1.21727122467907,3.8643195629119873,4.066615581512451
4019,2020-09-01 01:50:55.183853,1.26372301881844,3.8643195629119873,4.112707138061523
4020,2020-09-01 01:50:56.126666,1.26372301881844,3.8372886180877686,4.112707138061523
4021,2020-09-01 01:50:57.011525,1.26372301881844,3.8372886180877686,4.112707138061523
4022,2020-09-01 01:50:57.883615,1.3099909600616,3.8102574348449707,4.158783912658691
4023,2020-09-01 01:50:58.785259,1.3099909600616,3.8102574348449707,4.158783912658691
4024,2020-09-01 01:50:59.606212,1.3099909600616,3.8102574348449707,4.158783912658691
4025,2020-09-01 01:51:00.471935,1.35607563124459,3.783226490020752,4.204845428466797
4026,2020-09-01 01:51:01.305773,1.35607563124459,3.783226490020752,4.204845428466797
4027,2020-09-01 01:51:02.161571,1.35607563124459,3.783226490020752,4.204845428466797
4028,2020-09-01 01:51:03.015607,1.35607563124459,3.783226490020752,4.250892162322998
4029,2020-09-01 01:51:03.919200,1.40197761607864,3.756195306777954,4.250892162322998
4030,2020-09-01 01:51:04.796289,1.40197761607864,3.756195306777954,4.250892162322998
4031,2020-09-01 01:51:05.715775,1.40197761607864,3.756195306777954,4.296924114227295
4032,2020-09-01 01:51:06.582231,1.44769750554414,3.7291643619537354,4.296924114227295
4033,2020-09-01 01:51:07.456464,1.44769750554414,3.7291643619537354,4.296924114227295
4034,2020-09-01 01:51:08.338585,1.44769750554414,3.7291643619537354,4.344945430755615
4035,2020-09-01 01:51:09.205738,1.49378703523779,3.7038650512695312,4.344945430755615
4036,2020-09-01 01:51:10.039452,1.49378703523779,3.7038650512695312,4.344945430755615
4037,2020-09-01 01:51:10.984592,1.49378703523779,3.7038650512695312,4.344945430755615
4038,2020-09-01 01:51:11.870878,1.5397029399566,3.6785659790039062,4.392950534820557
4039,2020-09-01 01:51:12.709012,1.5397029399566,3.6785659790039062,4.392950534820557
4040,2020-09-01 01:51:13.672171,1.5397029399566,3.6785659790039062,4.392950534820557
4041,2020-09-01 01:51:14.495308,1.58544603072792,3.6532669067382812,4.440938949584961
4042,2020-09-01 01:51:15.290454,1.58544603072792,3.6532669067382812,4.440938949584961
4043,2020-09-01 01:51:16.161852,1.58544603072792,3.6532669067382812,4.440938949584961
4044,2020-09-01 01:51:17.012279,1.58544603072792,3.6532669067382812,4.488911151885986
4045,2020-09-01 01:51:17.873812,1.63101711293793,3.6279678344726562,4.488911151885986
4046,2020-09-01 01:51:18.750388,1.63101711293793,3.6279678344726562,4.488911151885986
4047,2020-09-01 01:51:19.590534,1.63101711293793,3.6279678344726562,4.536866664886475
4048,2020-09-01 01:51:20.327420,1.67641698679117,3.6026687622070312,4.536866664886475
4049,2020-09-01 01:51:21.233955,1.67641698679117,3.6026687622070312,4.536866664886475
4050,2020-09-01 01:51:22.122560,1.67641698679117,3.6026687622070312,4.536866664886475
4051,2020-09-01 01:51:23.021379,1.72164644765695,3.577369451522827,4.584805965423584
4052,2020-09-01 01:51:23.981939,1.72164644765695,3.577369451522827,4.584805965423584
4053,2020-09-01 01:51:24.896737,1.72164644765695,3.577369451522827,4.584805965423584
4054,2020-09-01 01:51:25.815066,1.76670628634172,3.552070379257202,4.632728099822998
4055,2020-09-01 01:51:26.665703,1.76670628634172,3.552070379257202,4.632728099822998
4056,2020-09-01 01:51:27.594720,1.76670628634172,3.552070379257202,4.632728099822998
4057,2020-09-01 01:51:28.459022,1.83935946305498,3.526771306991577,4.543838024139404
4058,2020-09-01 01:51:29.482547,1.83935946305498,3.526771306991577,4.543838024139404
4059,2020-09-01 01:51:30.290831,1.83935946305498,3.526771306991577,4.543838024139404
4060,2020-09-01 01:51:31.263173,1.91092564520245,3.501472234725952,4.454947471618652
4061,2020-09-01 01:51:32.172106,1.91092564520245,3.501472234725952,4.454947471618652
4062,2020-09-01 01:51:33.014359,1.91092564520245,3.501472234725952,4.454947471618652
4063,2020-09-01 01:51:33.855334,1.98222008955055,3.476173162460327,4.3660569190979
4064,2020-09-01 01:51:34.740303,1.98222008955055,3.476173162460327,4.3660569190979
4065,2020-09-01 01:51:35.617563,1.98222008955055,3.476173162460327,4.3660569190979
4066,2020-09-01 01:51:36.408130,1.98222008955055,3.476173162460327,4.3660569190979
4067,2020-09-01 01:51:37.244135,2.05324330532923,3.450873851776123,4.277166843414307
4068,2020-09-01 01:51:38.119318,2.05324330532923,3.450873851776123,4.277166843414307
4069,2020-09-01 01:51:38.999354,2.05324330532923,3.450873851776123,4.277166843414307
4070,2020-09-01 01:51:39.856817,2.12399580109164,3.425574779510498,4.188277244567871
4071,2020-09-01 01:51:40.770451,2.12399580109164,3.425574779510498,4.188277244567871
4072,2020-09-01 01:51:41.628623,2.12399580109164,3.425574779510498,4.188277244567871
4073,2020-09-01 01:51:42.464555,2.19515515652689,3.404331922531128,4.115148067474365
4074,2020-09-01 01:51:43.269717,2.19515515652689,3.404331922531128,4.115148067474365
4075,2020-09-01 01:51:44.079167,2.19515515652689,3.404331922531128,4.115148067474365
4076,2020-09-01 01:51:45.009113,2.19515515652689,3.404331922531128,4.042018890380859
4077,2020-09-01 01:51:45.833247,2.26605100774876,3.3830888271331787,4.042018890380859
4078,2020-09-01 01:51:46.741355,2.26605100774876,3.3830888271331787,4.042018890380859
4079,2020-09-01 01:51:47.753753,2.26605100774876,3.3830888271331787,4.042018890380859
4080,2020-09-01 01:51:48.601012,2.33668407276092,3.3830888271331787,3.9688899517059326
4081,2020-09-01 01:51:49.569153,2.33668407276092,3.3618457317352295,3.9688899517059326
4082,2020-09-01 01:51:50.488584,2.33668407276092,3.3618457317352295,3.9688899517059326
4083,2020-09-01 01:51:51.326114,2.40705528142763,3.3406028747558594,3.895761013031006
4084,2020-09-01 01:51:52.218244,2.40705528142763,3.3406028747558594,3.895761013031006
4085,2020-09-01 01:51:53.070824,2.40705528142763,3.3406028747558594,3.895761013031006
4086,2020-09-01 01:51:53.995748,2.40705528142763,3.3406028747558594,3.8226318359375
4087,2020-09-01 01:51:54.933840,2.47716567286976,3.31935977935791,3.8226318359375
4088,2020-09-01 01:51:55.752978,2.47716567286976,3.31935977935791,3.8226318359375
4089,2020-09-01 01:51:56.610326,2.47716567286976,3.31935977935791,3.8226318359375
4090,2020-09-01 01:51:57.524743,2.54701626102573,3.29811692237854,3.7495028972625732
4091,2020-09-01 01:51:58.460038,2.54701626102573,3.29811692237854,3.7495028972625732
4092,2020-09-01 01:51:59.317868,2.54701626102573,3.29811692237854,3.7495028972625732
4093,2020-09-01 01:52:00.297737,2.61660804426506,3.276873826980591,3.6763737201690674
4094,2020-09-01 01:52:01.147527,2.61660804426506,3.276873826980591,3.6763737201690674
4095,2020-09-01 01:52:02.117818,2.61660804426506,3.276873826980591,3.6763737201690674
4096,2020-09-01 01:52:03.006167,2.61660804426506,3.276873826980591,3.6032447814941406
4097,2020-09-01 01:52:03.849085,2.68594200909376,3.2556307315826416,3.6032447814941406
4098,2020-09-01 01:52:04.678163,2.68594200909376,3.2556307315826416,3.6032447814941406
4099,2020-09-01 01:52:05.562935,2.68594200909376,3.2556307315826416,3.530115842819214
4100,2020-09-01 01:52:06.510553,2.75501913223174,3.2343878746032715,3.530115842819214
4101,2020-09-01 01:52:07.326900,2.75501913223174,3.2343878746032715,3.530115842819214
4102,2020-09-01 01:52:08.169416,2.75501913223174,3.2343878746032715,3.456986665725708
4103,2020-09-01 01:52:09.162540,2.82384038196521,3.2131447792053223,3.456986665725708
4104,2020-09-01 01:52:10.073839,2.82384038196521,3.2131447792053223,3.456986665725708
4105,2020-09-01 01:52:11.112344,2.89240671910696,3.2131447792053223,3.3838577270507812
4106,2020-09-01 01:52:11.894097,2.89240671910696,3.191901922225952,3.3838577270507812
4107,2020-09-01 01:52:12.746123,2.89240671910696,3.191901922225952,3.3838577270507812
4108,2020-09-01 01:52:13.704202,2.89240671910696,3.191901922225952,3.3107285499572754
4109,2020-09-01 01:52:14.490623,2.96071909771828,3.170658826828003,3.3107285499572754
4110,2020-09-01 01:52:15.364233,2.96071909771828,3.170658826828003,3.3107285499572754
4111,2020-09-01 01:52:16.301648,2.96071909771828,3.170658826828003,3.2095649242401123
4112,2020-09-01 01:52:17.305408,3.0276027671709,3.1472456455230713,3.2095649242401123
4113,2020-09-01 01:52:18.198540,3.0276027671709,3.1472456455230713,3.2095649242401123
4114,2020-09-01 01:52:19.138936,3.0276027671709,3.1472456455230713,3.1084024906158447
4115,2020-09-01 01:52:20.047317,3.09421932441406,3.1238324642181396,3.1084024906158447
4116,2020-09-01 01:52:20.912950,3.09421932441406,3.1238324642181396,3.1084024906158447
4117,2020-09-01 01:52:21.767301,3.09421932441406,3.1238324642181396,3.1084024906158447
4118,2020-09-01 01:52:22.648639,3.16056929795941,3.100419521331787,3.0072412490844727
4119,2020-09-01 01:52:23.513304,3.16056929795941,3.100419521331787,3.0072412490844727
4120,2020-09-01 01:52:24.420291,3.16056929795941,3.100419521331787,3.0072412490844727
4121,2020-09-01 01:52:25.240622,3.22665321573726,3.0770063400268555,2.906081438064575
4122,2020-09-01 01:52:26.101233,3.22665321573726,3.0770063400268555,2.906081438064575
4123,2020-09-01 01:52:26.974621,3.22665321573726,3.0770063400268555,2.906081438064575
4124,2020-09-01 01:52:27.783001,3.29247160469448,3.0770063400268555,2.8049230575561523
4125,2020-09-01 01:52:28.686399,3.29247160469448,3.053593158721924,2.8049230575561523
4126,2020-09-01 01:52:29.534333,3.29247160469448,3.053593158721924,2.8049230575561523
4127,2020-09-01 01:52:30.422039,3.29247160469448,3.053593158721924,2.8049230575561523
4128,2020-09-01 01:52:31.343451,3.35802498993966,3.030179977416992,2.703765630722046
4129,2020-09-01 01:52:32.193949,3.35802498993966,3.030179977416992,2.703765630722046
4130,2020-09-01 01:52:33.009671,3.35802498993966,3.030179977416992,2.7435195446014404
4131,2020-09-01 01:52:33.894487,3.39400388553494,3.0067667961120605,2.7435195446014404
4132,2020-09-01 01:52:34.794026,3.39400388553494,3.0067667961120605,2.7435195446014404
4133,2020-09-01 01:52:35.651407,3.39400388553494,3.0067667961120605,2.7435195446014404
4134,2020-09-01 01:52:36.506730,3.39400388553494,3.0067667961120605,2.7832577228546143
4135,2020-09-01 01:52:37.381684,3.42980514073139,2.983353853225708,2.7832577228546143
4136,2020-09-01 01:52:38.270025,3.42980514073139,2.983353853225708,2.7832577228546143
4137,2020-09-01 01:52:39.170202,3.42980514073139,2.983353853225708,2.8229806423187256
4138,2020-09-01 01:52:40.030764,3.46542939429708,2.9599406719207764,2.8229806423187256
4139,2020-09-01 01:52:40.933026,3.46542939429708,2.9599406719207764,2.8229806423187256
4140,2020-09-01 01:52:41.846095,3.46542939429708,2.9599406719207764,2.862687826156616
4141,2020-09-01 01:52:42.728382,3.50087728539933,2.9365274906158447,2.862687826156616
4142,2020-09-01 01:52:43.535974,3.50087728539933,2.9365274906158447,2.862687826156616
4143,2020-09-01 01:52:44.408501,3.50087728539933,2.9365274906158447,2.862687826156616
4144,2020-09-01 01:52:45.262897,3.50196707222764,2.941183567047119,2.8665168285369873
4145,2020-09-01 01:52:46.129475,3.50196707222764,2.941183567047119,2.8665168285369873
4146,2020-09-01 01:52:47.047083,3.50196707222764,2.941183567047119,2.8665168285369873
4147,2020-09-01 01:52:47.932324,3.50583452613583,2.941183567047119,2.880045175552368
4148,2020-09-01 01:52:48.858597,3.50583452613583,2.957634925842285,2.880045175552368
4149,2020-09-01 01:52:49.775652,3.50583452613583,2.957634925842285,2.880045175552368
4150,2020-09-01 01:52:50.755477,3.51239533148437,2.983092784881592,2.900984764099121
4151,2020-09-01 01:52:51.585608,3.51239533148437,2.983092784881592,2.900984764099121
4152,2020-09-01 01:52:52.513821,3.51239533148437,2.983092784881592,2.900984764099121
4153,2020-09-01 01:52:53.435679,3.51239533148437,2.983092784881592,2.900984764099121
4154,2020-09-01 01:52:54.303218,3.51239533148437,2.983092784881592,2.900984764099121
4155,2020-09-01 01:52:55.173787,3.51239533148437,2.983092784881592,2.900984764099121
4156,2020-09-01 01:52:56.096897,3.51239533148437,2.983092784881592,2.900984764099121
4157,2020-09-01 01:52:56.999715,3.51239533148437,2.983092784881592,2.9392733573913574
4158,2020-09-01 01:52:57.797349,3.52436497438546,3.0296478271484375,2.9392733573913574
4159,2020-09-01 01:52:58.668773,3.52436497438546,3.0296478271484375,2.9392733573913574
4160,2020-09-01 01:52:59.627992,3.52436497438546,3.0296478271484375,2.9392733573913574
4161,2020-09-01 01:53:00.521680,3.53830331310151,3.0775306224823,2.99271559715271
4162,2020-09-01 01:53:01.362619,3.53830331310151,3.0775306224823,2.99271559715271
4163,2020-09-01 01:53:02.251267,3.53830331310151,3.0775306224823,2.99271559715271
4164,2020-09-01 01:53:03.141652,3.53830331310151,3.0775306224823,3.046116590499878
4165,2020-09-01 01:53:04.014978,3.55221753147401,3.1253886222839355,3.046116590499878
4166,2020-09-01 01:53:04.770838,3.55221753147401,3.1253886222839355,3.046116590499878
4167,2020-09-01 01:53:05.680263,3.56610782794505,3.1732218265533447,3.099475622177124
4168,2020-09-01 01:53:06.478164,3.56610782794505,3.1732218265533447,3.099475622177124
4169,2020-09-01 01:53:07.364755,3.56610782794505,3.1732218265533447,3.099475622177124
4170,2020-09-01 01:53:08.229437,3.56610782794505,3.1732218265533447,3.1527934074401855
4171,2020-09-01 01:53:09.134021,3.57997439960369,3.2210304737091064,3.1527934074401855
4172,2020-09-01 01:53:10.016337,3.57997439960369,3.2210304737091064,3.1527934074401855
4173,2020-09-01 01:53:10.938633,3.57997439960369,3.2210304737091064,3.1527934074401855
4174,2020-09-01 01:53:11.798789,3.5938174421936,3.2688143253326416,3.2060694694519043
4175,2020-09-01 01:53:12.727768,3.5938174421936,3.2688143253326416,3.2060694694519043
4176,2020-09-01 01:53:13.535064,3.5938174421936,3.2688143253326416,3.2060694694519043
4177,2020-09-01 01:53:14.317427,3.60763715012058,3.31657338142395,3.2593038082122803
4178,2020-09-01 01:53:15.189157,3.60763715012058,3.31657338142395,3.2593038082122803
4179,2020-09-01 01:53:16.085471,3.60763715012058,3.31657338142395,3.2593038082122803
4180,2020-09-01 01:53:16.963870,3.62143371646012,3.3643078804016113,3.3124966621398926
4181,2020-09-01 01:53:17.872169,3.62143371646012,3.3643078804016113,3.3124966621398926
4182,2020-09-01 01:53:18.767993,3.62143371646012,3.3643078804016113,3.3124966621398926
4183,2020-09-01 01:53:19.720838,3.63520733296481,3.412017583847046,3.365648031234741
4184,2020-09-01 01:53:20.581708,3.63520733296481,3.412017583847046,3.365648031234741
4185,2020-09-01 01:53:21.480435,3.63520733296481,3.412017583847046,3.365648031234741
4186,2020-09-01 01:53:22.317847,3.64895819007187,3.459702730178833,3.418757677078247
4187,2020-09-01 01:53:23.215343,3.64895819007187,3.459702730178833,3.418757677078247
4188,2020-09-01 01:53:24.045505,3.64895819007187,3.459702730178833,3.418757677078247
4189,2020-09-01 01:53:24.916407,3.66268647691052,3.5073628425598145,3.4718258380889893
4190,2020-09-01 01:53:25.880540,3.66268647691052,3.5073628425598145,3.4718258380889893
4191,2020-09-01 01:53:26.805414,3.66268647691052,3.5073628425598145,3.5248525142669678
4192,2020-09-01 01:53:27.697830,3.67639238130944,3.5549983978271484,3.5248525142669678
4193,2020-09-01 01:53:28.545412,3.67639238130944,3.5549983978271484,3.5248525142669678
4194,2020-09-01 01:53:29.445980,3.67639238130944,3.5549983978271484,3.5248525142669678
4195,2020-09-01 01:53:30.332093,3.69007608980407,3.602609157562256,3.5778377056121826
4196,2020-09-01 01:53:31.187813,3.69007608980407,3.602609157562256,3.5778377056121826
4197,2020-09-01 01:53:31.967692,3.69007608980407,3.602609157562256,3.5778377056121826
4198,2020-09-01 01:53:32.815082,3.70571641966187,3.65254545211792,3.6421399116516113
4199,2020-09-01 01:53:33.702736,3.70571641966187,3.65254545211792,3.6421399116516113
4200,2020-09-01 01:53:34.559017,3.70571641966187,3.65254545211792,3.6421399116516113
4201,2020-09-01 01:53:35.533338,3.72134358092839,3.7024571895599365,3.7063910961151123
4202,2020-09-01 01:53:36.416791,3.72134358092839,3.7024571895599365,3.7063910961151123
4203,2020-09-01 01:53:37.235381,3.72134358092839,3.7024571895599365,3.7063910961151123
4204,2020-09-01 01:53:38.114361,3.7369576960824,3.7523438930511475,3.7705912590026855
4205,2020-09-01 01:53:39.034914,3.7369576960824,3.7523438930511475,3.7705912590026855
4206,2020-09-01 01:53:39.886882,3.7369576960824,3.7523438930511475,3.7705912590026855
4207,2020-09-01 01:53:40.706579,3.7369576960824,3.7523438930511475,3.824262857437134
4208,2020-09-01 01:53:41.564007,3.75001069226602,3.7940616607666016,3.824262857437134
4209,2020-09-01 01:53:42.492938,3.75001069226602,3.7940616607666016,3.824262857437134
4210,2020-09-01 01:53:43.376320,3.75001069226602,3.7940616607666016,3.824262857437134
4211,2020-09-01 01:53:44.285920,3.75274592176491,3.8022067546844482,3.834739923477173
4212,2020-09-01 01:53:45.166425,3.75274592176491,3.8022067546844482,3.834739923477173
4213,2020-09-01 01:53:46.049671,3.75274592176491,3.8022067546844482,3.834739923477173
4214,2020-09-01 01:53:47.010183,3.75274592176491,3.8022067546844482,3.8989248275756836
4215,2020-09-01 01:53:47.957018,3.77084683722485,3.8521037101745605,3.8989248275756836
4216,2020-09-01 01:53:48.875121,3.77084683722485,3.8521037101745605,3.8989248275756836
4217,2020-09-01 01:53:49.696779,3.78896129507251,3.8521037101745605,3.9630625247955322
4218,2020-09-01 01:53:50.611117,3.78896129507251,3.9019782543182373,3.9630625247955322
4219,2020-09-01 01:53:51.501276,3.78896129507251,3.9019782543182373,3.9630625247955322
4220,2020-09-01 01:53:52.420465,3.78896129507251,3.9019782543182373,3.9630625247955322
4221,2020-09-01 01:53:53.397769,3.80708918461792,3.9518303871154785,4.0271525382995605
4222,2020-09-01 01:53:54.273954,3.80708918461792,3.9518303871154785,4.0271525382995605
4223,2020-09-01 01:53:55.089111,3.80708918461792,3.9518303871154785,4.0271525382995605
4224,2020-09-01 01:53:55.975364,3.82523039582071,4.001660346984863,4.091195106506348
4225,2020-09-01 01:53:56.869256,3.82523039582071,4.001660346984863,4.091195106506348
4226,2020-09-01 01:53:57.757305,3.82523039582071,4.001660346984863,4.091195106506348
4227,2020-09-01 01:53:58.544482,3.84338481928596,4.051467418670654,4.155190467834473
4228,2020-09-01 01:53:59.330155,3.84338481928596,4.051467418670654,4.155190467834473
4229,2020-09-01 01:54:00.281627,3.84338481928596,4.051467418670654,4.155190467834473
4230,2020-09-01 01:54:01.174884,3.8615523462601,4.051467418670654,4.219138145446777
4231,2020-09-01 01:54:02.167788,3.8615523462601,4.101252555847168,4.219138145446777
4232,2020-09-01 01:54:02.925464,3.8615523462601,4.101252555847168,4.219138145446777
4233,2020-09-01 01:54:03.845063,3.87973286862683,4.151015281677246,4.283039093017578
4234,2020-09-01 01:54:04.707306,3.87973286862683,4.151015281677246,4.283039093017578
4235,2020-09-01 01:54:05.611276,3.87973286862683,4.151015281677246,4.283039093017578
4236,2020-09-01 01:54:06.545855,3.89792627890309,4.200755596160889,4.346892356872559
4237,2020-09-01 01:54:07.450847,3.89792627890309,4.200755596160889,4.346892356872559
4238,2020-09-01 01:54:08.327308,3.89792627890309,4.200755596160889,4.346892356872559
4239,2020-09-01 01:54:09.224350,3.91604826626461,4.251717567443848,4.4070963859558105
4240,2020-09-01 01:54:10.093104,3.91604826626461,4.251717567443848,4.4070963859558105
4241,2020-09-01 01:54:11.073782,3.91604826626461,4.251717567443848,4.4070963859558105
4242,2020-09-01 01:54:11.976145,3.93418134571253,4.302656173706055,4.467256546020508
4243,2020-09-01 01:54:12.854815,3.93418134571253,4.302656173706055,4.467256546020508
4244,2020-09-01 01:54:13.685597,3.93418134571253,4.302656173706055,4.467256546020508
4245,2020-09-01 01:54:14.553462,3.95232542094159,4.35357141494751,4.527373313903809
4246,2020-09-01 01:54:15.641112,3.95232542094159,4.35357141494751,4.527373313903809
4247,2020-09-01 01:54:16.596108,3.95232542094159,4.35357141494751,4.527373313903809
4248,2020-09-01 01:54:17.466998,3.97048039620888,4.404463291168213,4.587446689605713
4249,2020-09-01 01:54:18.363100,3.97048039620888,4.404463291168213,4.587446689605713
4250,2020-09-01 01:54:19.303404,3.97048039620888,4.404463291168213,4.587446689605713
4251,2020-09-01 01:54:20.241983,3.97048039620888,4.404463291168213,4.6474761962890625
4252,2020-09-01 01:54:21.170598,3.98864617633033,4.455331802368164,4.6474761962890625
4253,2020-09-01 01:54:22.173298,3.98864617633033,4.455331802368164,4.6474761962890625
4254,2020-09-01 01:54:23.154194,4.03909079572514,4.507835865020752,4.571536540985107
4255,2020-09-01 01:54:24.001159,4.03909079572514,4.507835865020752,4.571536540985107
4256,2020-09-01 01:54:24.817915,4.03909079572514,4.507835865020752,4.571536540985107
4257,2020-09-01 01:54:25.696448,4.08161682452454,4.559897422790527,4.495596408843994
4258,2020-09-01 01:54:26.664530,4.08161682452454,4.559897422790527,4.495596408843994
4259,2020-09-01 01:54:27.589673,4.08161682452454,4.559897422790527,4.495596408843994
4260,2020-09-01 01:54:28.539360,4.12393584697843,4.611941814422607,4.419656276702881
4261,2020-09-01 01:54:29.415231,4.12393584697843,4.611941814422607,4.419656276702881
4262,2020-09-01 01:54:30.317687,4.12393584697843,4.611941814422607,4.419656276702881
4263,2020-09-01 01:54:31.218374,4.1660486130589,4.663968086242676,4.343716621398926
4264,2020-09-01 01:54:32.150449,4.1660486130589,4.663968086242676,4.343716621398926
4265,2020-09-01 01:54:33.057659,4.1660486130589,4.663968086242676,4.343716621398926
4266,2020-09-01 01:54:33.902914,4.20795587159319,4.715977191925049,4.2677764892578125
4267,2020-09-01 01:54:34.822167,4.20795587159319,4.715977191925049,4.2677764892578125
4268,2020-09-01 01:54:35.701672,4.20795587159319,4.715977191925049,4.2677764892578125
4269,2020-09-01 01:54:36.688140,4.24965837037993,4.767968654632568,4.191836357116699
4270,2020-09-01 01:54:37.557404,4.24965837037993,4.767968654632568,4.191836357116699
4271,2020-09-01 01:54:38.372743,4.24965837037993,4.767968654632568,4.191836357116699
4272,2020-09-01 01:54:39.249894,4.24965837037993,4.767968654632568,4.115896224975586
4273,2020-09-01 01:54:40.142050,4.29115685626819,4.819942474365234,4.115896224975586
4274,2020-09-01 01:54:40.872832,4.29115685626819,4.819942474365234,4.115896224975586
4275,2020-09-01 01:54:41.809123,4.29115685626819,4.819942474365234,4.048587322235107
4276,2020-09-01 01:54:42.685347,4.33156907384731,4.869332790374756,4.048587322235107
4277,2020-09-01 01:54:43.670752,4.33156907384731,4.869332790374756,4.048587322235107
4278,2020-09-01 01:54:44.581302,4.33156907384731,4.869332790374756,4.048587322235107
4279,2020-09-01 01:54:45.465477,4.37177216676241,4.918706893920898,3.9812779426574707
4280,2020-09-01 01:54:46.387373,4.37177216676241,4.918706893920898,3.9812779426574707
4281,2020-09-01 01:54:47.297973,4.37177216676241,4.918706893920898,3.9812779426574707
4282,2020-09-01 01:54:48.151562,4.41176682259646,4.968063831329346,3.913968563079834
4283,2020-09-01 01:54:49.080725,4.41176682259646,4.968063831329346,3.913968563079834
4284,2020-09-01 01:54:50.017628,4.45155372889504,4.968063831329346,3.8466591835021973
4285,2020-09-01 01:54:50.968264,4.45155372889504,5.017403602600098,3.8466591835021973
4286,2020-09-01 01:54:51.915046,4.45155372889504,5.017403602600098,3.8466591835021973
4287,2020-09-01 01:54:52.834242,4.45155372889504,5.017403602600098,3.7793500423431396
4288,2020-09-01 01:54:53.695236,4.4911335731089,5.0667266845703125,3.7793500423431396
4289,2020-09-01 01:54:54.571540,4.4911335731089,5.0667266845703125,3.7793500423431396
4290,2020-09-01 01:54:55.443962,4.4911335731089,5.0667266845703125,3.7793500423431396
4291,2020-09-01 01:54:56.307523,4.53050704248452,5.11603307723999,3.712040662765503
4292,2020-09-01 01:54:57.288315,4.53050704248452,5.11603307723999,3.712040662765503
4293,2020-09-01 01:54:58.146697,4.53050704248452,5.11603307723999,3.644731283187866
4294,2020-09-01 01:54:58.995301,4.56967482387759,5.1653218269348145,3.644731283187866
4295,2020-09-01 01:54:59.795819,4.56967482387759,5.1653218269348145,3.644731283187866
4296,2020-09-01 01:55:00.749825,4.56967482387759,5.1653218269348145,3.644731283187866
4297,2020-09-01 01:55:01.738951,4.60863760343591,5.214593887329102,3.5774221420288086
4298,2020-09-01 01:55:02.660482,4.60863760343591,5.214593887329102,3.5774221420288086
4299,2020-09-01 01:55:03.521826,4.60863760343591,5.214593887329102,3.5774221420288086
4300,2020-09-01 01:55:04.419547,4.64739606601916,5.263848304748535,3.510112762451172
4301,2020-09-01 01:55:05.373937,4.64739606601916,5.263848304748535,3.510112762451172
4302,2020-09-01 01:55:06.262583,4.64739606601916,5.263848304748535,3.510112762451172
4303,2020-09-01 01:55:07.101641,4.6859508939162,5.313086032867432,3.442803382873535
4304,2020-09-01 01:55:07.954052,4.6859508939162,5.313086032867432,3.442803382873535
4305,2020-09-01 01:55:08.847771,4.6859508939162,5.313086032867432,3.442803382873535
4306,2020-09-01 01:55:09.786102,4.72430276674508,5.313086032867432,3.3754942417144775
4307,2020-09-01 01:55:10.659517,4.72430276674508,5.362305641174316,3.3754942417144775
4308,2020-09-01 01:55:11.519823,4.72430276674508,5.362305641174316,3.3754942417144775
4309,2020-09-01 01:55:12.372564,4.72430276674508,5.362305641174316,3.3754942417144775
4310,2020-09-01 01:55:13.318065,4.76245244926878,5.411508560180664,3.308184862136841
4311,2020-09-01 01:55:14.239868,4.76245244926878,5.411508560180664,3.308184862136841
4312,2020-09-01 01:55:15.219204,4.76245244926878,5.411508560180664,3.308184862136841
4313,2020-09-01 01:55:16.167796,4.81891321986342,5.390679359436035,3.219302177429199
4314,2020-09-01 01:55:17.022524,4.81891321986342,5.390679359436035,3.219302177429199
4315,2020-09-01 01:55:18.027874,4.81891321986342,5.390679359436035,3.219302177429199
4316,2020-09-01 01:55:18.915698,4.81891321986342,5.390679359436035,3.130420684814453
4317,2020-09-01 01:55:19.872261,4.87510997098656,5.369849681854248,3.130420684814453
4318,2020-09-01 01:55:20.796173,4.87510997098656,5.369849681854248,3.130420684814453
4319,2020-09-01 01:55:21.770054,4.87510997098656,5.369849681854248,3.130420684814453
4320,2020-09-01 01:55:22.611295,4.9297126431877,5.349020481109619,3.0415399074554443
4321,2020-09-01 01:55:23.523619,4.9297126431877,5.349020481109619,3.0415399074554443
4322,2020-09-01 01:55:24.346436,4.9297126431877,5.349020481109619,3.0415399074554443
4323,2020-09-01 01:55:25.286709,4.9297126431877,5.349020481109619,2.952660322189331
4324,2020-09-01 01:55:26.228681,4.9840206293939,5.32819128036499,2.952660322189331
4325,2020-09-01 01:55:27.133953,4.9840206293939,5.32819128036499,2.952660322189331
4326,2020-09-01 01:55:28.052839,4.9840206293939,5.32819128036499,2.952660322189331
4327,2020-09-01 01:55:28.925759,5.03803458876483,5.307361602783203,2.863781452178955
4328,2020-09-01 01:55:29.845459,5.03803458876483,5.307361602783203,2.863781452178955
4329,2020-09-01 01:55:30.671871,5.03803458876483,5.307361602783203,2.863781452178955
4330,2020-09-01 01:55:31.562549,5.03803458876483,5.307361602783203,2.7749037742614746
4331,2020-09-01 01:55:32.423712,5.09175518153187,5.286532402038574,2.7749037742614746
4332,2020-09-01 01:55:33.325759,5.09175518153187,5.286532402038574,2.7749037742614746
4333,2020-09-01 01:55:34.171093,5.09175518153187,5.286532402038574,2.7749037742614746
4334,2020-09-01 01:55:35.186835,5.11505865177826,5.265702724456787,2.826826333999634
4335,2020-09-01 01:55:36.071449,5.11505865177826,5.265702724456787,2.826826333999634
4336,2020-09-01 01:55:36.882654,5.11505865177826,5.265702724456787,2.826826333999634
4337,2020-09-01 01:55:37.779823,5.13817630419922,5.244873523712158,2.878711700439453
4338,2020-09-01 01:55:38.681999,5.13817630419922,5.244873523712158,2.878711700439453
4339,2020-09-01 01:55:39.561628,5.13817630419922,5.244873523712158,2.878711700439453
4340,2020-09-01 01:55:40.427539,5.16110888114029,5.224044322967529,2.9305596351623535
4341,2020-09-01 01:55:41.297613,5.16110888114029,5.224044322967529,2.9305596351623535
4342,2020-09-01 01:55:42.216197,5.16110888114029,5.224044322967529,2.9305596351623535
4343,2020-09-01 01:55:43.094293,5.18385712548036,5.203214645385742,2.982370138168335
4344,2020-09-01 01:55:43.917415,5.18385712548036,5.203214645385742,2.982370138168335
4345,2020-09-01 01:55:44.786999,5.18385712548036,5.203214645385742,2.982370138168335
4346,2020-09-01 01:55:45.667409,5.2064217807341,5.182385444641113,3.0341434478759766
4347,2020-09-01 01:55:46.570499,5.2064217807341,5.182385444641113,3.0341434478759766
4348,2020-09-01 01:55:47.401206,5.2064217807341,5.182385444641113,3.0341434478759766
4349,2020-09-01 01:55:48.233671,5.2064217807341,5.182385444641113,3.085878849029541
4350,2020-09-01 01:55:49.136778,5.22880359111851,5.161556243896484,3.085878849029541
4351,2020-09-01 01:55:50.023040,5.22880359111851,5.161556243896484,3.085878849029541
4352,2020-09-01 01:55:50.833940,5.22880359111851,5.161556243896484,3.085878849029541
4353,2020-09-01 01:55:51.734531,5.22880359111851,5.161556243896484,3.134308338165283
4354,2020-09-01 01:55:52.526580,5.25069328079613,5.138474464416504,3.134308338165283
4355,2020-09-01 01:55:53.412676,5.25069328079613,5.138474464416504,3.134308338165283
4356,2020-09-01 01:55:54.217808,5.25069328079613,5.138474464416504,3.1827027797698975
4357,2020-09-01 01:55:55.035097,5.27239959195512,5.115392684936523,3.1827027797698975
4358,2020-09-01 01:55:55.793653,5.27239959195512,5.115392684936523,3.1827027797698975
4359,2020-09-01 01:55:56.740880,5.27239959195512,5.115392684936523,3.1827027797698975
4360,2020-09-01 01:55:57.563070,5.29392327425236,5.092310905456543,3.231062650680542
4361,2020-09-01 01:55:58.522270,5.29392327425236,5.092310905456543,3.231062650680542
4362,2020-09-01 01:55:59.412015,5.29392327425236,5.092310905456543,3.231062650680542
4363,2020-09-01 01:56:00.257689,5.3152650781727,5.0692291259765625,3.2793874740600586
4364,2020-09-01 01:56:01.195692,5.3152650781727,5.0692291259765625,3.2793874740600586
4365,2020-09-01 01:56:02.113309,5.3152650781727,5.0692291259765625,3.2793874740600586
4366,2020-09-01 01:56:03.061578,5.3152650781727,5.0692291259765625,3.3276774883270264
4367,2020-09-01 01:56:03.881630,5.33642575507547,5.04614782333374,3.3276774883270264
4368,2020-09-01 01:56:04.834318,5.33642575507547,5.04614782333374,3.3276774883270264
4369,2020-09-01 01:56:05.598494,5.33642575507547,5.04614782333374,3.3276774883270264
4370,2020-09-01 01:56:06.501099,5.35740605723268,5.02306604385376,3.375932455062866
4371,2020-09-01 01:56:07.375446,5.35740605723268,5.02306604385376,3.375932455062866
4372,2020-09-01 01:56:08.271444,5.35740605723268,5.02306604385376,3.375932455062866
4373,2020-09-01 01:56:09.178416,5.37820673786054,5.02306604385376,3.424152374267578
4374,2020-09-01 01:56:09.995301,5.37820673786054,4.999984264373779,3.424152374267578
4375,2020-09-01 01:56:10.894207,5.37820673786054,4.999984264373779,3.424152374267578
4376,2020-09-01 01:56:11.810297,5.37820673786054,4.999984264373779,3.424152374267578
4377,2020-09-01 01:56:12.735197,5.39882855114547,4.976902484893799,3.472337007522583
4378,2020-09-01 01:56:13.567381,5.39882855114547,4.976902484893799,3.472337007522583
4379,2020-09-01 01:56:14.336082,5.39882855114547,4.976902484893799,3.472337007522583
4380,2020-09-01 01:56:15.296049,5.41927225226556,4.953820705413818,3.520486354827881
4381,2020-09-01 01:56:16.173476,5.41927225226556,4.953820705413818,3.520486354827881
4382,2020-09-01 01:56:17.086474,5.41927225226556,4.953820705413818,3.520486354827881
4383,2020-09-01 01:56:17.986434,5.41927225226556,4.953820705413818,3.5686004161834717
4384,2020-09-01 01:56:18.921787,5.43953859740813,4.930739402770996,3.5686004161834717
4385,2020-09-01 01:56:19.933888,5.43953859740813,4.930739402770996,3.5686004161834717
4386,2020-09-01 01:56:20.860264,5.43953859740813,4.930739402770996,3.6166791915893555
4387,2020-09-01 01:56:21.796769,5.45962834378402,4.907657623291016,3.6166791915893555
4388,2020-09-01 01:56:22.641091,5.45962834378402,4.907657623291016,3.6166791915893555
4389,2020-09-01 01:56:23.483482,5.45962834378402,4.907657623291016,3.664722442626953
4390,2020-09-01 01:56:24.475250,5.47954224963887,4.884575843811035,3.664722442626953
4391,2020-09-01 01:56:25.305129,5.47954224963887,4.884575843811035,3.664722442626953
4392,2020-09-01 01:56:26.097701,5.47954224963887,4.884575843811035,3.664722442626953
4393,2020-09-01 01:56:26.945404,5.4936818756639,4.855244159698486,3.6785271167755127
4394,2020-09-01 01:56:27.874207,5.4936818756639,4.855244159698486,3.6785271167755127
4395,2020-09-01 01:56:28.773450,5.4936818756639,4.855244159698486,3.6785271167755127
4396,2020-09-01 01:56:29.743143,5.50762399023701,4.8259124755859375,3.692326068878174
4397,2020-09-01 01:56:30.603280,5.50762399023701,4.8259124755859375,3.692326068878174
4398,2020-09-01 01:56:31.489053,5.50762399023701,4.8259124755859375,3.7061197757720947
4399,2020-09-01 01:56:32.332205,5.52136932218167,4.796580791473389,3.7061197757720947
4400,2020-09-01 01:56:33.207669,5.52136932218167,4.796580791473389,3.7061197757720947
4401,2020-09-01 01:56:34.067351,5.52136932218167,4.796580791473389,3.719907522201538
4402,2020-09-01 01:56:35.058030,5.53491860212506,4.76724910736084,3.719907522201538
4403,2020-09-01 01:56:35.952325,5.53491860212506,4.76724910736084,3.719907522201538
4404,2020-09-01 01:56:36.955474,5.53491860212506,4.76724910736084,3.7315869331359863
4405,2020-09-01 01:56:37.858108,5.49064372867237,4.737917423248291,3.7315869331359863
4406,2020-09-01 01:56:38.796126,5.49064372867237,4.737917423248291,3.7315869331359863
4407,2020-09-01 01:56:39.715417,5.44638706007412,4.708585739135742,3.743208169937134
4408,2020-09-01 01:56:40.634083,5.44638706007412,4.708585739135742,3.743208169937134
4409,2020-09-01 01:56:41.545120,5.44638706007412,4.708585739135742,3.743208169937134
4410,2020-09-01 01:56:42.418799,5.40214858313929,4.679254055023193,3.7547714710235596
4411,2020-09-01 01:56:43.323007,5.40214858313929,4.679254055023193,3.7547714710235596
4412,2020-09-01 01:56:44.242138,5.40214858313929,4.679254055023193,3.7547714710235596
4413,2020-09-01 01:56:45.167520,5.35792828466806,4.6499223709106445,3.7662768363952637
4414,2020-09-01 01:56:46.161799,5.35792828466806,4.6499223709106445,3.7662768363952637
4415,2020-09-01 01:56:47.034153,5.35792828466806,4.6499223709106445,3.7662768363952637
4416,2020-09-01 01:56:47.942132,5.34201551671019,4.639362812042236,3.770397901535034
4417,2020-09-01 01:56:48.885520,5.34201551671019,4.639362812042236,3.770397901535034
4418,2020-09-01 01:56:49.836420,5.31373033282762,4.620590686798096,3.7777109146118164
4419,2020-09-01 01:56:50.698474,5.31373033282762,4.620590686798096,3.7777109146118164
4420,2020-09-01 01:56:51.541930,5.31373033282762,4.620590686798096,3.7777109146118164
4421,2020-09-01 01:56:52.394947,5.26954634593626,4.591259002685547,3.7891006469726562
4422,2020-09-01 01:56:53.303302,5.26954634593626,4.591259002685547,3.7891006469726562
4423,2020-09-01 01:56:54.168968,5.26954634593626,4.591259002685547,3.7891006469726562
4424,2020-09-01 01:56:55.099391,5.22538049786024,4.56192684173584,3.8004324436187744
4425,2020-09-01 01:56:55.991211,5.22538049786024,4.56192684173584,3.8004324436187744
4426,2020-09-01 01:56:56.815416,5.22538049786024,4.56192684173584,3.8004324436187744
4427,2020-09-01 01:56:57.733875,5.18123277536453,4.532595157623291,3.811706304550171
4428,2020-09-01 01:56:58.610613,5.18123277536453,4.532595157623291,3.811706304550171
4429,2020-09-01 01:56:59.514091,5.18123277536453,4.532595157623291,3.811706304550171
4430,2020-09-01 01:57:00.465081,5.13693020818064,4.532595157623291,3.8136096000671387
4431,2020-09-01 01:57:01.325985,5.13693020818064,4.498614311218262,3.8136096000671387
4432,2020-09-01 01:57:02.238806,5.13693020818064,4.498614311218262,3.8136096000671387
4433,2020-09-01 01:57:03.118478,5.13693020818064,4.498614311218262,3.8154642581939697
4434,2020-09-01 01:57:03.969642,5.09264285817385,4.464633464813232,3.8154642581939697
4435,2020-09-01 01:57:04.833672,5.09264285817385,4.464633464813232,3.8154642581939697
4436,2020-09-01 01:57:05.756339,5.09264285817385,4.464633464813232,3.8154642581939697
4437,2020-09-01 01:57:06.609495,5.04837071264127,4.430652618408203,3.817270278930664
4438,2020-09-01 01:57:07.433445,5.04837071264127,4.430652618408203,3.817270278930664
4439,2020-09-01 01:57:08.328137,5.04837071264127,4.430652618408203,3.817270278930664
4440,2020-09-01 01:57:09.265022,5.0041137588764,4.396671295166016,3.81902813911438
4441,2020-09-01 01:57:10.089479,5.0041137588764,4.396671295166016,3.81902813911438
4442,2020-09-01 01:57:10.920225,5.0041137588764,4.396671295166016,3.81902813911438
4443,2020-09-01 01:57:11.818531,5.0041137588764,4.396671295166016,3.820737361907959
4444,2020-09-01 01:57:12.731112,4.95987198416913,4.362690448760986,3.820737361907959
4445,2020-09-01 01:57:13.552524,4.95987198416913,4.362690448760986,3.820737361907959
4446,2020-09-01 01:57:14.496194,4.95987198416913,4.362690448760986,3.8223984241485596
4447,2020-09-01 01:57:15.309155,4.91564537580578,4.328709602355957,3.8223984241485596
4448,2020-09-01 01:57:16.135487,4.91564537580578,4.328709602355957,3.8223984241485596
4449,2020-09-01 01:57:17.023246,4.91564537580578,4.328709602355957,3.8223984241485596
4450,2020-09-01 01:57:17.969713,4.87143392106917,4.2947282791137695,3.8240113258361816
4451,2020-09-01 01:57:18.841229,4.87143392106917,4.2947282791137695,3.8240113258361816
4452,2020-09-01 01:57:19.777065,4.87143392106917,4.2947282791137695,3.8240113258361816
4453,2020-09-01 01:57:20.644228,4.87143392106917,4.2947282791137695,3.8240113258361816
4454,2020-09-01 01:57:21.417334,4.82723760723862,4.26074743270874,3.825575828552246
4455,2020-09-01 01:57:22.277689,4.82723760723862,4.26074743270874,3.825575828552246
4456,2020-09-01 01:57:23.219231,4.78305642158998,4.226766586303711,3.827091932296753
4457,2020-09-01 01:57:24.157662,4.78305642158998,4.226766586303711,3.827091932296753
4458,2020-09-01 01:57:25.013798,4.78305642158998,4.226766586303711,3.827091932296753
4459,2020-09-01 01:57:26.010725,4.7388903513957,4.226766586303711,3.8285601139068604
4460,2020-09-01 01:57:26.887926,4.7388903513957,4.192785263061523,3.8285601139068604
4461,2020-09-01 01:57:27.755279,4.7388903513957,4.192785263061523,3.8285601139068604
4462,2020-09-01 01:57:28.657695,4.69473938392484,4.158804416656494,3.8299801349639893
4463,2020-09-01 01:57:29.493890,4.69473938392484,4.158804416656494,3.8299801349639893
4464,2020-09-01 01:57:30.380677,4.69473938392484,4.158804416656494,3.8299801349639893
4465,2020-09-01 01:57:31.277933,4.69473938392484,4.158804416656494,3.8313519954681396
4466,2020-09-01 01:57:32.152744,4.65060350644313,4.124823570251465,3.8313519954681396
4467,2020-09-01 01:57:33.010987,4.65060350644313,4.124823570251465,3.8313519954681396
4468,2020-09-01 01:57:33.955260,4.65060350644313,4.124823570251465,3.84025502204895
4469,2020-09-01 01:57:34.887197,4.60662002856523,4.091731548309326,3.84025502204895
4470,2020-09-01 01:57:35.782763,4.60662002856523,4.091731548309326,3.84025502204895
4471,2020-09-01 01:57:36.662537,4.60662002856523,4.091731548309326,3.84025502204895
4472,2020-09-01 01:57:37.488306,4.56265397725056,4.0586395263671875,3.84910249710083
4473,2020-09-01 01:57:38.434151,4.56265397725056,4.0586395263671875,3.84910249710083
4474,2020-09-01 01:57:39.305713,4.56265397725056,4.0586395263671875,3.84910249710083
4475,2020-09-01 01:57:40.160248,4.51870533921857,4.0586395263671875,3.8578946590423584
4476,2020-09-01 01:57:41.148036,4.51870533921857,4.025547981262207,3.8578946590423584
4477,2020-09-01 01:57:42.054548,4.51870533921857,4.025547981262207,3.8578946590423584
4478,2020-09-01 01:57:42.986172,4.47477410118108,3.9924559593200684,3.866631269454956
4479,2020-09-01 01:57:43.818171,4.47477410118108,3.9924559593200684,3.866631269454956
4480,2020-09-01 01:57:44.791414,4.47477410118108,3.9924559593200684,3.866631269454956
4481,2020-09-01 01:57:45.711009,4.4308602498423,3.9924559593200684,3.875312328338623
4482,2020-09-01 01:57:46.625025,4.4308602498423,3.959364175796509,3.875312328338623
4483,2020-09-01 01:57:47.573677,4.4308602498423,3.959364175796509,3.875312328338623
4484,2020-09-01 01:57:48.505022,4.38696377189883,3.92627215385437,3.8839380741119385
4485,2020-09-01 01:57:49.367550,4.38696377189883,3.92627215385437,3.8839380741119385
4486,2020-09-01 01:57:50.135824,4.38696377189883,3.92627215385437,3.8839380741119385
4487,2020-09-01 01:57:50.994137,4.34308465403976,3.8931803703308105,3.8925087451934814
4488,2020-09-01 01:57:51.889295,4.34308465403976,3.8931803703308105,3.8925087451934814
4489,2020-09-01 01:57:52.693280,4.34308465403976,3.8931803703308105,3.8925087451934814
4490,2020-09-01 01:57:53.551966,4.34308465403976,3.8931803703308105,3.9010238647460938
4491,2020-09-01 01:57:54.444120,4.29922288294655,3.860088348388672,3.9010238647460938
4492,2020-09-01 01:57:55.374133,4.29922288294655,3.860088348388672,3.9010238647460938
4493,2020-09-01 01:57:56.319381,4.29922288294655,3.860088348388672,3.9094839096069336
4494,2020-09-01 01:57:57.169456,4.25537844529319,3.8269965648651123,3.9094839096069336
4495,2020-09-01 01:57:58.069819,4.25537844529319,3.8269965648651123,3.9094839096069336
4496,2020-09-01 01:57:58.985123,4.25537844529319,3.8269965648651123,3.917888641357422
4497,2020-09-01 01:57:59.838589,4.21155132774612,3.7939045429229736,3.917888641357422
4498,2020-09-01 01:58:00.673873,4.21155132774612,3.7939045429229736,3.917888641357422
4499,2020-09-01 01:58:01.541991,4.21155132774612,3.7939045429229736,3.917888641357422
4500,2020-09-01 01:58:02.401618,4.1677415169643,3.760812759399414,3.9262380599975586
4501,2020-09-01 01:58:03.261941,4.1677415169643,3.760812759399414,3.9262380599975586
4502,2020-09-01 01:58:04.183189,4.1677415169643,3.760812759399414,3.9262380599975586
4503,2020-09-01 01:58:05.133924,4.12394899959918,3.760812759399414,3.934532642364502
4504,2020-09-01 01:58:05.950539,4.12394899959918,3.7277207374572754,3.934532642364502
4505,2020-09-01 01:58:06.862800,4.12394899959918,3.7277207374572754,3.934532642364502
4506,2020-09-01 01:58:07.719909,4.08028655735849,3.7277207374572754,3.9483394622802734
4507,2020-09-01 01:58:08.646490,4.08028655735849,3.694587230682373,3.9483394622802734
4508,2020-09-01 01:58:09.537086,4.08028655735849,3.694587230682373,3.9483394622802734
4509,2020-09-01 01:58:10.458026,4.08028655735849,3.694587230682373,3.962085723876953
4510,2020-09-01 01:58:11.343584,4.03664311976623,3.6614534854888916,3.962085723876953
4511,2020-09-01 01:58:12.142049,4.03664311976623,3.6614534854888916,3.962085723876953
4512,2020-09-01 01:58:13.021890,4.03664311976623,3.6614534854888916,3.962085723876953
4513,2020-09-01 01:58:13.943799,3.99301867328001,3.6283199787139893,3.975771427154541
4514,2020-09-01 01:58:14.977514,3.99301867328001,3.6283199787139893,3.975771427154541
4515,2020-09-01 01:58:15.876649,3.99301867328001,3.6283199787139893,3.975771427154541
4516,2020-09-01 01:58:16.726904,3.94941320434701,3.595186233520508,3.989396572113037
4517,2020-09-01 01:58:17.541240,3.94941320434701,3.595186233520508,3.989396572113037
4518,2020-09-01 01:58:18.411739,3.94941320434701,3.595186233520508,3.989396572113037
4519,2020-09-01 01:58:19.297038,3.90582669940405,3.5620524883270264,4.0029616355896
4520,2020-09-01 01:58:20.194254,3.90582669940405,3.5620524883270264,4.0029616355896
4521,2020-09-01 01:58:21.023121,3.90582669940405,3.5620524883270264,4.0029616355896
4522,2020-09-01 01:58:21.969929,3.90582669940405,3.5620524883270264,4.016465663909912
4523,2020-09-01 01:58:22.811661,3.86225914487751,3.528918981552124,4.016465663909912
4524,2020-09-01 01:58:23.683447,3.86225914487751,3.528918981552124,4.016465663909912
4525,2020-09-01 01:58:24.586985,3.86225914487751,3.528918981552124,4.016465663909912
4526,2020-09-01 01:58:25.459699,3.81871052718343,3.4957852363586426,4.029910087585449
4527,2020-09-01 01:58:26.377961,3.81871052718343,3.4957852363586426,4.029910087585449
4528,2020-09-01 01:58:27.285289,3.81871052718343,3.4957852363586426,4.029910087585449
4529,2020-09-01 01:58:28.270944,3.77518083272746,3.4957852363586426,4.043293476104736
4530,2020-09-01 01:58:29.242105,3.77518083272746,3.4626517295837402,4.043293476104736
4531,2020-09-01 01:58:30.088575,3.77518083272746,3.4626517295837402,4.043293476104736
4532,2020-09-01 01:58:30.998548,3.77518083272746,3.4626517295837402,4.056617259979248
4533,2020-09-01 01:58:31.886057,3.73167004790491,3.429517984390259,4.056617259979248
4534,2020-09-01 01:58:32.870873,3.73167004790491,3.429517984390259,4.056617259979248
4535,2020-09-01 01:58:33.721646,3.73167004790491,3.429517984390259,4.056617259979248
4536,2020-09-01 01:58:34.599086,3.73167004790491,3.429517984390259,4.069880485534668
4537,2020-09-01 01:58:35.546673,3.68817815910079,3.3963842391967773,4.069880485534668
4538,2020-09-01 01:58:36.368116,3.68817815910079,3.3963842391967773,4.069880485534668
4539,2020-09-01 01:58:37.272046,3.68817815910079,3.3963842391967773,4.083083629608154
4540,2020-09-01 01:58:38.122530,3.64470515268974,3.363250732421875,4.083083629608154
4541,2020-09-01 01:58:38.931267,3.64470515268974,3.363250732421875,4.083083629608154
4542,2020-09-01 01:58:39.780649,3.64470515268974,3.363250732421875,4.083083629608154
4543,2020-09-01 01:58:40.702772,3.60125101503614,3.3301169872283936,4.096226215362549
4544,2020-09-01 01:58:41.562576,3.60125101503614,3.3301169872283936,4.096226215362549
4545,2020-09-01 01:58:42.519919,3.60125101503614,3.3301169872283936,4.096226215362549
4546,2020-09-01 01:58:43.346942,3.60125101503614,3.3301169872283936,4.096226215362549
4547,2020-09-01 01:58:44.221423,3.55811051648055,3.297591209411621,4.12199068069458
4548,2020-09-01 01:58:45.102553,3.55811051648055,3.297591209411621,4.12199068069458
4549,2020-09-01 01:58:46.001040,3.55811051648055,3.297591209411621,4.12199068069458
4550,2020-09-01 01:58:46.828635,3.51499282605366,3.2650654315948486,4.147682189941406
4551,2020-09-01 01:58:47.770968,3.51499282605366,3.2650654315948486,4.147682189941406
4552,2020-09-01 01:58:48.682781,3.51499282605366,3.2650654315948486,4.147682189941406
4553,2020-09-01 01:58:49.580007,3.47189793037457,3.2325398921966553,4.173300743103027
4554,2020-09-01 01:58:50.473058,3.47189793037457,3.2325398921966553,4.173300743103027
4555,2020-09-01 01:58:51.287396,3.47189793037457,3.2325398921966553,4.173300743103027
4556,2020-09-01 01:58:52.189069,3.42882581604536,3.2325398921966553,4.19884729385376
4557,2020-09-01 01:58:53.030049,3.42882581604536,3.200014114379883,4.19884729385376
4558,2020-09-01 01:58:53.966600,3.42882581604536,3.200014114379883,4.19884729385376
4559,2020-09-01 01:58:54.954300,3.38577646965112,3.1674883365631104,4.224320888519287
4560,2020-09-01 01:58:55.862986,3.38577646965112,3.1674883365631104,4.224320888519287
4561,2020-09-01 01:58:56.782953,3.38577646965112,3.1674883365631104,4.224320888519287
4562,2020-09-01 01:58:57.693612,3.34274987775987,3.134962558746338,4.249722003936768
4563,2020-09-01 01:58:58.593708,3.34274987775987,3.134962558746338,4.249722003936768
4564,2020-09-01 01:58:59.423815,3.34274987775987,3.134962558746338,4.249722003936768
4565,2020-09-01 01:59:00.350149,3.29974602692263,3.134962558746338,4.275050640106201
4566,2020-09-01 01:59:01.207084,3.29974602692263,3.1024370193481445,4.275050640106201
4567,2020-09-01 01:59:02.056115,3.29974602692263,3.1024370193481445,4.275050640106201
4568,2020-09-01 01:59:02.932413,3.29974602692263,3.1024370193481445,4.300306797027588
4569,2020-09-01 01:59:03.766126,3.25676490367343,3.069911241531372,4.300306797027588
4570,2020-09-01 01:59:04.651436,3.25676490367343,3.069911241531372,4.300306797027588
4571,2020-09-01 01:59:05.568951,3.21380649452922,3.069911241531372,4.325490474700928
4572,2020-09-01 01:59:06.440800,3.21380649452922,3.0373854637145996,4.325490474700928
4573,2020-09-01 01:59:07.364098,3.21380649452922,3.0373854637145996,4.325490474700928
4574,2020-09-01 01:59:08.186724,3.17087078598999,3.0373854637145996,4.350602149963379
4575,2020-09-01 01:59:09.054219,3.17087078598999,3.004859685897827,4.350602149963379
4576,2020-09-01 01:59:10.047067,3.17087078598999,3.004859685897827,4.350602149963379
4577,2020-09-01 01:59:10.942803,3.17087078598999,3.004859685897827,4.375641345977783
4578,2020-09-01 01:59:11.860720,3.12795776453868,2.972334146499634,4.375641345977783
4579,2020-09-01 01:59:12.708276,3.12795776453868,2.972334146499634,4.375641345977783
4580,2020-09-01 01:59:13.636010,3.08506741664121,2.972334146499634,4.400608062744141
4581,2020-09-01 01:59:14.494728,3.08506741664121,2.9398083686828613,4.400608062744141
4582,2020-09-01 01:59:15.361845,3.08506741664121,2.9398083686828613,4.400608062744141
4583,2020-09-01 01:59:16.255889,3.08506741664121,2.9398083686828613,4.400608062744141
4584,2020-09-01 01:59:17.164607,3.04218530748051,2.9126040935516357,4.424930095672607
4585,2020-09-01 01:59:18.059834,3.04218530748051,2.9126040935516357,4.424930095672607
4586,2020-09-01 01:59:19.027640,3.04218530748051,2.9126040935516357,4.445898056030273
4587,2020-09-01 01:59:19.898239,2.97086072804231,2.952960252761841,4.445898056030273
4588,2020-09-01 01:59:20.701596,2.97086072804231,2.952960252761841,4.445898056030273
4589,2020-09-01 01:59:21.541189,2.97086072804231,2.952960252761841,4.445898056030273
4590,2020-09-01 01:59:22.394433,2.97086072804231,2.952960252761841,4.466770648956299
4591,2020-09-01 01:59:23.325769,2.89960096484094,2.993237018585205,4.466770648956299
4592,2020-09-01 01:59:24.194874,2.89960096484094,2.993237018585205,4.466770648956299
4593,2020-09-01 01:59:25.096129,2.89960096484094,2.993237018585205,4.487547397613525
4594,2020-09-01 01:59:25.984934,2.82840600076158,3.0334341526031494,4.487547397613525
4595,2020-09-01 01:59:26.877289,2.82840600076158,3.0334341526031494,4.487547397613525
4596,2020-09-01 01:59:27.798179,2.82840600076158,3.0334341526031494,4.487547397613525
4597,2020-09-01 01:59:28.698425,2.75727581866074,3.073551654815674,4.508228778839111
4598,2020-09-01 01:59:29.599979,2.75727581866074,3.073551654815674,4.508228778839111
4599,2020-09-01 01:59:30.493743,2.75727581866074,3.073551654815674,4.528814315795898
4600,2020-09-01 01:59:31.398019,2.68621040136642,3.1135895252227783,4.528814315795898
4601,2020-09-01 01:59:32.362758,2.68621040136642,3.1135895252227783,4.528814315795898
4602,2020-09-01 01:59:33.291045,2.68621040136642,3.1135895252227783,4.528814315795898
4603,2020-09-01 01:59:34.206277,2.61520973167805,3.153547525405884,4.549304008483887
4604,2020-09-01 01:59:35.118577,2.61520973167805,3.153547525405884,4.549304008483887
4605,2020-09-01 01:59:35.995453,2.61520973167805,3.153547525405884,4.549304008483887
4606,2020-09-01 01:59:36.934907,2.58468157838098,3.1962711811065674,4.43698787689209
4607,2020-09-01 01:59:37.703333,2.58468157838098,3.1962711811065674,4.43698787689209
4608,2020-09-01 01:59:38.584755,2.58468157838098,3.1962711811065674,4.43698787689209
4609,2020-09-01 01:59:39.562684,2.55417654794726,3.2389419078826904,4.324673175811768
4610,2020-09-01 01:59:40.469886,2.55417654794726,3.2389419078826904,4.324673175811768
4611,2020-09-01 01:59:41.498140,2.55417654794726,3.2389419078826904,4.324673175811768
4612,2020-09-01 01:59:42.326493,2.52369463728485,3.281559705734253,4.21235990524292
4613,2020-09-01 01:59:43.127083,2.52369463728485,3.281559705734253,4.21235990524292
4614,2020-09-01 01:59:44.038157,2.52369463728485,3.281559705734253,4.21235990524292
4615,2020-09-01 01:59:44.961940,2.49323584329663,3.324124336242676,4.100048065185547
4616,2020-09-01 01:59:45.739484,2.49323584329663,3.324124336242676,4.100048065185547
4617,2020-09-01 01:59:46.662174,2.49323584329663,3.324124336242676,4.100048065185547
4618,2020-09-01 01:59:47.581122,2.46280016288041,3.366636276245117,3.9877381324768066
4619,2020-09-01 01:59:48.443660,2.46280016288041,3.366636276245117,3.9877381324768066
4620,2020-09-01 01:59:49.322739,2.46280016288041,3.366636276245117,3.8901476860046387
4621,2020-09-01 01:59:50.141798,2.43239316940704,3.409123420715332,3.8901476860046387
4622,2020-09-01 01:59:51.086409,2.43239316940704,3.409123420715332,3.8901476860046387
4623,2020-09-01 01:59:51.988905,2.43239316940704,3.409123420715332,3.792558431625366
4624,2020-09-01 01:59:52.993072,2.40200928983874,3.4515576362609863,3.792558431625366
4625,2020-09-01 01:59:53.862606,2.40200928983874,3.4515576362609863,3.792558431625366
4626,2020-09-01 01:59:54.890280,2.40200928983874,3.4515576362609863,3.6949703693389893
4627,2020-09-01 01:59:55.765825,2.37164852106218,3.49393892288208,3.6949703693389893
4628,2020-09-01 01:59:56.697824,2.37164852106218,3.49393892288208,3.6949703693389893
4629,2020-09-01 01:59:57.655299,2.34131085995887,3.5362672805786133,3.5973832607269287
4630,2020-09-01 01:59:58.570273,2.34131085995887,3.5362672805786133,3.5973832607269287
4631,2020-09-01 01:59:59.421478,2.34131085995887,3.5362672805786133,3.5973832607269287
4632,2020-09-01 02:00:00.262962,2.31099630340515,3.5362672805786133,3.4997975826263428
4633,2020-09-01 02:00:01.148975,2.31099630340515,3.578542709350586,3.4997975826263428
4634,2020-09-01 02:00:02.018569,2.31099630340515,3.578542709350586,3.4997975826263428
4635,2020-09-01 02:00:02.866002,2.31099630340515,3.578542709350586,3.4997975826263428
4636,2020-09-01 02:00:03.809938,2.28070484827226,3.620765209197998,3.4022128582000732
4637,2020-09-01 02:00:04.693646,2.28070484827226,3.620765209197998,3.4022128582000732
4638,2020-09-01 02:00:05.606444,2.28070484827226,3.620765209197998,3.4022128582000732
4639,2020-09-01 02:00:06.474943,2.25043649142627,3.6629347801208496,3.3046295642852783
4640,2020-09-01 02:00:07.310981,2.25043649142627,3.6629347801208496,3.3046295642852783
4641,2020-09-01 02:00:08.143502,2.25043649142627,3.6629347801208496,3.3046295642852783
4642,2020-09-01 02:00:08.986627,2.22019122972804,3.7050514221191406,3.2070472240448
4643,2020-09-01 02:00:09.870472,2.22019122972804,3.7050514221191406,3.2070472240448
4644,2020-09-01 02:00:10.653977,2.22019122972804,3.7050514221191406,3.2070472240448
4645,2020-09-01 02:00:11.498047,2.22019122972804,3.7050514221191406,3.2070472240448
4646,2020-09-01 02:00:12.364808,2.18996906003331,3.74711537361145,3.109466314315796
4647,2020-09-01 02:00:13.221641,2.18996906003331,3.74711537361145,3.109466314315796
4648,2020-09-01 02:00:14.077909,2.18996906003331,3.74711537361145,3.0118863582611084
4649,2020-09-01 02:00:14.923085,2.15976997919256,3.78912615776062,3.0118863582611084
4650,2020-09-01 02:00:15.982149,2.15976997919256,3.78912615776062,3.0118863582611084
4651,2020-09-01 02:00:16.788028,2.15976997919256,3.78912615776062,2.9143078327178955
4652,2020-09-01 02:00:17.629118,2.12959398405111,3.8310842514038086,2.9143078327178955
4653,2020-09-01 02:00:18.431035,2.12959398405111,3.8310842514038086,2.9143078327178955
4654,2020-09-01 02:00:19.306480,2.12959398405111,3.8310842514038086,2.9143078327178955
4655,2020-09-01 02:00:20.203799,2.09944107144904,3.8729894161224365,2.816730260848999
4656,2020-09-01 02:00:21.032851,2.09944107144904,3.8729894161224365,2.816730260848999
4657,2020-09-01 02:00:21.904793,2.09944107144904,3.8729894161224365,2.816730260848999
4658,2020-09-01 02:00:22.762556,2.06935842354288,3.915081024169922,2.7184865474700928
4659,2020-09-01 02:00:23.703230,2.06935842354288,3.915081024169922,2.7184865474700928
4660,2020-09-01 02:00:24.629949,2.06935842354288,3.915081024169922,2.7184865474700928
4661,2020-09-01 02:00:25.589867,2.02725336005535,3.9384453296661377,2.7392706871032715
4662,2020-09-01 02:00:26.504081,2.02725336005535,3.9384453296661377,2.7392706871032715
4663,2020-09-01 02:00:27.274560,2.02725336005535,3.9384453296661377,2.7392706871032715
4664,2020-09-01 02:00:28.133118,1.99880784988814,3.9542200565338135,2.753293991088867
4665,2020-09-01 02:00:29.046183,1.99880784988814,3.9542200565338135,2.753293991088867
4666,2020-09-01 02:00:29.918402,1.99880784988814,3.9542200565338135,2.753293991088867
4667,2020-09-01 02:00:30.857697,1.99880784988814,3.9542200565338135,2.753293991088867
4668,2020-09-01 02:00:31.748271,1.99880784988814,3.9542200565338135,2.753293991088867
4669,2020-09-01 02:00:32.660323,1.99880784988814,3.9542200565338135,2.753293991088867
4670,2020-09-01 02:00:33.482276,1.99880784988814,3.9542200565338135,2.753293991088867
4671,2020-09-01 02:00:34.569778,1.99880784988814,3.9542200565338135,2.753293991088867
4672,2020-09-01 02:00:35.523232,1.99880784988814,3.9542200565338135,2.753293991088867
4673,2020-09-01 02:00:36.428928,1.99880784988814,3.9542200565338135,2.7880191802978516
4674,2020-09-01 02:00:37.382439,1.92830955869404,3.9932985305786133,2.7880191802978516
4675,2020-09-01 02:00:38.301913,1.92830955869404,3.9932985305786133,2.7880191802978516
4676,2020-09-01 02:00:39.183848,1.92830955869404,3.9932985305786133,2.8226358890533447
4677,2020-09-01 02:00:40.094647,1.85788013254245,4.032297134399414,2.8226358890533447
4678,2020-09-01 02:00:41.013071,1.85788013254245,4.032297134399414,2.8226358890533447
4679,2020-09-01 02:00:41.890618,1.85788013254245,4.032297134399414,2.8226358890533447
4680,2020-09-01 02:00:42.863041,1.78751955696139,4.071216106414795,2.857144355773926
4681,2020-09-01 02:00:43.794344,1.78751955696139,4.071216106414795,2.857144355773926
4682,2020-09-01 02:00:44.695133,1.78751955696139,4.071216106414795,2.857144355773926
4683,2020-09-01 02:00:45.515812,1.7172278174437,4.110054969787598,2.8915445804595947
4684,2020-09-01 02:00:46.375118,1.7172278174437,4.110054969787598,2.8915445804595947
4685,2020-09-01 02:00:47.407230,1.7172278174437,4.110054969787598,2.8915445804595947
4686,2020-09-01 02:00:48.455007,1.7172278174437,4.110054969787598,2.9258365631103516
4687,2020-09-01 02:00:49.437895,1.64700489944701,4.1488142013549805,2.9258365631103516
4688,2020-09-01 02:00:50.367400,1.64700489944701,4.1488142013549805,2.9258365631103516
4689,2020-09-01 02:00:51.315166,1.64700489944701,4.1488142013549805,2.9600205421447754
4690,2020-09-01 02:00:52.259367,1.57685078839376,4.187493324279785,2.9600205421447754
4691,2020-09-01 02:00:53.139934,1.57685078839376,4.187493324279785,2.9600205421447754
4692,2020-09-01 02:00:53.970424,1.57685078839376,4.187493324279785,2.9600205421447754
4693,2020-09-01 02:00:54.790444,1.50676546967112,4.22609281539917,2.994096279144287
4694,2020-09-01 02:00:55.729047,1.50676546967112,4.22609281539917,2.994096279144287
4695,2020-09-01 02:00:56.562175,1.50676546967112,4.22609281539917,2.994096279144287
4696,2020-09-01 02:00:57.482011,1.50676546967112,4.22609281539917,2.994096279144287
4697,2020-09-01 02:00:58.287717,1.43674892863108,4.264612197875977,3.028064012527466
4698,2020-09-01 02:00:59.157495,1.43674892863108,4.264612197875977,3.028064012527466
4699,2020-09-01 02:01:00.058684,1.43674892863108,4.264612197875977,3.0619239807128906
4700,2020-09-01 02:01:00.976112,1.36680115059035,4.303051471710205,3.0619239807128906
4701,2020-09-01 02:01:01.977639,1.36680115059035,4.303051471710205,3.0619239807128906
4702,2020-09-01 02:01:02.875640,1.29692212083042,4.341411113739014,3.0956757068634033
4703,2020-09-01 02:01:03.700914,1.29692212083042,4.341411113739014,3.0956757068634033
4704,2020-09-01 02:01:04.547924,1.29692212083042,4.341411113739014,3.0956757068634033
4705,2020-09-01 02:01:05.328425,1.29692212083042,4.341411113739014,3.0956757068634033
4706,2020-09-01 02:01:06.172151,1.22721379677451,4.381063461303711,3.1235179901123047
4707,2020-09-01 02:01:07.142029,1.22721379677451,4.381063461303711,3.1235179901123047
4708,2020-09-01 02:01:08.001181,1.22721379677451,4.381063461303711,3.1235179901123047
4709,2020-09-01 02:01:08.915096,1.15757268180897,4.420635223388672,3.151258945465088
4710,2020-09-01 02:01:09.830408,1.15757268180897,4.420635223388672,3.151258945465088
4711,2020-09-01 02:01:10.654993,1.15757268180897,4.420635223388672,3.151258945465088
4712,2020-09-01 02:01:11.582014,1.08799876049477,4.46012544631958,3.1788980960845947
4713,2020-09-01 02:01:12.469856,1.08799876049477,4.46012544631958,3.1788980960845947
4714,2020-09-01 02:01:13.357683,1.08799876049477,4.46012544631958,3.1788980960845947
4715,2020-09-01 02:01:14.257637,1.01849201736343,4.46012544631958,3.2064359188079834
4716,2020-09-01 02:01:15.107359,1.01849201736343,4.499535083770752,3.2064359188079834
4717,2020-09-01 02:01:16.005659,1.01849201736343,4.499535083770752,3.2064359188079834
4718,2020-09-01 02:01:16.900578,0.949052436917086,4.499535083770752,3.233872413635254
4719,2020-09-01 02:01:17.806265,0.949052436917086,4.538863658905029,3.233872413635254
4720,2020-09-01 02:01:18.667361,0.949052436917086,4.538863658905029,3.233872413635254
4721,2020-09-01 02:01:19.526901,0.949052436917086,4.538863658905029,3.2612075805664062
4722,2020-09-01 02:01:20.399009,0.879680003628522,4.578111171722412,3.2612075805664062
4723,2020-09-01 02:01:21.269586,0.879680003628522,4.578111171722412,3.2612075805664062
4724,2020-09-01 02:01:22.118242,0.879680003628522,4.578111171722412,3.2612075805664062
4725,2020-09-01 02:01:23.050917,0.810374701941242,4.6172776222229,3.2884416580200195
4726,2020-09-01 02:01:23.950172,0.810374701941242,4.6172776222229,3.2884416580200195
4727,2020-09-01 02:01:24.892500,0.810374701941242,4.6172776222229,3.2884416580200195
4728,2020-09-01 02:01:25.798229,0.774370845391914,4.63760232925415,3.3025505542755127
4729,2020-09-01 02:01:26.623830,0.774370845391914,4.63760232925415,3.3025505542755127
4730,2020-09-01 02:01:27.477360,0.774370845391914,4.63760232925415,3.3025505542755127
4731,2020-09-01 02:01:28.373185,0.741153259245991,4.65634298324585,3.31554913520813
4732,2020-09-01 02:01:29.253379,0.741153259245991,4.65634298324585,3.31554913520813
4733,2020-09-01 02:01:30.081871,0.741153259245991,4.65634298324585,3.31554913520813
4734,2020-09-01 02:01:30.966413,0.671982148054653,4.65634298324585,3.342580795288086
4735,2020-09-01 02:01:31.868208,0.671982148054653,4.695347309112549,3.342580795288086
4736,2020-09-01 02:01:32.698045,0.671982148054653,4.695347309112549,3.342580795288086
4737,2020-09-01 02:01:33.572280,0.671982148054653,4.695347309112549,3.369511604309082
4738,2020-09-01 02:01:34.419102,0.602878121626802,4.734271049499512,3.369511604309082
4739,2020-09-01 02:01:35.220598,0.602878121626802,4.734271049499512,3.369511604309082
4740,2020-09-01 02:01:36.110057,0.602878121626802,4.734271049499512,3.396341323852539
4741,2020-09-01 02:01:37.017869,0.533841164289157,4.773113250732422,3.396341323852539
4742,2020-09-01 02:01:37.848291,0.533841164289157,4.773113250732422,3.396341323852539
4743,2020-09-01 02:01:38.658449,0.533841164289157,4.773113250732422,3.423070192337036
4744,2020-09-01 02:01:39.524584,0.464871260339351,4.8118743896484375,3.423070192337036
4745,2020-09-01 02:01:40.389745,0.464871260339351,4.8118743896484375,3.423070192337036
4746,2020-09-01 02:01:41.269421,0.464871260339351,4.8118743896484375,3.423070192337036
4747,2020-09-01 02:01:42.134446,0.395806053010148,4.849118232727051,3.4536540508270264
4748,2020-09-01 02:01:43.122003,0.395806053010148,4.849118232727051,3.4536540508270264
4749,2020-09-01 02:01:44.072882,0.395806053010148,4.849118232727051,3.484133005142212
4750,2020-09-01 02:01:44.974360,0.326808830097335,4.886281490325928,3.484133005142212
4751,2020-09-01 02:01:45.858166,0.326808830097335,4.886281490325928,3.484133005142212
4752,2020-09-01 02:01:46.746040,0.326808830097335,4.886281490325928,3.484133005142212
4753,2020-09-01 02:01:47.593776,0.344108968181487,4.926836967468262,3.519418954849243
4754,2020-09-01 02:01:48.506498,0.344108968181487,4.926836967468262,3.519418954849243
4755,2020-09-01 02:01:49.398438,0.344108968181487,4.926836967468262,3.519418954849243
4756,2020-09-01 02:01:50.265043,0.361247171994194,4.967370986938477,3.5546796321868896
4757,2020-09-01 02:01:51.198770,0.361247171994194,4.967370986938477,3.5546796321868896
4758,2020-09-01 02:01:52.178403,0.361247171994194,4.967370986938477,3.5546796321868896
4759,2020-09-01 02:01:53.083370,0.378223969984802,5.007882595062256,3.5899150371551514
4760,2020-09-01 02:01:53.995468,0.378223969984802,5.007882595062256,3.5899150371551514
4761,2020-09-01 02:01:54.894741,0.378223969984802,5.007882595062256,3.5899150371551514
4762,2020-09-01 02:01:55.828046,0.395039891504851,5.048372745513916,3.62512469291687
4763,2020-09-01 02:01:56.672432,0.395039891504851,5.048372745513916,3.62512469291687
4764,2020-09-01 02:01:57.570534,0.395039891504851,5.048372745513916,3.62512469291687
4765,2020-09-01 02:01:58.428057,0.411695466805497,5.088840007781982,3.660308837890625
4766,2020-09-01 02:01:59.317729,0.411695466805497,5.088840007781982,3.660308837890625
4767,2020-09-01 02:02:00.203740,0.411695466805497,5.088840007781982,3.660308837890625
4768,2020-09-01 02:02:01.090366,0.428191227034915,5.12928581237793,3.695467233657837
4769,2020-09-01 02:02:01.969003,0.428191227034915,5.12928581237793,3.695467233657837
4770,2020-09-01 02:02:02.854426,0.428191227034915,5.12928581237793,3.695467233657837
4771,2020-09-01 02:02:03.683814,0.44452770423554,5.169709205627441,3.7305996417999268
4772,2020-09-01 02:02:04.601277,0.44452770423554,5.169709205627441,3.7305996417999268
4773,2020-09-01 02:02:05.509277,0.44452770423554,5.169709205627441,3.7305996417999268
4774,2020-09-01 02:02:06.248058,0.44452770423554,5.169709205627441,3.7305996417999268
4775,2020-09-01 02:02:07.121685,0.460705431341225,5.210109710693359,3.7657063007354736
4776,2020-09-01 02:02:07.958584,0.460705431341225,5.210109710693359,3.7657063007354736
4777,2020-09-01 02:02:08.811600,0.460705431341225,5.210109710693359,3.7657063007354736
4778,2020-09-01 02:02:09.729688,0.476724942174286,5.25048828125,3.8007869720458984
4779,2020-09-01 02:02:10.643185,0.476724942174286,5.25048828125,3.8007869720458984
4780,2020-09-01 02:02:11.513981,0.476724942174286,5.25048828125,3.8007869720458984
4781,2020-09-01 02:02:12.349401,0.492586771442447,5.290844440460205,3.835841655731201
4782,2020-09-01 02:02:13.203022,0.492586771442447,5.290844440460205,3.835841655731201
4783,2020-09-01 02:02:14.167768,0.492586771442447,5.290844440460205,3.835841655731201
4784,2020-09-01 02:02:15.123942,0.492586771442447,5.290844440460205,3.871713876724243
4785,2020-09-01 02:02:15.986630,0.508749604723135,5.331245422363281,3.871713876724243
4786,2020-09-01 02:02:16.905886,0.508749604723135,5.331245422363281,3.871713876724243
4787,2020-09-01 02:02:17.755185,0.508749604723135,5.331245422363281,3.871713876724243
4788,2020-09-01 02:02:18.679020,0.524755431555562,5.371623992919922,3.9075591564178467
4789,2020-09-01 02:02:19.535106,0.524755431555562,5.371623992919922,3.9075591564178467
4790,2020-09-01 02:02:20.392409,0.524755431555562,5.371623992919922,3.9075591564178467
4791,2020-09-01 02:02:21.305792,0.540604786337497,5.411980628967285,3.943377733230591
4792,2020-09-01 02:02:22.285774,0.540604786337497,5.411980628967285,3.943377733230591
4793,2020-09-01 02:02:23.227516,0.540604786337497,5.411980628967285,3.943377733230591
4794,2020-09-01 02:02:24.157704,0.579392383625532,5.385164260864258,3.980717897415161
4795,2020-09-01 02:02:25.121906,0.579392383625532,5.385164260864258,3.980717897415161
4796,2020-09-01 02:02:26.040824,0.579392383625532,5.385164260864258,4.018285274505615
4797,2020-09-01 02:02:26.977074,0.621198255577482,5.358348369598389,4.018285274505615
4798,2020-09-01 02:02:27.858785,0.621198255577482,5.358348369598389,4.018285274505615
4799,2020-09-01 02:02:28.707981,0.662788875153026,5.331532001495361,4.055840492248535
4800,2020-09-01 02:02:29.554671,0.662788875153026,5.331532001495361,4.055840492248535
4801,2020-09-01 02:02:30.525464,0.662788875153026,5.331532001495361,4.055840492248535
4802,2020-09-01 02:02:31.426827,0.704164734549622,5.304716110229492,4.0933837890625
4803,2020-09-01 02:02:32.366765,0.704164734549622,5.304716110229492,4.0933837890625
4804,2020-09-01 02:02:33.319867,0.704164734549622,5.304716110229492,4.0933837890625
4805,2020-09-01 02:02:34.186800,0.745326327378635,5.277900218963623,4.13091516494751
4806,2020-09-01 02:02:35.043020,0.745326327378635,5.277900218963623,4.13091516494751
4807,2020-09-01 02:02:35.989478,0.745326327378635,5.277900218963623,4.13091516494751
4808,2020-09-01 02:02:36.874379,0.745326327378635,5.277900218963623,4.168433666229248
4809,2020-09-01 02:02:37.835051,0.786274148670017,5.251083850860596,4.168433666229248
4810,2020-09-01 02:02:38.755092,0.786274148670017,5.251083850860596,4.168433666229248
4811,2020-09-01 02:02:39.650724,0.827008694876909,5.224267959594727,4.205939769744873
4812,2020-09-01 02:02:40.544584,0.827008694876909,5.224267959594727,4.205939769744873
4813,2020-09-01 02:02:41.458948,0.827008694876909,5.224267959594727,4.205939769744873
4814,2020-09-01 02:02:42.285753,0.827008694876909,5.224267959594727,4.243433952331543
4815,2020-09-01 02:02:43.185278,0.867530463880058,5.197452068328857,4.243433952331543
4816,2020-09-01 02:02:44.091343,0.867530463880058,5.197452068328857,4.243433952331543
4817,2020-09-01 02:02:44.952926,0.867530463880058,5.197452068328857,4.243433952331543
4818,2020-09-01 02:02:45.902348,0.907839954992156,5.17063570022583,4.280914783477783
4819,2020-09-01 02:02:46.766618,0.907839954992156,5.17063570022583,4.280914783477783
4820,2020-09-01 02:02:47.716182,0.907839954992156,5.17063570022583,4.280914783477783
4821,2020-09-01 02:02:48.532311,0.947339519310191,5.14273738861084,4.308752536773682
4822,2020-09-01 02:02:49.382823,0.947339519310191,5.14273738861084,4.308752536773682
4823,2020-09-01 02:02:50.253629,0.947339519310191,5.14273738861084,4.308752536773682
4824,2020-09-01 02:02:51.187805,0.98662470536911,5.11483907699585,4.3365864753723145
4825,2020-09-01 02:02:52.153176,0.98662470536911,5.11483907699585,4.3365864753723145
4826,2020-09-01 02:02:53.081605,0.98662470536911,5.11483907699585,4.3365864753723145
4827,2020-09-01 02:02:53.943062,1.02569602288877,5.086940288543701,4.364417552947998
4828,2020-09-01 02:02:54.846225,1.02569602288877,5.086940288543701,4.364417552947998
4829,2020-09-01 02:02:55.740482,1.02569602288877,5.086940288543701,4.364417552947998
4830,2020-09-01 02:02:56.721615,1.02569602288877,5.086940288543701,4.392245292663574
4831,2020-09-01 02:02:57.715908,1.06455398308348,5.059041976928711,4.392245292663574
4832,2020-09-01 02:02:58.571168,1.06455398308348,5.059041976928711,4.392245292663574
4833,2020-09-01 02:02:59.466042,1.10319909866665,5.031143665313721,4.420069217681885
4834,2020-09-01 02:03:00.282215,1.10319909866665,5.031143665313721,4.420069217681885
4835,2020-09-01 02:03:01.183550,1.10319909866665,5.031143665313721,4.420069217681885
4836,2020-09-01 02:03:02.135410,1.1416318838552,5.031143665313721,4.44788932800293
4837,2020-09-01 02:03:03.048849,1.1416318838552,5.003244876861572,4.44788932800293
4838,2020-09-01 02:03:03.913996,1.1416318838552,5.003244876861572,4.44788932800293
4839,2020-09-01 02:03:04.811434,1.1416318838552,5.003244876861572,4.475706100463867
4840,2020-09-01 02:03:05.679604,1.17985285437398,4.975346565246582,4.475706100463867
4841,2020-09-01 02:03:06.599760,1.17985285437398,4.975346565246582,4.475706100463867
4842,2020-09-01 02:03:07.491155,1.17985285437398,4.975346565246582,4.503518581390381
4843,2020-09-01 02:03:08.346220,1.21786252746003,4.947448253631592,4.503518581390381
4844,2020-09-01 02:03:09.181400,1.21786252746003,4.947448253631592,4.503518581390381
4845,2020-09-01 02:03:10.066590,1.21786252746003,4.947448253631592,4.503518581390381
4846,2020-09-01 02:03:10.995105,1.25566142186666,4.919549465179443,4.531326770782471
4847,2020-09-01 02:03:11.905468,1.25566142186666,4.919549465179443,4.531326770782471
4848,2020-09-01 02:03:12.813339,1.25566142186666,4.919549465179443,4.531326770782471
4849,2020-09-01 02:03:13.648259,1.29325005786738,4.919549465179443,4.559131145477295
4850,2020-09-01 02:03:14.561897,1.29325005786738,4.891651153564453,4.559131145477295
4851,2020-09-01 02:03:15.463008,1.29325005786738,4.891651153564453,4.559131145477295
4852,2020-09-01 02:03:16.410432,1.35865676229199,4.863752841949463,4.449321269989014
4853,2020-09-01 02:03:17.392514,1.35865676229199,4.863752841949463,4.449321269989014
4854,2020-09-01 02:03:18.274266,1.35865676229199,4.863752841949463,4.449321269989014
4855,2020-09-01 02:03:19.198540,1.42376616995702,4.8358540534973145,4.339512825012207
4856,2020-09-01 02:03:20.152467,1.42376616995702,4.8358540534973145,4.339512825012207
4857,2020-09-01 02:03:21.014253,1.42376616995702,4.8358540534973145,4.339512825012207
4858,2020-09-01 02:03:21.962612,1.48915847114347,4.8076252937316895,4.235740661621094
4859,2020-09-01 02:03:22.921953,1.48915847114347,4.8076252937316895,4.235740661621094
4860,2020-09-01 02:03:23.855057,1.48915847114347,4.8076252937316895,4.235740661621094
4861,2020-09-01 02:03:24.706594,1.55233532240351,4.779396057128906,4.131969451904297
4862,2020-09-01 02:03:25.667696,1.55233532240351,4.779396057128906,4.131969451904297
4863,2020-09-01 02:03:26.597115,1.55233532240351,4.779396057128906,4.131969451904297
4864,2020-09-01 02:03:27.455909,1.61520190358485,4.751166820526123,4.028199672698975
4865,2020-09-01 02:03:28.247976,1.61520190358485,4.751166820526123,4.028199672698975
4866,2020-09-01 02:03:29.061920,1.61520190358485,4.751166820526123,4.028199672698975
4867,2020-09-01 02:03:29.851733,1.67775868101113,4.722938060760498,3.924431562423706
4868,2020-09-01 02:03:30.724978,1.67775868101113,4.722938060760498,3.924431562423706
4869,2020-09-01 02:03:31.609631,1.67775868101113,4.722938060760498,3.924431562423706
4870,2020-09-01 02:03:32.503342,1.74000612167269,4.694708824157715,3.820664405822754
4871,2020-09-01 02:03:33.486215,1.74000612167269,4.694708824157715,3.820664405822754
4872,2020-09-01 02:03:34.363124,1.74000612167269,4.694708824157715,3.820664405822754
4873,2020-09-01 02:03:35.298639,1.80194469325319,4.66648006439209,3.7168986797332764
4874,2020-09-01 02:03:36.221609,1.80194469325319,4.66648006439209,3.7168986797332764
4875,2020-09-01 02:03:37.145435,1.80194469325319,4.66648006439209,3.7168986797332764
4876,2020-09-01 02:03:38.101659,1.85993508040748,4.638250827789307,3.6131343841552734
4877,2020-09-01 02:03:38.914057,1.85993508040748,4.638250827789307,3.6131343841552734
4878,2020-09-01 02:03:39.813246,1.85993508040748,4.638250827789307,3.6131343841552734
4879,2020-09-01 02:03:40.643547,1.91759980340238,4.638250827789307,3.509371519088745
4880,2020-09-01 02:03:41.499166,1.91759980340238,4.610021591186523,3.509371519088745
4881,2020-09-01 02:03:42.415771,1.91759980340238,4.610021591186523,3.4056098461151123
4882,2020-09-01 02:03:43.380351,1.97493927738608,4.581792831420898,3.4056098461151123
4883,2020-09-01 02:03:44.261227,1.97493927738608,4.581792831420898,3.4056098461151123
4884,2020-09-01 02:03:45.145749,2.03195391837971,4.581792831420898,3.301849365234375
4885,2020-09-01 02:03:45.993176,2.03195391837971,4.553563594818115,3.301849365234375
4886,2020-09-01 02:03:46.925126,2.03195391837971,4.553563594818115,3.301849365234375
4887,2020-09-01 02:03:47.679816,2.03195391837971,4.553563594818115,3.301849365234375
4888,2020-09-01 02:03:48.509741,2.08864414330549,4.52533483505249,3.1980905532836914
4889,2020-09-01 02:03:49.386677,2.08864414330549,4.52533483505249,3.1980905532836914
4890,2020-09-01 02:03:50.314336,2.08864414330549,4.52533483505249,3.1980905532836914
4891,2020-09-01 02:03:51.193016,2.14501037001203,4.497105598449707,3.0943329334259033
4892,2020-09-01 02:03:52.054550,2.14501037001203,4.497105598449707,3.0943329334259033
4893,2020-09-01 02:03:52.968899,2.14501037001203,4.497105598449707,3.0943329334259033
4894,2020-09-01 02:03:53.969961,2.20027894615203,4.4694647789001465,2.9861514568328857
4895,2020-09-01 02:03:54.822708,2.20027894615203,4.4694647789001465,2.9861514568328857
4896,2020-09-01 02:03:55.665736,2.20027894615203,4.4694647789001465,2.9861514568328857
4897,2020-09-01 02:03:56.578808,2.20027894615203,4.4694647789001465,2.877971649169922
4898,2020-09-01 02:03:57.477676,2.25522191579408,4.441823482513428,2.877971649169922
4899,2020-09-01 02:03:58.524068,2.25522191579408,4.441823482513428,2.877971649169922
4900,2020-09-01 02:03:59.511062,2.25522191579408,4.441823482513428,2.7697930335998535
4901,2020-09-01 02:04:00.435298,2.30983969611736,4.414182662963867,2.7697930335998535
4902,2020-09-01 02:04:01.377211,2.30983969611736,4.414182662963867,2.7697930335998535
4903,2020-09-01 02:04:02.312317,2.33315651466027,4.386541843414307,2.8012421131134033
4904,2020-09-01 02:04:03.220559,2.33315651466027,4.386541843414307,2.8012421131134033
4905,2020-09-01 02:04:04.154707,2.33315651466027,4.386541843414307,2.8012421131134033
4906,2020-09-01 02:04:05.030044,2.33315651466027,4.386541843414307,2.8012421131134033
4907,2020-09-01 02:04:05.974245,2.35624413164541,4.358900547027588,2.832671880722046
4908,2020-09-01 02:04:06.974720,2.35624413164541,4.358900547027588,2.832671880722046
4909,2020-09-01 02:04:07.915435,2.35624413164541,4.358900547027588,2.832671880722046
4910,2020-09-01 02:04:08.795396,2.37910313668718,4.331259727478027,2.8640828132629395
4911,2020-09-01 02:04:09.682612,2.37910313668718,4.331259727478027,2.8640828132629395
4912,2020-09-01 02:04:10.647992,2.37910313668718,4.331259727478027,2.8954741954803467
4913,2020-09-01 02:04:11.611302,2.40173412068542,4.303618907928467,2.8954741954803467
4914,2020-09-01 02:04:12.539803,2.40173412068542,4.303618907928467,2.8954741954803467
4915,2020-09-01 02:04:13.434466,2.40173412068542,4.303618907928467,2.926846504211426
4916,2020-09-01 02:04:14.270119,2.42413767578138,4.275977611541748,2.926846504211426
4917,2020-09-01 02:04:15.184760,2.42413767578138,4.275977611541748,2.926846504211426
4918,2020-09-01 02:04:16.069256,2.42413767578138,4.275977611541748,2.926846504211426
4919,2020-09-01 02:04:16.992387,2.44631439529802,4.2483367919921875,2.9581990242004395
4920,2020-09-01 02:04:17.869260,2.44631439529802,4.2483367919921875,2.9581990242004395
4921,2020-09-01 02:04:18.808526,2.44631439529802,4.2483367919921875,2.989532232284546
4922,2020-09-01 02:04:19.666945,2.46826487365945,4.220695972442627,2.989532232284546
4923,2020-09-01 02:04:20.584707,2.46826487365945,4.220695972442627,2.989532232284546
4924,2020-09-01 02:04:21.420816,2.46826487365945,4.220695972442627,2.989532232284546
4925,2020-09-01 02:04:22.357264,2.48998970628162,4.193055152893066,3.020845651626587
4926,2020-09-01 02:04:23.265320,2.48998970628162,4.193055152893066,3.020845651626587
4927,2020-09-01 02:04:24.092967,2.48998970628162,4.193055152893066,3.020845651626587
4928,2020-09-01 02:04:25.047350,2.51148948942109,4.165413856506348,3.0521392822265625
4929,2020-09-01 02:04:25.940198,2.51148948942109,4.165413856506348,3.0521392822265625
4930,2020-09-01 02:04:26.815531,2.51148948942109,4.165413856506348,3.0521392822265625
4931,2020-09-01 02:04:27.674128,2.5327987335975,4.1412835121154785,3.09118390083313
4932,2020-09-01 02:04:28.595422,2.5327987335975,4.1412835121154785,3.09118390083313
4933,2020-09-01 02:04:29.495460,2.5327987335975,4.1412835121154785,3.09118390083313
4934,2020-09-01 02:04:30.414226,2.55388556601231,4.1412835121154785,3.1302006244659424
4935,2020-09-01 02:04:31.276996,2.55388556601231,4.117153167724609,3.1302006244659424
4936,2020-09-01 02:04:32.187080,2.55388556601231,4.117153167724609,3.1302006244659424
4937,2020-09-01 02:04:33.021917,2.55388556601231,4.117153167724609,3.1302006244659424
4938,2020-09-01 02:04:33.871769,2.57475058008279,4.09302282333374,3.169189214706421
4939,2020-09-01 02:04:34.714781,2.57475058008279,4.09302282333374,3.169189214706421
4940,2020-09-01 02:04:35.546620,2.57475058008279,4.09302282333374,3.169189214706421
4941,2020-09-01 02:04:36.456807,2.59539436931696,4.068892002105713,3.2081496715545654
4942,2020-09-01 02:04:37.383909,2.59539436931696,4.068892002105713,3.2081496715545654
4943,2020-09-01 02:04:38.294427,2.59539436931696,4.068892002105713,3.2081496715545654
4944,2020-09-01 02:04:39.179803,2.61581752613954,4.044761657714844,3.2470815181732178
4945,2020-09-01 02:04:39.905781,2.61581752613954,4.044761657714844,3.2470815181732178
4946,2020-09-01 02:04:40.700511,2.61581752613954,4.044761657714844,3.2470815181732178
4947,2020-09-01 02:04:41.578294,2.61581752613954,4.044761657714844,3.27561092376709
4948,2020-09-01 02:04:42.457263,2.63063314519727,4.027066230773926,3.27561092376709
4949,2020-09-01 02:04:43.395708,2.63063314519727,4.027066230773926,3.27561092376709
4950,2020-09-01 02:04:44.331015,2.63063314519727,4.027066230773926,3.27561092376709
4951,2020-09-01 02:04:45.168052,2.63601890835588,4.020631313323975,3.2859811782836914
4952,2020-09-01 02:04:46.006914,2.63601890835588,4.020631313323975,3.2859811782836914
4953,2020-09-01 02:04:46.802272,2.63601890835588,4.020631313323975,3.2859811782836914
4954,2020-09-01 02:04:47.710329,2.6561576020684,3.9965007305145264,3.324862480163574
4955,2020-09-01 02:04:48.604256,2.6561576020684,3.9965007305145264,3.324862480163574
4956,2020-09-01 02:04:49.516967,2.6561576020684,3.9965007305145264,3.324862480163574
4957,2020-09-01 02:04:50.393930,2.67607898479847,3.9723703861236572,3.363715171813965
4958,2020-09-01 02:04:51.295934,2.67607898479847,3.9723703861236572,3.363715171813965
4959,2020-09-01 02:04:52.140003,2.67607898479847,3.9723703861236572,3.363715171813965
4960,2020-09-01 02:04:53.054024,2.6957838077045,3.9723703861236572,3.4025392532348633
4961,2020-09-01 02:04:53.956874,2.6957838077045,3.948239803314209,3.4025392532348633
4962,2020-09-01 02:04:54.783214,2.6957838077045,3.948239803314209,3.4025392532348633
4963,2020-09-01 02:04:55.666231,2.71527281696673,3.92410945892334,3.4413347244262695
4964,2020-09-01 02:04:56.587497,2.71527281696673,3.92410945892334,3.4413347244262695
4965,2020-09-01 02:04:57.492215,2.71527281696673,3.92410945892334,3.4413347244262695
4966,2020-09-01 02:04:58.428747,2.73454675698083,3.92410945892334,3.4801015853881836
4967,2020-09-01 02:04:59.339985,2.73454675698083,3.8999791145324707,3.4801015853881836
4968,2020-09-01 02:05:00.297317,2.73454675698083,3.8999791145324707,3.4801015853881836
4969,2020-09-01 02:05:01.221834,2.7536063715783,3.8999791145324707,3.5188393592834473
4970,2020-09-01 02:05:02.135413,2.7536063715783,3.8758485317230225,3.5188393592834473
4971,2020-09-01 02:05:02.983036,2.7536063715783,3.8758485317230225,3.5188393592834473
4972,2020-09-01 02:05:03.809729,2.77456750004792,3.8521482944488525,3.562239408493042
4973,2020-09-01 02:05:04.702928,2.77456750004792,3.8521482944488525,3.562239408493042
4974,2020-09-01 02:05:05.601064,2.77456750004792,3.8521482944488525,3.562239408493042
4975,2020-09-01 02:05:06.523741,2.79532191367515,3.8284480571746826,3.605607271194458
4976,2020-09-01 02:05:07.432281,2.79532191367515,3.8284480571746826,3.605607271194458
4977,2020-09-01 02:05:08.409711,2.79532191367515,3.8284480571746826,3.648942708969116
4978,2020-09-01 02:05:09.289572,2.81587034408639,3.8047478199005127,3.648942708969116
4979,2020-09-01 02:05:10.208653,2.81587034408639,3.8047478199005127,3.648942708969116
4980,2020-09-01 02:05:11.117697,2.81587034408639,3.8047478199005127,3.6922457218170166
4981,2020-09-01 02:05:12.055774,2.83621352464441,3.7810475826263428,3.6922457218170166
4982,2020-09-01 02:05:13.007501,2.83621352464441,3.7810475826263428,3.6922457218170166
4983,2020-09-01 02:05:13.833095,2.85635219047103,3.757347345352173,3.735516309738159
4984,2020-09-01 02:05:14.692839,2.85635219047103,3.757347345352173,3.735516309738159
4985,2020-09-01 02:05:15.510893,2.85635219047103,3.757347345352173,3.735516309738159
4986,2020-09-01 02:05:16.477859,2.87628707846783,3.733647108078003,3.778754234313965
4987,2020-09-01 02:05:17.404754,2.87628707846783,3.733647108078003,3.778754234313965
4988,2020-09-01 02:05:18.356991,2.87628707846783,3.733647108078003,3.8219594955444336
4989,2020-09-01 02:05:19.154817,2.89601892733481,3.709946870803833,3.8219594955444336
4990,2020-09-01 02:05:20.148007,2.89601892733481,3.709946870803833,3.8219594955444336
4991,2020-09-01 02:05:21.294092,2.91554847758751,3.686246633529663,3.8651318550109863
4992,2020-09-01 02:05:22.168032,2.91554847758751,3.686246633529663,3.8651318550109863
4993,2020-09-01 02:05:23.038738,2.91554847758751,3.686246633529663,3.8651318550109863
4994,2020-09-01 02:05:23.938598,2.93487647157244,3.662546396255493,3.908271551132202
4995,2020-09-01 02:05:24.825686,2.93487647157244,3.662546396255493,3.908271551132202
4996,2020-09-01 02:05:25.825692,2.93487647157244,3.662546396255493,3.908271551132202
4997,2020-09-01 02:05:26.711212,2.93487647157244,3.662546396255493,3.908271551132202
4998,2020-09-01 02:05:27.587436,2.95400365348117,3.6388461589813232,3.951378107070923
4999,2020-09-01 02:05:28.513991,2.95400365348117,3.6388461589813232,3.951378107070923
5000,2020-09-01 02:05:29.410824,2.95400365348117,3.6388461589813232,3.951378107070923
5001,2020-09-01 02:05:30.361245,2.97293076936315,3.6151459217071533,3.9944517612457275
5002,2020-09-01 02:05:31.244450,2.97293076936315,3.6151459217071533,3.9944517612457275
5003,2020-09-01 02:05:32.073919,2.97293076936315,3.6151459217071533,3.9944517612457275
5004,2020-09-01 02:05:32.932729,2.97293076936315,3.6151459217071533,4.037492275238037
5005,2020-09-01 02:05:33.844283,2.99165856713722,3.5914456844329834,4.037492275238037
5006,2020-09-01 02:05:34.698912,2.99165856713722,3.5914456844329834,4.037492275238037
5007,2020-09-01 02:05:35.667369,2.99165856713722,3.5914456844329834,4.037492275238037
5008,2020-09-01 02:05:36.603615,3.01127256191785,3.5717639923095703,4.086486339569092
5009,2020-09-01 02:05:37.530858,3.01127256191785,3.5717639923095703,4.086486339569092
5010,2020-09-01 02:05:38.470161,3.01127256191785,3.5717639923095703,4.086486339569092
5011,2020-09-01 02:05:39.424870,3.03069244689246,3.5520825386047363,4.135441303253174
5012,2020-09-01 02:05:40.355593,3.03069244689246,3.5520825386047363,4.135441303253174
5013,2020-09-01 02:05:41.256428,3.03069244689246,3.5520825386047363,4.135441303253174
5014,2020-09-01 02:05:42.201762,3.03069244689246,3.5520825386047363,4.1843581199646
5015,2020-09-01 02:05:43.005405,3.0499189689281,3.5324008464813232,4.1843581199646
5016,2020-09-01 02:05:43.883166,3.0499189689281,3.5324008464813232,4.1843581199646
5017,2020-09-01 02:05:44.798259,3.0499189689281,3.5324008464813232,4.1843581199646
5018,2020-09-01 02:05:45.787971,3.0499189689281,3.5324008464813232,4.1843581199646
5019,2020-09-01 02:05:46.643307,3.05448710679228,3.527677297592163,4.196088790893555
5020,2020-09-01 02:05:47.574808,3.05448710679228,3.527677297592163,4.196088790893555
5021,2020-09-01 02:05:48.468042,3.05448710679228,3.527677297592163,4.196088790893555
5022,2020-09-01 02:05:49.327962,3.07143660189192,3.5127193927764893,4.233333587646484
5023,2020-09-01 02:05:50.187033,3.07143660189192,3.5127193927764893,4.233333587646484
5024,2020-09-01 02:05:51.106267,3.07143660189192,3.5127193927764893,4.233333587646484
5025,2020-09-01 02:05:52.013632,3.07143660189192,3.5127193927764893,4.233333587646484
5026,2020-09-01 02:05:52.830541,3.09360562776826,3.493037700653076,4.282312393188477
5027,2020-09-01 02:05:53.757659,3.09360562776826,3.493037700653076,4.282312393188477
5028,2020-09-01 02:05:54.596667,3.09360562776826,3.493037700653076,4.3312554359436035
5029,2020-09-01 02:05:55.446976,3.11560021570162,3.473356008529663,4.3312554359436035
5030,2020-09-01 02:05:56.240435,3.11560021570162,3.473356008529663,4.3312554359436035
5031,2020-09-01 02:05:57.077901,3.11560021570162,3.473356008529663,4.3312554359436035
5032,2020-09-01 02:05:58.066086,3.13742110958249,3.453674554824829,4.380162239074707
5033,2020-09-01 02:05:58.990797,3.13742110958249,3.453674554824829,4.380162239074707
5034,2020-09-01 02:05:59.917113,3.13742110958249,3.453674554824829,4.380162239074707
5035,2020-09-01 02:06:00.797077,3.13742110958249,3.453674554824829,4.429033279418945
5036,2020-09-01 02:06:01.666998,3.15906905413318,3.433992862701416,4.429033279418945
5037,2020-09-01 02:06:02.534462,3.15906905413318,3.433992862701416,4.429033279418945
5038,2020-09-01 02:06:03.494760,3.15906905413318,3.433992862701416,4.477867603302002
5039,2020-09-01 02:06:04.381659,3.18054479484262,3.414311408996582,4.477867603302002
5040,2020-09-01 02:06:05.280047,3.18054479484262,3.414311408996582,4.477867603302002
5041,2020-09-01 02:06:06.170761,3.18054479484262,3.414311408996582,4.477867603302002
5042,2020-09-01 02:06:07.070330,3.20184907788449,3.394629716873169,4.526666164398193
5043,2020-09-01 02:06:07.960090,3.20184907788449,3.394629716873169,4.526666164398193
5044,2020-09-01 02:06:08.856296,3.20184907788449,3.394629716873169,4.526666164398193
5045,2020-09-01 02:06:09.787622,3.22298265001162,3.374948263168335,4.575428009033203
5046,2020-09-01 02:06:10.660798,3.22298265001162,3.374948263168335,4.575428009033203
5047,2020-09-01 02:06:11.505881,3.22298265001162,3.374948263168335,4.575428009033203
5048,2020-09-01 02:06:12.462029,3.24394625841471,3.355266571044922,4.624154090881348
5049,2020-09-01 02:06:13.293821,3.24394625841471,3.355266571044922,4.624154090881348
5050,2020-09-01 02:06:14.125277,3.24394625841471,3.355266571044922,4.624154090881348
5051,2020-09-01 02:06:15.001825,3.24394625841471,3.355266571044922,4.531980514526367
5052,2020-09-01 02:06:15.826278,3.29246239298573,3.331234931945801,4.531980514526367
5053,2020-09-01 02:06:16.753735,3.29246239298573,3.331234931945801,4.531980514526367
5054,2020-09-01 02:06:17.765215,3.29246239298573,3.331234931945801,4.531980514526367
5055,2020-09-01 02:06:18.575364,3.34068831972918,3.3072032928466797,4.439808368682861
5056,2020-09-01 02:06:19.396493,3.34068831972918,3.3072032928466797,4.439808368682861
5057,2020-09-01 02:06:20.367292,3.38862472737135,3.3072032928466797,4.34763765335083
5058,2020-09-01 02:06:21.223309,3.38862472737135,3.2831716537475586,4.34763765335083
5059,2020-09-01 02:06:22.092301,3.38862472737135,3.2831716537475586,4.34763765335083
5060,2020-09-01 02:06:22.998116,3.43627230673212,3.2831716537475586,4.255467414855957
5061,2020-09-01 02:06:23.773199,3.43627230673212,3.2591400146484375,4.255467414855957
5062,2020-09-01 02:06:24.655459,3.43627230673212,3.2591400146484375,4.255467414855957
5063,2020-09-01 02:06:25.558642,3.48363175080134,3.2351083755493164,4.163298606872559
5064,2020-09-01 02:06:26.474093,3.48363175080134,3.2351083755493164,4.163298606872559
5065,2020-09-01 02:06:27.346686,3.48363175080134,3.2351083755493164,4.163298606872559
5066,2020-09-01 02:06:28.240994,3.53070375480941,3.2110767364501953,4.071130752563477
5067,2020-09-01 02:06:29.138621,3.53070375480941,3.2110767364501953,4.071130752563477
5068,2020-09-01 02:06:29.989652,3.53070375480941,3.2110767364501953,4.071130752563477
5069,2020-09-01 02:06:30.884386,3.57748901629323,3.187045097351074,3.978963851928711
5070,2020-09-01 02:06:31.828967,3.57748901629323,3.187045097351074,3.978963851928711
5071,2020-09-01 02:06:32.723464,3.57748901629323,3.187045097351074,3.978963851928711
5072,2020-09-01 02:06:33.661819,3.623988235158,3.163013219833374,3.8867979049682617
5073,2020-09-01 02:06:34.551846,3.623988235158,3.163013219833374,3.8867979049682617
5074,2020-09-01 02:06:35.371588,3.623988235158,3.163013219833374,3.8867979049682617
5075,2020-09-01 02:06:36.209478,3.67020211373577,3.138981580734253,3.794633150100708
5076,2020-09-01 02:06:37.133400,3.67020211373577,3.138981580734253,3.794633150100708
5077,2020-09-01 02:06:38.069645,3.67020211373577,3.138981580734253,3.794633150100708
5078,2020-09-01 02:06:38.989853,3.71613135684107,3.114949941635132,3.7024691104888916
5079,2020-09-01 02:06:39.863304,3.71613135684107,3.114949941635132,3.7024691104888916
5080,2020-09-01 02:06:40.706895,3.71613135684107,3.114949941635132,3.7024691104888916
5081,2020-09-01 02:06:41.562606,3.76177667182405,3.0909183025360107,3.61030650138855
5082,2020-09-01 02:06:42.391064,3.76177667182405,3.0909183025360107,3.61030650138855
5083,2020-09-01 02:06:43.201610,3.76177667182405,3.0909183025360107,3.61030650138855
5084,2020-09-01 02:06:44.043597,3.76177667182405,3.0909183025360107,3.61030650138855
5085,2020-09-01 02:06:44.881822,3.79277410463557,3.0744967460632324,3.5473291873931885
5086,2020-09-01 02:06:45.836960,3.79277410463557,3.0744967460632324,3.5473291873931885
5087,2020-09-01 02:06:46.748369,3.79277410463557,3.0744967460632324,3.5473291873931885
5088,2020-09-01 02:06:47.599876,3.79277410463557,3.0744967460632324,3.5181448459625244
5089,2020-09-01 02:06:48.453808,3.80745877937764,3.0668866634368896,3.5181448459625244
5090,2020-09-01 02:06:49.256721,3.80745877937764,3.0668866634368896,3.5181448459625244
5091,2020-09-01 02:06:50.169937,3.80745877937764,3.0668866634368896,3.5181448459625244
5092,2020-09-01 02:06:51.133406,3.80745877937764,3.0668866634368896,3.5181448459625244
5093,2020-09-01 02:06:52.027005,3.80745877937764,3.0668866634368896,3.5181448459625244
5094,2020-09-01 02:06:52.929000,3.80745877937764,3.0668866634368896,3.5181448459625244
5095,2020-09-01 02:06:53.781919,3.80745877937764,3.0668866634368896,3.5181448459625244
5096,2020-09-01 02:06:54.698142,3.854121269629,3.0668866634368896,3.439131498336792
5097,2020-09-01 02:06:55.611439,3.854121269629,3.0458853244781494,3.439131498336792
5098,2020-09-01 02:06:56.478682,3.854121269629,3.0458853244781494,3.439131498336792
5099,2020-09-01 02:06:57.324878,3.854121269629,3.0458853244781494,3.439131498336792
5100,2020-09-01 02:06:58.182060,3.90092194258669,3.02488374710083,3.360119104385376
5101,2020-09-01 02:06:59.079907,3.90092194258669,3.02488374710083,3.360119104385376
5102,2020-09-01 02:06:59.982864,3.94750367318365,3.02488374710083,3.2811074256896973
5103,2020-09-01 02:07:00.830916,3.94750367318365,3.00388240814209,3.2811074256896973
5104,2020-09-01 02:07:01.754832,3.94750367318365,3.00388240814209,3.2811074256896973
5105,2020-09-01 02:07:02.619591,3.99275306874904,3.00388240814209,3.202096700668335
5106,2020-09-01 02:07:03.413676,3.99275306874904,2.9828810691833496,3.202096700668335
5107,2020-09-01 02:07:04.223111,3.99275306874904,2.9828810691833496,3.202096700668335
5108,2020-09-01 02:07:05.098650,3.99275306874904,2.9828810691833496,3.202096700668335
5109,2020-09-01 02:07:05.973478,4.03773016072745,2.9618794918060303,3.12308669090271
5110,2020-09-01 02:07:06.867934,4.03773016072745,2.9618794918060303,3.12308669090271
5111,2020-09-01 02:07:07.778399,4.03773016072745,2.9618794918060303,3.12308669090271
5112,2020-09-01 02:07:08.600722,4.08243567506011,2.94087815284729,3.0440773963928223
5113,2020-09-01 02:07:09.433469,4.08243567506011,2.94087815284729,3.0440773963928223
5114,2020-09-01 02:07:10.238264,4.08243567506011,2.94087815284729,3.0440773963928223
5115,2020-09-01 02:07:11.141621,4.10632907559163,2.9900474548339844,2.965068817138672
5116,2020-09-01 02:07:11.918603,4.10632907559163,2.9900474548339844,2.965068817138672
5117,2020-09-01 02:07:12.768557,4.10632907559163,2.9900474548339844,2.965068817138672
5118,2020-09-01 02:07:13.742266,4.10632907559163,2.9900474548339844,2.965068817138672
5119,2020-09-01 02:07:14.646112,4.13003464684957,3.0391931533813477,2.886060953140259
5120,2020-09-01 02:07:15.592268,4.13003464684957,3.0391931533813477,2.886060953140259
5121,2020-09-01 02:07:16.513571,4.13003464684957,3.0391931533813477,2.886060953140259
5122,2020-09-01 02:07:17.414444,4.15355326113917,3.08831524848938,2.807053804397583
5123,2020-09-01 02:07:18.262836,4.15355326113917,3.08831524848938,2.807053804397583
5124,2020-09-01 02:07:19.164013,4.15355326113917,3.08831524848938,2.807053804397583
5125,2020-09-01 02:07:20.079656,4.13962885349677,3.1365976333618164,2.8657844066619873
5126,2020-09-01 02:07:20.983409,4.13962885349677,3.1365976333618164,2.8657844066619873
5127,2020-09-01 02:07:21.841325,4.13962885349677,3.1365976333618164,2.8657844066619873
5128,2020-09-01 02:07:22.671781,4.13962885349677,3.1365976333618164,2.924441337585449
5129,2020-09-01 02:07:23.572687,4.1257473321869,3.1848368644714355,2.924441337585449
5130,2020-09-01 02:07:24.515325,4.1257473321869,3.1848368644714355,2.924441337585449
5131,2020-09-01 02:07:25.351181,4.1257473321869,3.1848368644714355,2.9830245971679688
5132,2020-09-01 02:07:26.259869,4.11190850395379,3.233032703399658,2.9830245971679688
5133,2020-09-01 02:07:27.166145,4.11190850395379,3.233032703399658,2.9830245971679688
5134,2020-09-01 02:07:28.077733,4.11190850395379,3.233032703399658,2.9830245971679688
5135,2020-09-01 02:07:28.940048,4.10068194574771,3.283186912536621,3.051035165786743
5136,2020-09-01 02:07:29.953614,4.10068194574771,3.283186912536621,3.051035165786743
5137,2020-09-01 02:07:30.774541,4.10068194574771,3.283186912536621,3.051035165786743
5138,2020-09-01 02:07:31.799606,4.08951002157474,3.333298444747925,3.118964910507202
5139,2020-09-01 02:07:32.764025,4.08951002157474,3.333298444747925,3.118964910507202
5140,2020-09-01 02:07:33.576229,4.08951002157474,3.333298444747925,3.118964910507202
5141,2020-09-01 02:07:34.521761,4.07839244168474,3.3833670616149902,3.186814308166504
5142,2020-09-01 02:07:35.406366,4.07839244168474,3.3833670616149902,3.186814308166504
5143,2020-09-01 02:07:36.277742,4.07839244168474,3.3833670616149902,3.186814308166504
5144,2020-09-01 02:07:37.146350,4.06732891829775,3.4333930015563965,3.2545833587646484
5145,2020-09-01 02:07:37.976235,4.06732891829775,3.4333930015563965,3.2545833587646484
5146,2020-09-01 02:07:38.923881,4.06732891829775,3.4333930015563965,3.2545833587646484
5147,2020-09-01 02:07:39.786891,4.05631916559081,3.4833762645721436,3.3222718238830566
5148,2020-09-01 02:07:40.612236,4.05631916559081,3.4833762645721436,3.3222718238830566
5149,2020-09-01 02:07:41.473786,4.05631916559081,3.4833762645721436,3.3222718238830566
5150,2020-09-01 02:07:42.306746,4.05631916559081,3.4833762645721436,3.3898801803588867
5151,2020-09-01 02:07:43.122265,4.04536289968496,3.5333168506622314,3.3898801803588867
5152,2020-09-01 02:07:43.953860,4.04536289968496,3.5333168506622314,3.3898801803588867
5153,2020-09-01 02:07:44.746521,4.04536289968496,3.5333168506622314,3.3898801803588867
5154,2020-09-01 02:07:45.623269,4.04536289968496,3.5333168506622314,3.4574081897735596
5155,2020-09-01 02:07:46.526230,4.03445983863232,3.583214521408081,3.4574081897735596
5156,2020-09-01 02:07:47.432989,4.03445983863232,3.583214521408081,3.524855852127075
5157,2020-09-01 02:07:48.360625,4.02360970240312,3.6330697536468506,3.524855852127075
5158,2020-09-01 02:07:49.272570,4.02360970240312,3.6330697536468506,3.524855852127075
5159,2020-09-01 02:07:50.078580,4.02360970240312,3.6330697536468506,3.524855852127075
5160,2020-09-01 02:07:50.972771,4.012812212873,3.68288254737854,3.592223644256592
5161,2020-09-01 02:07:51.925750,4.012812212873,3.68288254737854,3.592223644256592
5162,2020-09-01 02:07:52.758416,4.012812212873,3.68288254737854,3.659511089324951
5163,2020-09-01 02:07:53.580564,4.00206709381023,3.732652425765991,3.659511089324951
5164,2020-09-01 02:07:54.468023,4.00206709381023,3.732652425765991,3.659511089324951
5165,2020-09-01 02:07:55.298472,4.00206709381023,3.732652425765991,3.7267186641693115
5166,2020-09-01 02:07:56.141634,3.9913740708631,3.7823798656463623,3.7267186641693115
5167,2020-09-01 02:07:57.019310,3.9913740708631,3.7823798656463623,3.7267186641693115
5168,2020-09-01 02:07:57.891379,3.9913740708631,3.7823798656463623,3.7267186641693115
5169,2020-09-01 02:07:58.742165,3.98087475420493,3.7823798656463623,3.7929511070251465
5170,2020-09-01 02:07:59.572267,3.98087475420493,3.83140230178833,3.7929511070251465
5171,2020-09-01 02:08:00.419151,3.98087475420493,3.83140230178833,3.7929511070251465
5172,2020-09-01 02:08:01.435423,3.98087475420493,3.83140230178833,3.7929511070251465
5173,2020-09-01 02:08:02.335318,3.98073532994988,3.832064390182495,3.7938451766967773
5174,2020-09-01 02:08:03.184439,3.98073532994988,3.832064390182495,3.7938451766967773
5175,2020-09-01 02:08:04.094022,3.98073532994988,3.832064390182495,3.7938451766967773
5176,2020-09-01 02:08:04.980603,3.97065459713558,3.8828558921813965,3.8649685382843018
5177,2020-09-01 02:08:05.780815,3.97065459713558,3.8828558921813965,3.8649685382843018
5178,2020-09-01 02:08:06.676719,3.97065459713558,3.8828558921813965,3.8649685382843018
5179,2020-09-01 02:08:07.475738,3.96062786903177,3.9336042404174805,3.9360084533691406
5180,2020-09-01 02:08:08.335818,3.96062786903177,3.9336042404174805,3.9360084533691406
5181,2020-09-01 02:08:09.210205,3.96062786903177,3.9336042404174805,3.9360084533691406
5182,2020-09-01 02:08:10.126393,3.96062786903177,3.9336042404174805,4.006964683532715
5183,2020-09-01 02:08:11.027384,3.9506548774909,3.9843099117279053,4.006964683532715
5184,2020-09-01 02:08:11.833754,3.9506548774909,3.9843099117279053,4.006964683532715
5185,2020-09-01 02:08:12.653049,3.9506548774909,3.9843099117279053,4.006964683532715
5186,2020-09-01 02:08:13.520005,3.94073535616121,4.034972667694092,4.0778374671936035
5187,2020-09-01 02:08:14.499931,3.94073535616121,4.034972667694092,4.0778374671936035
5188,2020-09-01 02:08:15.289809,3.94073535616121,4.034972667694092,4.0778374671936035
5189,2020-09-01 02:08:16.206981,3.93086904047486,4.085592746734619,4.148626804351807
5190,2020-09-01 02:08:17.197824,3.93086904047486,4.085592746734619,4.148626804351807
5191,2020-09-01 02:08:18.052503,3.93086904047486,4.085592746734619,4.148626804351807
5192,2020-09-01 02:08:19.018036,3.92105566763621,4.136170387268066,4.219332695007324
5193,2020-09-01 02:08:19.850076,3.92105566763621,4.136170387268066,4.219332695007324
5194,2020-09-01 02:08:20.845545,3.92105566763621,4.136170387268066,4.219332695007324
5195,2020-09-01 02:08:21.705731,3.92105566763621,4.136170387268066,4.2899556159973145
5196,2020-09-01 02:08:22.548247,3.91129497661009,4.186704635620117,4.2899556159973145
5197,2020-09-01 02:08:23.434886,3.91129497661009,4.186704635620117,4.2899556159973145
5198,2020-09-01 02:08:24.420440,3.91129497661009,4.186704635620117,4.2899556159973145
5199,2020-09-01 02:08:25.265847,3.90158670811019,4.237196445465088,4.360495090484619
5200,2020-09-01 02:08:26.158945,3.90158670811019,4.237196445465088,4.360495090484619
5201,2020-09-01 02:08:27.023079,3.90158670811019,4.237196445465088,4.360495090484619
5202,2020-09-01 02:08:28.014927,3.89193060458747,4.2876458168029785,4.4309515953063965
5203,2020-09-01 02:08:28.879239,3.89193060458747,4.2876458168029785,4.4309515953063965
5204,2020-09-01 02:08:29.799630,3.89193060458747,4.2876458168029785,4.4309515953063965
5205,2020-09-01 02:08:30.685237,3.89193060458747,4.2876458168029785,4.501324653625488
5206,2020-09-01 02:08:31.666960,3.88232641021875,4.338052272796631,4.501324653625488
5207,2020-09-01 02:08:32.590582,3.88232641021875,4.338052272796631,4.501324653625488
5208,2020-09-01 02:08:33.445883,3.88232641021875,4.338052272796631,4.501324653625488
5209,2020-09-01 02:08:34.381490,3.88232641021875,4.338052272796631,4.505073547363281
5210,2020-09-01 02:08:35.291290,3.88181694145483,4.340738296508789,4.505073547363281
5211,2020-09-01 02:08:36.207255,3.88181694145483,4.340738296508789,4.505073547363281
5212,2020-09-01 02:08:37.177458,3.87393540726637,4.388430118560791,4.571634292602539
5213,2020-09-01 02:08:38.093051,3.87393540726637,4.388430118560791,4.571634292602539
5214,2020-09-01 02:08:39.090457,3.87393540726637,4.388430118560791,4.571634292602539
5215,2020-09-01 02:08:40.087500,3.90123203725204,4.43962287902832,4.507772922515869
5216,2020-09-01 02:08:41.091094,3.90123203725204,4.43962287902832,4.507772922515869
5217,2020-09-01 02:08:42.067529,3.90123203725204,4.43962287902832,4.507772922515869
5218,2020-09-01 02:08:42.955400,3.92878016930115,4.490036964416504,4.440706253051758
5219,2020-09-01 02:08:43.856236,3.92878016930115,4.490036964416504,4.440706253051758
5220,2020-09-01 02:08:44.683390,3.92878016930115,4.490036964416504,4.440706253051758
5221,2020-09-01 02:08:45.549627,3.92878016930115,4.490036964416504,4.373639106750488
5222,2020-09-01 02:08:46.483209,3.95622017266356,4.540430545806885,4.373639106750488
5223,2020-09-01 02:08:47.359032,3.95622017266356,4.540430545806885,4.373639106750488
5224,2020-09-01 02:08:48.242567,3.95622017266356,4.540430545806885,4.373639106750488
5225,2020-09-01 02:08:49.153398,3.98355273744474,4.590803623199463,4.306571960449219
5226,2020-09-01 02:08:50.009276,3.98355273744474,4.590803623199463,4.306571960449219
5227,2020-09-01 02:08:50.920939,3.98355273744474,4.590803623199463,4.306571960449219
5228,2020-09-01 02:08:51.834313,4.01077855067052,4.641156196594238,4.239505290985107
5229,2020-09-01 02:08:52.738394,4.01077855067052,4.641156196594238,4.239505290985107
5230,2020-09-01 02:08:53.619736,4.01077855067052,4.641156196594238,4.239505290985107
5231,2020-09-01 02:08:54.578747,4.01077855067052,4.641156196594238,4.172438144683838
5232,2020-09-01 02:08:55.538950,4.03789829629015,4.691488742828369,4.172438144683838
5233,2020-09-01 02:08:56.422673,4.03789829629015,4.691488742828369,4.172438144683838
5234,2020-09-01 02:08:57.260749,4.03789829629015,4.691488742828369,4.105371475219727
5235,2020-09-01 02:08:58.165499,4.06491265517919,4.741800785064697,4.105371475219727
5236,2020-09-01 02:08:59.167189,4.06491265517919,4.741800785064697,4.105371475219727
5237,2020-09-01 02:09:00.071454,4.06491265517919,4.741800785064697,4.105371475219727
5238,2020-09-01 02:09:01.023029,4.0918223051424,4.7920918464660645,4.038304328918457
5239,2020-09-01 02:09:01.994739,4.0918223051424,4.7920918464660645,4.038304328918457
5240,2020-09-01 02:09:02.935320,4.0918223051424,4.7920918464660645,4.038304328918457
5241,2020-09-01 02:09:03.856650,4.11862792091671,4.842362880706787,3.9712374210357666
5242,2020-09-01 02:09:04.796621,4.11862792091671,4.842362880706787,3.9712374210357666
5243,2020-09-01 02:09:05.698162,4.11862792091671,4.842362880706787,3.9712374210357666
5244,2020-09-01 02:09:06.585819,4.14533017417396,4.842362880706787,3.904170513153076
5245,2020-09-01 02:09:07.462170,4.14533017417396,4.892612934112549,3.904170513153076
5246,2020-09-01 02:09:08.366001,4.14533017417396,4.892612934112549,3.904170513153076
5247,2020-09-01 02:09:09.227920,4.17192973352384,4.942842960357666,3.8371036052703857
5248,2020-09-01 02:09:10.086894,4.17192973352384,4.942842960357666,3.8371036052703857
5249,2020-09-01 02:09:10.913247,4.17192973352384,4.942842960357666,3.8371036052703857
5250,2020-09-01 02:09:11.691124,4.19842726451662,4.993052005767822,3.7700366973876953
5251,2020-09-01 02:09:12.587893,4.19842726451662,4.993052005767822,3.7700366973876953
5252,2020-09-01 02:09:13.483820,4.19842726451662,4.993052005767822,3.7700366973876953
5253,2020-09-01 02:09:14.397359,4.19842726451662,4.993052005767822,3.702969789505005
5254,2020-09-01 02:09:15.316159,4.22482342964611,5.043240070343018,3.702969789505005
5255,2020-09-01 02:09:16.234496,4.22482342964611,5.043240070343018,3.702969789505005
5256,2020-09-01 02:09:17.101647,4.22482342964611,5.043240070343018,3.702969789505005
5257,2020-09-01 02:09:17.908628,4.24991616968536,5.091725826263428,3.6312873363494873
5258,2020-09-01 02:09:18.870171,4.24991616968536,5.091725826263428,3.6312873363494873
5259,2020-09-01 02:09:19.766662,4.24991616968536,5.091725826263428,3.6312873363494873
5260,2020-09-01 02:09:20.625881,4.27489621555142,5.140191078186035,3.559605121612549
5261,2020-09-01 02:09:21.607188,4.27489621555142,5.140191078186035,3.559605121612549
5262,2020-09-01 02:09:22.519186,4.27489621555142,5.140191078186035,3.559605121612549
5263,2020-09-01 02:09:23.564336,4.29976432433541,5.188635349273682,3.4879229068756104
5264,2020-09-01 02:09:24.602723,4.29976432433541,5.188635349273682,3.4879229068756104
5265,2020-09-01 02:09:25.512213,4.32452124381253,5.188635349273682,3.416240692138672
5266,2020-09-01 02:09:26.427226,4.32452124381253,5.237058639526367,3.416240692138672
5267,2020-09-01 02:09:27.328862,4.32452124381253,5.237058639526367,3.416240692138672
5268,2020-09-01 02:09:28.272840,4.34916771075562,5.237058639526367,3.3445582389831543
5269,2020-09-01 02:09:29.102118,4.34916771075562,5.28546142578125,3.3445582389831543
5270,2020-09-01 02:09:29.970217,4.34916771075562,5.28546142578125,3.3445582389831543
5271,2020-09-01 02:09:30.731888,4.34916771075562,5.28546142578125,3.3445582389831543
5272,2020-09-01 02:09:31.573847,4.37370443681723,5.333843231201172,3.272876024246216
5273,2020-09-01 02:09:32.377965,4.37370443681723,5.333843231201172,3.272876024246216
5274,2020-09-01 02:09:33.217632,4.37370443681723,5.333843231201172,3.272876024246216
5275,2020-09-01 02:09:34.077911,4.39813209074406,5.333843231201172,3.2011938095092773
5276,2020-09-01 02:09:35.083846,4.39813209074406,5.382204532623291,3.2011938095092773
5277,2020-09-01 02:09:35.930647,4.39813209074406,5.382204532623291,3.2011938095092773
5278,2020-09-01 02:09:36.974933,4.42245150480672,5.382204532623291,3.1295113563537598
5279,2020-09-01 02:09:37.883683,4.42245150480672,5.430544853210449,3.1295113563537598
5280,2020-09-01 02:09:38.785906,4.42245150480672,5.430544853210449,3.1295113563537598
5281,2020-09-01 02:09:39.649763,4.42245150480672,5.430544853210449,3.1295113563537598
5282,2020-09-01 02:09:40.584795,4.46666172180875,5.410569667816162,3.0578291416168213
5283,2020-09-01 02:09:41.459450,4.46666172180875,5.410569667816162,3.0578291416168213
5284,2020-09-01 02:09:42.395247,4.46666172180875,5.410569667816162,2.986146926879883
5285,2020-09-01 02:09:43.324137,4.51069029005762,5.390594959259033,2.986146926879883
5286,2020-09-01 02:09:44.222815,4.51069029005762,5.390594959259033,2.986146926879883
5287,2020-09-01 02:09:45.023897,4.51069029005762,5.390594959259033,2.986146926879883
5288,2020-09-01 02:09:45.945272,4.55453810730847,5.370620250701904,2.9144647121429443
5289,2020-09-01 02:09:46.831089,4.55453810730847,5.370620250701904,2.9144647121429443
5290,2020-09-01 02:09:47.708641,4.55453810730847,5.370620250701904,2.9144647121429443
5291,2020-09-01 02:09:48.758736,4.59820606937889,5.350645065307617,2.842783212661743
5292,2020-09-01 02:09:49.732321,4.59820606937889,5.350645065307617,2.842783212661743
5293,2020-09-01 02:09:50.725001,4.59820606937889,5.350645065307617,2.842783212661743
5294,2020-09-01 02:09:51.780907,4.59820606937889,5.350645065307617,2.88550066947937
5295,2020-09-01 02:09:52.665010,4.60921522315094,5.323861122131348,2.88550066947937
5296,2020-09-01 02:09:53.586707,4.60921522315094,5.323861122131348,2.88550066947937
5297,2020-09-01 02:09:54.539480,4.60921522315094,5.323861122131348,2.9281837940216064
5298,2020-09-01 02:09:55.441150,4.62015306384933,5.297077178955078,2.9281837940216064
5299,2020-09-01 02:09:56.384995,4.62015306384933,5.297077178955078,2.9281837940216064
5300,2020-09-01 02:09:57.383056,4.62015306384933,5.297077178955078,2.9281837940216064
5301,2020-09-01 02:09:58.348534,4.63102024640763,5.270293235778809,2.9708328247070312
5302,2020-09-01 02:09:59.285491,4.63102024640763,5.270293235778809,2.9708328247070312
5303,2020-09-01 02:10:00.206362,4.63102024640763,5.270293235778809,2.9708328247070312
5304,2020-09-01 02:10:01.122343,4.64181742324969,5.243509292602539,3.0134475231170654
5305,2020-09-01 02:10:01.965079,4.64181742324969,5.243509292602539,3.0134475231170654
5306,2020-09-01 02:10:02.912026,4.64181742324969,5.243509292602539,3.0134475231170654
5307,2020-09-01 02:10:03.795035,4.65254524048011,5.2167253494262695,3.056027889251709
5308,2020-09-01 02:10:04.574484,4.65254524048011,5.2167253494262695,3.056027889251709
5309,2020-09-01 02:10:05.382683,4.65254524048011,5.2167253494262695,3.056027889251709
5310,2020-09-01 02:10:06.174540,4.65254524048011,5.2167253494262695,3.056027889251709
5311,2020-09-01 02:10:07.029846,4.66320433822237,5.18994140625,3.098573923110962
5312,2020-09-01 02:10:07.995891,4.66320433822237,5.18994140625,3.098573923110962
5313,2020-09-01 02:10:08.940356,4.66320433822237,5.18994140625,3.098573923110962
5314,2020-09-01 02:10:09.767496,4.67171042014044,5.1631574630737305,3.1410417556762695
5315,2020-09-01 02:10:10.615663,4.67171042014044,5.1631574630737305,3.1410417556762695
5316,2020-09-01 02:10:11.524149,4.67171042014044,5.1631574630737305,3.1410417556762695
5317,2020-09-01 02:10:12.331908,4.68009566511152,5.136373043060303,3.183472156524658
5318,2020-09-01 02:10:13.267403,4.68009566511152,5.136373043060303,3.183472156524658
5319,2020-09-01 02:10:14.177228,4.68009566511152,5.136373043060303,3.183472156524658
5320,2020-09-01 02:10:15.117581,4.68009566511152,5.136373043060303,3.225865364074707
5321,2020-09-01 02:10:16.013932,4.68836093163648,5.109589099884033,3.225865364074707
5322,2020-09-01 02:10:16.917818,4.68836093163648,5.109589099884033,3.225865364074707
5323,2020-09-01 02:10:17.768140,4.68836093163648,5.109589099884033,3.225865364074707
5324,2020-09-01 02:10:18.622835,4.69650707707397,5.109589099884033,3.268221378326416
5325,2020-09-01 02:10:19.533746,4.69650707707397,5.082805156707764,3.268221378326416
5326,2020-09-01 02:10:20.422317,4.69650707707397,5.082805156707764,3.268221378326416
5327,2020-09-01 02:10:21.313479,4.70453495761284,5.082805156707764,3.310539722442627
5328,2020-09-01 02:10:22.168498,4.70453495761284,5.056021213531494,3.310539722442627
5329,2020-09-01 02:10:23.074607,4.70453495761284,5.056021213531494,3.310539722442627
5330,2020-09-01 02:10:24.026964,4.70453495761284,5.056021213531494,3.352820634841919
5331,2020-09-01 02:10:24.926632,4.71244542824336,5.029237270355225,3.352820634841919
5332,2020-09-01 02:10:25.855459,4.71244542824336,5.029237270355225,3.352820634841919
5333,2020-09-01 02:10:26.740311,4.71244542824336,5.029237270355225,3.352820634841919
5334,2020-09-01 02:10:27.673396,4.7169602149641,4.99727725982666,3.3736209869384766
5335,2020-09-01 02:10:28.512524,4.7169602149641,4.99727725982666,3.3736209869384766
5336,2020-09-01 02:10:29.358350,4.7169602149641,4.99727725982666,3.3736209869384766
5337,2020-09-01 02:10:30.228150,4.72134163302054,4.965317726135254,3.3944029808044434
5338,2020-09-01 02:10:31.176189,4.72134163302054,4.965317726135254,3.3944029808044434
5339,2020-09-01 02:10:32.117912,4.72134163302054,4.965317726135254,3.4151663780212402
5340,2020-09-01 02:10:33.021845,4.72559056548944,4.9333577156066895,3.4151663780212402
5341,2020-09-01 02:10:33.922499,4.72559056548944,4.9333577156066895,3.4151663780212402
5342,2020-09-01 02:10:34.837894,4.72559056548944,4.9333577156066895,3.435911178588867
5343,2020-09-01 02:10:35.800404,4.72970789544043,4.901398181915283,3.435911178588867
5344,2020-09-01 02:10:36.686698,4.72970789544043,4.901398181915283,3.435911178588867
5345,2020-09-01 02:10:37.514662,4.72970789544043,4.901398181915283,3.435911178588867
5346,2020-09-01 02:10:38.402336,4.73369450587322,4.869438171386719,3.456637144088745
5347,2020-09-01 02:10:39.238706,4.73369450587322,4.869438171386719,3.456637144088745
5348,2020-09-01 02:10:40.087417,4.73369450587322,4.869438171386719,3.456637144088745
5349,2020-09-01 02:10:40.861180,4.73755127965161,4.837478160858154,3.477344512939453
5350,2020-09-01 02:10:41.756375,4.73755127965161,4.837478160858154,3.477344512939453
5351,2020-09-01 02:10:42.711861,4.73755127965161,4.837478160858154,3.498033285140991
5352,2020-09-01 02:10:43.595786,4.74127909943417,4.805518627166748,3.498033285140991
5353,2020-09-01 02:10:44.461460,4.74127909943417,4.805518627166748,3.498033285140991
5354,2020-09-01 02:10:45.414438,4.74127909943417,4.805518627166748,3.518702983856201
5355,2020-09-01 02:10:46.210623,4.74487884760073,4.773558616638184,3.518702983856201
5356,2020-09-01 02:10:47.085983,4.74487884760073,4.773558616638184,3.518702983856201
5357,2020-09-01 02:10:47.962927,4.74835140617442,4.773558616638184,3.539353609085083
5358,2020-09-01 02:10:48.852820,4.74835140617442,4.741599082946777,3.539353609085083
5359,2020-09-01 02:10:49.763520,4.74835140617442,4.741599082946777,3.539353609085083
5360,2020-09-01 02:10:50.619271,4.74520471780725,4.709639072418213,3.559955596923828
5361,2020-09-01 02:10:51.502802,4.74520471780725,4.709639072418213,3.559955596923828
5362,2020-09-01 02:10:52.369464,4.74520471780725,4.709639072418213,3.559955596923828
5363,2020-09-01 02:10:53.305937,4.74520471780725,4.709639072418213,3.580531358718872
5364,2020-09-01 02:10:54.281885,4.74192518245536,4.677679061889648,3.580531358718872
5365,2020-09-01 02:10:55.140234,4.74192518245536,4.677679061889648,3.580531358718872
5366,2020-09-01 02:10:56.070359,4.74192518245536,4.677679061889648,3.580531358718872
5367,2020-09-01 02:10:56.918250,4.73851427414752,4.645719528198242,3.601081371307373
5368,2020-09-01 02:10:57.821342,4.73851427414752,4.645719528198242,3.601081371307373
5369,2020-09-01 02:10:58.690797,4.73851427414752,4.645719528198242,3.6051557064056396
5370,2020-09-01 02:10:59.642124,4.73205513887078,4.609748363494873,3.6051557064056396
5371,2020-09-01 02:11:00.482424,4.73205513887078,4.609748363494873,3.6051557064056396
5372,2020-09-01 02:11:01.364591,4.73205513887078,4.609748363494873,3.6051557064056396
5373,2020-09-01 02:11:02.362959,4.72547174595401,4.573776721954346,3.6092166900634766
5374,2020-09-01 02:11:03.252512,4.72547174595401,4.573776721954346,3.6092166900634766
5375,2020-09-01 02:11:04.085239,4.72547174595401,4.573776721954346,3.6092166900634766
5376,2020-09-01 02:11:04.934444,4.71876541720087,4.573776721954346,3.613264799118042
5377,2020-09-01 02:11:05.826441,4.71876541720087,4.537805557250977,3.613264799118042
5378,2020-09-01 02:11:06.667790,4.71876541720087,4.537805557250977,3.613264799118042
5379,2020-09-01 02:11:07.579646,4.71193746100323,4.537805557250977,3.6172993183135986
5380,2020-09-01 02:11:08.428038,4.71193746100323,4.501834392547607,3.6172993183135986
5381,2020-09-01 02:11:09.294562,4.71193746100323,4.501834392547607,3.6172993183135986
5382,2020-09-01 02:11:10.113723,4.70498917252951,4.465863227844238,3.6213204860687256
5383,2020-09-01 02:11:10.980517,4.70498917252951,4.465863227844238,3.6213204860687256
5384,2020-09-01 02:11:11.987439,4.70498917252951,4.465863227844238,3.6213204860687256
5385,2020-09-01 02:11:12.954159,4.69792183390733,4.429891586303711,3.625328302383423
5386,2020-09-01 02:11:13.874510,4.69792183390733,4.429891586303711,3.625328302383423
5387,2020-09-01 02:11:14.806159,4.69792183390733,4.429891586303711,3.629322052001953
5388,2020-09-01 02:11:15.670944,4.69073671440093,4.393920421600342,3.629322052001953
5389,2020-09-01 02:11:16.548139,4.69073671440093,4.393920421600342,3.629322052001953
5390,2020-09-01 02:11:17.477891,4.69073671440093,4.393920421600342,3.6333022117614746
5391,2020-09-01 02:11:18.344662,4.68343507058356,4.357949256896973,3.6333022117614746
5392,2020-09-01 02:11:19.235302,4.68343507058356,4.357949256896973,3.6333022117614746
5393,2020-09-01 02:11:20.056246,4.68343507058356,4.357949256896973,3.637268543243408
5394,2020-09-01 02:11:20.846117,4.67601814650513,4.3219780921936035,3.637268543243408
5395,2020-09-01 02:11:21.722661,4.67601814650513,4.3219780921936035,3.637268543243408
5396,2020-09-01 02:11:22.593117,4.67601814650513,4.3219780921936035,3.6412205696105957
5397,2020-09-01 02:11:23.427359,4.66848717385538,4.286006450653076,3.6412205696105957
5398,2020-09-01 02:11:24.254503,4.66848717385538,4.286006450653076,3.6412205696105957
5399,2020-09-01 02:11:25.203456,4.6608433721228,4.250035285949707,3.6451587677001953
5400,2020-09-01 02:11:26.052345,4.6608433721228,4.250035285949707,3.6451587677001953
5401,2020-09-01 02:11:26.902677,4.6608433721228,4.250035285949707,3.6451587677001953
5402,2020-09-01 02:11:27.782398,4.67180547488528,4.250035285949707,3.6493020057678223
5403,2020-09-01 02:11:28.691594,4.67180547488528,4.214064121246338,3.6493020057678223
5404,2020-09-01 02:11:29.458661,4.67180547488528,4.214064121246338,3.6493020057678223
5405,2020-09-01 02:11:30.326987,4.67180547488528,4.214064121246338,3.65704607963562
5406,2020-09-01 02:11:31.241478,4.6834623241827,4.17812442779541,3.65704607963562
5407,2020-09-01 02:11:31.985584,4.6834623241827,4.17812442779541,3.65704607963562
5408,2020-09-01 02:11:32.874877,4.6834623241827,4.17812442779541,3.66479229927063
5409,2020-09-01 02:11:33.794201,4.69503048850444,4.142185211181641,3.66479229927063
5410,2020-09-01 02:11:34.705643,4.69503048850444,4.142185211181641,3.66479229927063
5411,2020-09-01 02:11:35.576752,4.69503048850444,4.142185211181641,3.66479229927063
5412,2020-09-01 02:11:36.477453,4.70651057696747,4.106245517730713,3.6725401878356934
5413,2020-09-01 02:11:37.415660,4.70651057696747,4.106245517730713,3.6725401878356934
5414,2020-09-01 02:11:38.348004,4.70651057696747,4.106245517730713,3.6725401878356934
5415,2020-09-01 02:11:39.279779,4.71790319644948,4.070306301116943,3.6802897453308105
5416,2020-09-01 02:11:40.149191,4.71790319644948,4.070306301116943,3.6802897453308105
5417,2020-09-01 02:11:41.030598,4.71790319644948,4.070306301116943,3.6802897453308105
5418,2020-09-01 02:11:42.007634,4.72920895149731,4.034366607666016,3.6880409717559814
5419,2020-09-01 02:11:42.859487,4.72920895149731,4.034366607666016,3.6880409717559814
5420,2020-09-01 02:11:43.780635,4.72920895149731,4.034366607666016,3.6880409717559814
5421,2020-09-01 02:11:44.638855,4.74042844416063,3.998427391052246,3.695793867111206
5422,2020-09-01 02:11:45.571667,4.74042844416063,3.998427391052246,3.695793867111206
5423,2020-09-01 02:11:46.462618,4.74042844416063,3.998427391052246,3.695793867111206
5424,2020-09-01 02:11:47.265408,4.75156227356383,3.9624879360198975,3.7035481929779053
5425,2020-09-01 02:11:48.195193,4.75156227356383,3.9624879360198975,3.7035481929779053
5426,2020-09-01 02:11:49.177008,4.75156227356383,3.9624879360198975,3.7035481929779053
5427,2020-09-01 02:11:50.070500,4.76261104234098,3.926548480987549,3.711303949356079
5428,2020-09-01 02:11:50.964708,4.76261104234098,3.926548480987549,3.711303949356079
5429,2020-09-01 02:11:51.794638,4.76261104234098,3.926548480987549,3.711303949356079
5430,2020-09-01 02:11:52.725039,4.77357536392429,3.926548480987549,3.7190613746643066
5431,2020-09-01 02:11:53.593451,4.77357536392429,3.8906090259552,3.7190613746643066
5432,2020-09-01 02:11:54.466953,4.77357536392429,3.8906090259552,3.7190613746643066
5433,2020-09-01 02:11:55.380801,4.77357536392429,3.8906090259552,3.7268199920654297
5434,2020-09-01 02:11:56.278311,4.78445584820794,3.8546695709228516,3.7268199920654297
5435,2020-09-01 02:11:57.186104,4.78445584820794,3.8546695709228516,3.7268199920654297
5436,2020-09-01 02:11:58.033317,4.78445584820794,3.8546695709228516,3.7268199920654297
5437,2020-09-01 02:11:58.939677,4.79525310160861,3.818730115890503,3.7345798015594482
5438,2020-09-01 02:11:59.855465,4.79525310160861,3.818730115890503,3.7345798015594482
5439,2020-09-01 02:12:00.627850,4.79525310160861,3.818730115890503,3.7345798015594482
5440,2020-09-01 02:12:01.555378,4.80596773143539,3.7827906608581543,3.7423410415649414
5441,2020-09-01 02:12:02.482750,4.80596773143539,3.7827906608581543,3.7423410415649414
5442,2020-09-01 02:12:03.457397,4.80596773143539,3.7827906608581543,3.7423410415649414
5443,2020-09-01 02:12:04.273664,4.81703580045554,3.7507824897766113,3.761756420135498
5444,2020-09-01 02:12:05.176847,4.81703580045554,3.7507824897766113,3.761756420135498
5445,2020-09-01 02:12:05.984420,4.81703580045554,3.7507824897766113,3.761756420135498
5446,2020-09-01 02:12:06.909328,4.81703580045554,3.7507824897766113,3.761756420135498
5447,2020-09-01 02:12:07.821191,4.82802735205013,3.7187745571136475,3.781161308288574
5448,2020-09-01 02:12:08.623075,4.82802735205013,3.7187745571136475,3.781161308288574
5449,2020-09-01 02:12:09.583350,4.82802735205013,3.7187745571136475,3.80055570602417
5450,2020-09-01 02:12:10.426536,4.83894296984376,3.6867666244506836,3.80055570602417
5451,2020-09-01 02:12:11.278394,4.83894296984376,3.6867666244506836,3.80055570602417
5452,2020-09-01 02:12:12.158254,4.83894296984376,3.6867666244506836,3.819939374923706
5453,2020-09-01 02:12:13.060339,4.84978323478821,3.6547584533691406,3.819939374923706
5454,2020-09-01 02:12:13.982698,4.84978323478821,3.6547584533691406,3.819939374923706
5455,2020-09-01 02:12:14.850045,4.84978323478821,3.6547584533691406,3.8393123149871826
5456,2020-09-01 02:12:15.770681,4.8605487251598,3.6227505207061768,3.8393123149871826
5457,2020-09-01 02:12:16.709275,4.8605487251598,3.6227505207061768,3.8393123149871826
5458,2020-09-01 02:12:17.691983,4.8605487251598,3.6227505207061768,3.8393123149871826
5459,2020-09-01 02:12:18.590544,4.87124001655633,3.590742588043213,3.8586745262145996
5460,2020-09-01 02:12:19.356303,4.87124001655633,3.590742588043213,3.8586745262145996
5461,2020-09-01 02:12:20.252588,4.87124001655633,3.590742588043213,3.8586745262145996
5462,2020-09-01 02:12:21.202612,4.88185768189349,3.55873441696167,3.878025770187378
5463,2020-09-01 02:12:22.037717,4.88185768189349,3.55873441696167,3.878025770187378
5464,2020-09-01 02:12:22.878178,4.88185768189349,3.55873441696167,3.878025770187378
5465,2020-09-01 02:12:23.934646,4.89240229140117,3.526726484298706,3.897366523742676
5466,2020-09-01 02:12:24.845496,4.89240229140117,3.526726484298706,3.897366523742676
5467,2020-09-01 02:12:25.786245,4.89240229140117,3.526726484298706,3.897366523742676
5468,2020-09-01 02:12:26.617647,4.90287441261925,3.494718551635742,3.916696071624756
5469,2020-09-01 02:12:27.509765,4.90287441261925,3.494718551635742,3.916696071624756
5470,2020-09-01 02:12:28.425487,4.90287441261925,3.494718551635742,3.916696071624756
5471,2020-09-01 02:12:29.271316,4.90287441261925,3.494718551635742,3.9360148906707764
5472,2020-09-01 02:12:30.155140,4.9132746103934,3.462710380554199,3.9360148906707764
5473,2020-09-01 02:12:31.048533,4.9132746103934,3.462710380554199,3.9360148906707764
5474,2020-09-01 02:12:31.925427,4.9132746103934,3.462710380554199,3.955322742462158
5475,2020-09-01 02:12:32.761598,4.92360344687057,3.4307024478912354,3.955322742462158
5476,2020-09-01 02:12:33.668489,4.92360344687057,3.4307024478912354,3.955322742462158
5477,2020-09-01 02:12:34.614975,4.92360344687057,3.4307024478912354,3.9746196269989014
5478,2020-09-01 02:12:35.407750,4.9338614814944,3.3986945152282715,3.9746196269989014
5479,2020-09-01 02:12:36.280063,4.9338614814944,3.3986945152282715,3.9746196269989014
5480,2020-09-01 02:12:37.151137,4.9338614814944,3.3986945152282715,3.9746196269989014
5481,2020-09-01 02:12:38.072382,4.9338614814944,3.3986945152282715,3.9984405040740967
5482,2020-09-01 02:12:38.879505,4.94503377230706,3.370738983154297,3.9984405040740967
5483,2020-09-01 02:12:39.725768,4.94503377230706,3.370738983154297,3.9984405040740967
5484,2020-09-01 02:12:40.658259,4.94503377230706,3.370738983154297,3.9984405040740967
5485,2020-09-01 02:12:41.513903,4.95614476065077,3.3427834510803223,4.022246837615967
5486,2020-09-01 02:12:42.523076,4.95614476065077,3.3427834510803223,4.022246837615967
5487,2020-09-01 02:12:43.421039,4.95614476065077,3.3427834510803223,4.022246837615967
5488,2020-09-01 02:12:44.194429,4.96719496778023,3.3148281574249268,4.0460381507873535
5489,2020-09-01 02:12:45.010161,4.96719496778023,3.3148281574249268,4.0460381507873535
5490,2020-09-01 02:12:45.896126,4.96719496778023,3.3148281574249268,4.0460381507873535
5491,2020-09-01 02:12:46.798891,4.96719496778023,3.3148281574249268,4.069814682006836
5492,2020-09-01 02:12:47.607849,4.97818491112741,3.286872625350952,4.069814682006836
5493,2020-09-01 02:12:48.455582,4.97818491112741,3.286872625350952,4.069814682006836
5494,2020-09-01 02:12:49.393584,4.97818491112741,3.286872625350952,4.069814682006836
5495,2020-09-01 02:12:50.334496,4.98911510433656,3.2589170932769775,4.093576908111572
5496,2020-09-01 02:12:51.103617,4.98911510433656,3.2589170932769775,4.093576908111572
5497,2020-09-01 02:12:52.082819,4.98911510433656,3.2589170932769775,4.093576908111572
5498,2020-09-01 02:12:53.017725,4.98911510433656,3.2589170932769775,4.112020492553711
5499,2020-09-01 02:12:53.890554,4.99755821113602,3.2372050285339355,4.112020492553711
5500,2020-09-01 02:12:54.726974,4.99755821113602,3.2372050285339355,4.112020492553711
5501,2020-09-01 02:12:55.669765,4.99755821113602,3.2372050285339355,4.117321491241455
5502,2020-09-01 02:12:56.569679,4.99998026730714,3.230961799621582,4.117321491241455
5503,2020-09-01 02:12:57.463881,4.99998026730714,3.230961799621582,4.117321491241455
5504,2020-09-01 02:12:58.389232,4.99998026730714,3.230961799621582,4.117321491241455
5505,2020-09-01 02:12:59.240855,5.01081256141154,3.2030062675476074,4.141054153442383
5506,2020-09-01 02:13:00.134719,5.01081256141154,3.2030062675476074,4.141054153442383
5507,2020-09-01 02:13:01.085975,5.01081256141154,3.2030062675476074,4.141054153442383
5508,2020-09-01 02:13:02.141556,5.02158793454097,3.175050735473633,4.164772033691406
5509,2020-09-01 02:13:03.003629,5.02158793454097,3.175050735473633,4.164772033691406
5510,2020-09-01 02:13:03.920775,5.02158793454097,3.175050735473633,4.164772033691406
5511,2020-09-01 02:13:04.758639,5.02158793454097,3.175050735473633,4.164772033691406
5512,2020-09-01 02:13:05.667672,5.0323068823497,3.147095203399658,4.188475131988525
5513,2020-09-01 02:13:06.560776,5.0323068823497,3.147095203399658,4.188475131988525
5514,2020-09-01 02:13:07.455353,5.0323068823497,3.147095203399658,4.188475131988525
5515,2020-09-01 02:13:08.291805,5.04296989688984,3.1191399097442627,4.21216344833374
5516,2020-09-01 02:13:09.077803,5.04296989688984,3.1191399097442627,4.21216344833374
5517,2020-09-01 02:13:09.931593,5.04296989688984,3.1191399097442627,4.21216344833374
5518,2020-09-01 02:13:10.826653,5.05357746663697,3.091184377670288,4.235836982727051
5519,2020-09-01 02:13:11.784883,5.05357746663697,3.091184377670288,4.235836982727051
5520,2020-09-01 02:13:12.656936,5.05357746663697,3.091184377670288,4.235836982727051
5521,2020-09-01 02:13:13.669445,5.06413007651517,3.0632288455963135,4.259495258331299
5522,2020-09-01 02:13:14.491371,5.06413007651517,3.0632288455963135,4.259495258331299
5523,2020-09-01 02:13:15.408405,5.06413007651517,3.0632288455963135,4.259495258331299
5524,2020-09-01 02:13:16.315235,5.06413007651517,3.0632288455963135,4.259495258331299
5525,2020-09-01 02:13:17.195407,5.07489726311563,3.0354466438293457,4.3027729988098145
5526,2020-09-01 02:13:18.110809,5.07489726311563,3.0354466438293457,4.3027729988098145
5527,2020-09-01 02:13:19.028518,5.07489726311563,3.0354466438293457,4.346015930175781
5528,2020-09-01 02:13:19.890542,5.08561274627361,3.007664442062378,4.346015930175781
5529,2020-09-01 02:13:20.828798,5.08561274627361,3.007664442062378,4.346015930175781
5530,2020-09-01 02:13:21.685934,5.08561274627361,3.007664442062378,4.346015930175781
5531,2020-09-01 02:13:22.520000,5.09627701355174,2.97988224029541,4.389224052429199
5532,2020-09-01 02:13:23.373998,5.09627701355174,2.97988224029541,4.389224052429199
5533,2020-09-01 02:13:24.201556,5.09627701355174,2.97988224029541,4.389224052429199
5534,2020-09-01 02:13:25.105360,5.09627701355174,2.97988224029541,4.43239688873291
5535,2020-09-01 02:13:25.902731,5.10689054870497,2.9521000385284424,4.43239688873291
5536,2020-09-01 02:13:26.829543,5.10689054870497,2.9521000385284424,4.43239688873291
5537,2020-09-01 02:13:27.854662,5.10689054870497,2.9521000385284424,4.43239688873291
5538,2020-09-01 02:13:28.759369,5.1174538317112,2.9243175983428955,4.475534915924072
5539,2020-09-01 02:13:29.643850,5.1174538317112,2.9243175983428955,4.475534915924072
5540,2020-09-01 02:13:30.493910,5.1174538317112,2.9243175983428955,4.475534915924072
5541,2020-09-01 02:13:31.456255,5.1174538317112,2.9243175983428955,4.51784086227417
5542,2020-09-01 02:13:32.402519,5.09991772420543,2.9687559604644775,4.51784086227417
5543,2020-09-01 02:13:33.271959,5.09991772420543,2.9687559604644775,4.51784086227417
5544,2020-09-01 02:13:34.227993,5.0825092592426,2.9687559604644775,4.560089111328125
5545,2020-09-01 02:13:35.210400,5.0825092592426,3.013153553009033,4.560089111328125
5546,2020-09-01 02:13:36.017981,5.0825092592426,3.013153553009033,4.560089111328125
5547,2020-09-01 02:13:36.994460,5.06522759050938,3.013153553009033,4.602279186248779
5548,2020-09-01 02:13:37.933670,5.06522759050938,3.0575106143951416,4.602279186248779
5549,2020-09-01 02:13:38.865940,5.06522759050938,3.0575106143951416,4.602279186248779
5550,2020-09-01 02:13:39.706047,5.08577080314392,3.0575106143951416,4.506035327911377
5551,2020-09-01 02:13:40.620614,5.08577080314392,3.102632761001587,4.506035327911377
5552,2020-09-01 02:13:41.528324,5.08577080314392,3.102632761001587,4.506035327911377
5553,2020-09-01 02:13:42.277733,5.08577080314392,3.102632761001587,4.409792423248291
5554,2020-09-01 02:13:43.022696,5.10621486080028,3.147735118865967,4.409792423248291
5555,2020-09-01 02:13:43.876429,5.10621486080028,3.147735118865967,4.409792423248291
5556,2020-09-01 02:13:44.732804,5.10621486080028,3.147735118865967,4.409792423248291
5557,2020-09-01 02:13:45.650262,5.12656048241624,3.192817211151123,4.3135504722595215
5558,2020-09-01 02:13:46.605768,5.12656048241624,3.192817211151123,4.3135504722595215
5559,2020-09-01 02:13:47.581802,5.12656048241624,3.192817211151123,4.3135504722595215
5560,2020-09-01 02:13:48.441572,5.14680838301163,3.2378792762756348,4.217309951782227
5561,2020-09-01 02:13:49.313031,5.14680838301163,3.2378792762756348,4.217309951782227
5562,2020-09-01 02:13:50.145626,5.14680838301163,3.2378792762756348,4.217309951782227
5563,2020-09-01 02:13:51.042563,5.16766447568155,3.2827117443084717,4.113536834716797
5564,2020-09-01 02:13:52.019678,5.16766447568155,3.2827117443084717,4.113536834716797
5565,2020-09-01 02:13:52.910890,5.16766447568155,3.2827117443084717,4.113536834716797
5566,2020-09-01 02:13:53.799089,5.18843058538425,3.3275246620178223,4.009765625
5567,2020-09-01 02:13:54.673715,5.18843058538425,3.3275246620178223,4.009765625
5568,2020-09-01 02:13:55.598141,5.18843058538425,3.3275246620178223,4.009765625
5569,2020-09-01 02:13:56.464519,5.2091073376411,3.3723180294036865,3.9059951305389404
5570,2020-09-01 02:13:57.336808,5.2091073376411,3.3723180294036865,3.9059951305389404
5571,2020-09-01 02:13:58.274267,5.2091073376411,3.3723180294036865,3.9059951305389404
5572,2020-09-01 02:13:59.190214,5.22969535477404,3.4170920848846436,3.8022263050079346
5573,2020-09-01 02:14:00.058377,5.22969535477404,3.4170920848846436,3.8022263050079346
5574,2020-09-01 02:14:00.952043,5.22969535477404,3.4170920848846436,3.8022263050079346
5575,2020-09-01 02:14:01.810537,5.25019525558126,3.4618468284606934,3.6984589099884033
5576,2020-09-01 02:14:02.670392,5.25019525558126,3.4618468284606934,3.6984589099884033
5577,2020-09-01 02:14:03.577744,5.25019525558126,3.4618468284606934,3.6984589099884033
5578,2020-09-01 02:14:04.457768,5.27060765550266,3.5065817832946777,3.5946927070617676
5579,2020-09-01 02:14:05.363042,5.27060765550266,3.5065817832946777,3.5946927070617676
5580,2020-09-01 02:14:06.276716,5.27060765550266,3.5065817832946777,3.5946927070617676
5581,2020-09-01 02:14:07.079257,5.29093316676064,3.5065817832946777,3.4909276962280273
5582,2020-09-01 02:14:07.918313,5.29093316676064,3.551297426223755,3.4909276962280273
5583,2020-09-01 02:14:08.886365,5.29093316676064,3.551297426223755,3.4909276962280273
5584,2020-09-01 02:14:09.751701,5.31117239836814,3.5959935188293457,3.387164354324341
5585,2020-09-01 02:14:10.576365,5.31117239836814,3.5959935188293457,3.387164354324341
5586,2020-09-01 02:14:11.393547,5.31117239836814,3.5959935188293457,3.387164354324341
5587,2020-09-01 02:14:12.325148,5.31117239836814,3.5959935188293457,3.28340220451355
5588,2020-09-01 02:14:13.167654,5.33132595613651,3.64067006111145,3.28340220451355
5589,2020-09-01 02:14:14.125489,5.33132595613651,3.64067006111145,3.28340220451355
5590,2020-09-01 02:14:14.935372,5.33132595613651,3.64067006111145,3.28340220451355
5591,2020-09-01 02:14:15.814518,5.35139444268341,3.6853270530700684,3.1796412467956543
5592,2020-09-01 02:14:16.675671,5.35139444268341,3.6853270530700684,3.1796412467956543
5593,2020-09-01 02:14:17.565230,5.35139444268341,3.6853270530700684,3.1796412467956543
5594,2020-09-01 02:14:18.429092,5.35139444268341,3.6853270530700684,3.0758819580078125
5595,2020-09-01 02:14:19.298688,5.37137845744061,3.729964256286621,3.0758819580078125
5596,2020-09-01 02:14:20.154981,5.37137845744061,3.729964256286621,3.0758819580078125
5597,2020-09-01 02:14:21.004056,5.39127859666178,3.729964256286621,2.972123861312866
5598,2020-09-01 02:14:21.889952,5.39127859666178,3.7745819091796875,2.972123861312866
5599,2020-09-01 02:14:22.745654,5.39127859666178,3.7745819091796875,2.972123861312866
5600,2020-09-01 02:14:23.788180,5.41301373859815,3.7745819091796875,2.876584768295288
5601,2020-09-01 02:14:24.649673,5.41301373859815,3.8202874660491943,2.876584768295288
5602,2020-09-01 02:14:25.477697,5.41301373859815,3.8202874660491943,2.876584768295288
5603,2020-09-01 02:14:26.322608,5.41301373859815,3.8202874660491943,2.876584768295288
5604,2020-09-01 02:14:27.219023,5.43467674149525,3.865974187850952,2.7810468673706055
5605,2020-09-01 02:14:28.122489,5.43467674149525,3.865974187850952,2.7810468673706055
5606,2020-09-01 02:14:29.013722,5.43467674149525,3.865974187850952,2.7810468673706055
5607,2020-09-01 02:14:29.932049,5.41774548836733,3.865974187850952,2.8260838985443115
5608,2020-09-01 02:14:30.834794,5.41774548836733,3.9108033180236816,2.8260838985443115
5609,2020-09-01 02:14:31.721785,5.41774548836733,3.9108033180236816,2.8260838985443115
5610,2020-09-01 02:14:32.550742,5.41774548836733,3.9108033180236816,2.8260838985443115
5611,2020-09-01 02:14:33.470671,5.4009625819328,3.955592393875122,2.871062755584717
5612,2020-09-01 02:14:34.323484,5.4009625819328,3.955592393875122,2.871062755584717
5613,2020-09-01 02:14:35.185195,5.38432710743677,3.955592393875122,2.9159834384918213
5614,2020-09-01 02:14:36.089843,5.38432710743677,4.000340938568115,2.9159834384918213
5615,2020-09-01 02:14:36.983475,5.38432710743677,4.000340938568115,2.9159834384918213
5616,2020-09-01 02:14:37.905342,5.36783815470314,4.04504919052124,2.960846424102783
5617,2020-09-01 02:14:38.773100,5.36783815470314,4.04504919052124,2.960846424102783
5618,2020-09-01 02:14:39.690158,5.36783815470314,4.04504919052124,2.960846424102783
5619,2020-09-01 02:14:40.482031,5.36783815470314,4.04504919052124,2.960846424102783
5620,2020-09-01 02:14:41.377712,5.35149481812333,4.089717388153076,3.0056514739990234
5621,2020-09-01 02:14:42.239535,5.35149481812333,4.089717388153076,3.0056514739990234
5622,2020-09-01 02:14:43.192250,5.35149481812333,4.089717388153076,3.0056514739990234
5623,2020-09-01 02:14:44.157679,5.33529619664502,4.134345054626465,3.050398588180542
5624,2020-09-01 02:14:45.115985,5.33529619664502,4.134345054626465,3.050398588180542
5625,2020-09-01 02:14:45.943838,5.33529619664502,4.134345054626465,3.050398588180542
5626,2020-09-01 02:14:46.872514,5.31924139376088,4.178933143615723,3.095088243484497
5627,2020-09-01 02:14:47.681607,5.31924139376088,4.178933143615723,3.095088243484497
5628,2020-09-01 02:14:48.485020,5.31924139376088,4.178933143615723,3.095088243484497
5629,2020-09-01 02:14:49.400400,5.31924139376088,4.178933143615723,3.1397204399108887
5630,2020-09-01 02:14:50.238010,5.3033295174972,4.223480701446533,3.1397204399108887
5631,2020-09-01 02:14:51.049854,5.3033295174972,4.223480701446533,3.1397204399108887
5632,2020-09-01 02:14:51.942422,5.3033295174972,4.223480701446533,3.1397204399108887
5633,2020-09-01 02:14:52.894028,5.28755968040262,4.267988681793213,3.184295177459717
5634,2020-09-01 02:14:53.835469,5.28755968040262,4.267988681793213,3.184295177459717
5635,2020-09-01 02:14:54.690354,5.28755968040262,4.267988681793213,3.184295177459717
5636,2020-09-01 02:14:55.581838,5.27193099953674,4.312456130981445,3.2288126945495605
5637,2020-09-01 02:14:56.527298,5.27193099953674,4.312456130981445,3.2288126945495605
5638,2020-09-01 02:14:57.371325,5.27193099953674,4.312456130981445,3.2288126945495605
5639,2020-09-01 02:14:58.205518,5.25555723845133,4.3564300537109375,3.2629029750823975
5640,2020-09-01 02:14:59.085033,5.25555723845133,4.3564300537109375,3.2629029750823975
5641,2020-09-01 02:15:00.025772,5.25555723845133,4.3564300537109375,3.2629029750823975
5642,2020-09-01 02:15:00.979744,5.23932048013141,4.400363922119141,3.296945810317993
5643,2020-09-01 02:15:01.854270,5.23932048013141,4.400363922119141,3.296945810317993
5644,2020-09-01 02:15:02.730602,5.23932048013141,4.400363922119141,3.296945810317993
5645,2020-09-01 02:15:03.586497,5.22321986450412,4.444257736206055,3.3309414386749268
5646,2020-09-01 02:15:04.415236,5.22321986450412,4.444257736206055,3.3309414386749268
5647,2020-09-01 02:15:05.310791,5.22321986450412,4.444257736206055,3.3309414386749268
5648,2020-09-01 02:15:06.174433,5.21465180490142,4.467792510986328,3.3491604328155518
5649,2020-09-01 02:15:07.094715,5.21465180490142,4.467792510986328,3.3491604328155518
5650,2020-09-01 02:15:07.967854,5.21465180490142,4.467792510986328,3.364894390106201
5651,2020-09-01 02:15:08.816095,5.20780022604843,4.488112449645996,3.364894390106201
5652,2020-09-01 02:15:09.732601,5.20780022604843,4.488112449645996,3.364894390106201
5653,2020-09-01 02:15:10.601063,5.20780022604843,4.488112449645996,3.364894390106201
5654,2020-09-01 02:15:11.561001,5.20780022604843,4.488112449645996,3.364894390106201
5655,2020-09-01 02:15:12.391199,5.20780022604843,4.488112449645996,3.364894390106201
5656,2020-09-01 02:15:13.223369,5.20780022604843,4.488112449645996,3.364894390106201
5657,2020-09-01 02:15:14.165239,5.20780022604843,4.488112449645996,3.364894390106201
5658,2020-09-01 02:15:15.008351,5.20780022604843,4.488112449645996,3.364894390106201
5659,2020-09-01 02:15:15.953903,5.20780022604843,4.488112449645996,3.364894390106201
5660,2020-09-01 02:15:16.851121,5.19308171105152,4.488112449645996,3.398831605911255
5661,2020-09-01 02:15:17.718662,5.19308171105152,4.531951427459717,3.398831605911255
5662,2020-09-01 02:15:18.589288,5.19308171105152,4.531951427459717,3.398831605911255
5663,2020-09-01 02:15:19.401326,5.19308171105152,4.531951427459717,3.398831605911255
5664,2020-09-01 02:15:20.400409,5.18027167799596,4.575786113739014,3.4327733516693115
5665,2020-09-01 02:15:21.211257,5.18027167799596,4.575786113739014,3.4327733516693115
5666,2020-09-01 02:15:22.120711,5.18027167799596,4.575786113739014,3.4327733516693115
5667,2020-09-01 02:15:23.051428,5.18027167799596,4.575786113739014,3.4666712284088135
5668,2020-09-01 02:15:23.952302,5.1676222677707,4.6195831298828125,3.4666712284088135
5669,2020-09-01 02:15:24.878196,5.1676222677707,4.6195831298828125,3.4666712284088135
5670,2020-09-01 02:15:25.740765,5.15513250649359,4.6195831298828125,3.500525712966919
5671,2020-09-01 02:15:26.695115,5.15513250649359,4.663342475891113,3.500525712966919
5672,2020-09-01 02:15:27.602199,5.15513250649359,4.663342475891113,3.500525712966919
5673,2020-09-01 02:15:28.479424,5.14280142465383,4.707064628601074,3.5343363285064697
5674,2020-09-01 02:15:29.386678,5.14280142465383,4.707064628601074,3.5343363285064697
5675,2020-09-01 02:15:30.297597,5.14280142465383,4.707064628601074,3.5343363285064697
5676,2020-09-01 02:15:31.126805,5.14280142465383,4.707064628601074,3.568103551864624
5677,2020-09-01 02:15:32.041848,5.13062805710358,4.750749111175537,3.568103551864624
5678,2020-09-01 02:15:32.920808,5.13062805710358,4.750749111175537,3.568103551864624
5679,2020-09-01 02:15:33.833730,5.13062805710358,4.750749111175537,3.601915121078491
5680,2020-09-01 02:15:34.742628,5.12259712530738,4.79445743560791,3.601915121078491
5681,2020-09-01 02:15:35.563777,5.12259712530738,4.79445743560791,3.601915121078491
5682,2020-09-01 02:15:36.474771,5.12259712530738,4.79445743560791,3.6356863975524902
5683,2020-09-01 02:15:37.333131,5.11473510749468,4.838130474090576,3.6356863975524902
5684,2020-09-01 02:15:38.195288,5.11473510749468,4.838130474090576,3.6356863975524902
5685,2020-09-01 02:15:39.070959,5.11473510749468,4.838130474090576,3.6356863975524902
5686,2020-09-01 02:15:40.001086,5.10555998878118,4.838130474090576,3.671654462814331
5687,2020-09-01 02:15:40.886851,5.10555998878118,4.881580352783203,3.671654462814331
5688,2020-09-01 02:15:41.828018,5.10555998878118,4.881580352783203,3.671654462814331
5689,2020-09-01 02:15:42.699220,5.10555998878118,4.881580352783203,3.7075796127319336
5690,2020-09-01 02:15:43.487383,5.09655389228186,4.924994945526123,3.7075796127319336
5691,2020-09-01 02:15:44.364053,5.09655389228186,4.924994945526123,3.7075796127319336
5692,2020-09-01 02:15:45.228591,5.09655389228186,4.924994945526123,3.7075796127319336
5693,2020-09-01 02:15:46.127679,5.08771580981572,4.968374252319336,3.7434616088867188
5694,2020-09-01 02:15:46.974556,5.08771580981572,4.968374252319336,3.7434616088867188
5695,2020-09-01 02:15:47.880674,5.08771580981572,4.968374252319336,3.7434616088867188
5696,2020-09-01 02:15:48.687033,5.07904473739886,5.011717796325684,3.7793006896972656
5697,2020-09-01 02:15:49.687983,5.07904473739886,5.011717796325684,3.7793006896972656
5698,2020-09-01 02:15:50.598113,5.07904473739886,5.011717796325684,3.7793006896972656
5699,2020-09-01 02:15:51.557923,5.07053967524121,5.055026531219482,3.8150970935821533
5700,2020-09-01 02:15:52.440185,5.07053967524121,5.055026531219482,3.8150970935821533
5701,2020-09-01 02:15:53.402007,5.07053967524121,5.055026531219482,3.8150970935821533
5702,2020-09-01 02:15:54.329694,5.0621996277434,5.055026531219482,3.8508505821228027
5703,2020-09-01 02:15:55.286172,5.0621996277434,5.098299503326416,3.8508505821228027
5704,2020-09-01 02:15:56.050360,5.0621996277434,5.098299503326416,3.8508505821228027
5705,2020-09-01 02:15:56.949352,5.05402360349372,5.098299503326416,3.886561632156372
5706,2020-09-01 02:15:57.803732,5.05402360349372,5.141537666320801,3.886561632156372
5707,2020-09-01 02:15:58.707093,5.05402360349372,5.141537666320801,3.886561632156372
5708,2020-09-01 02:15:59.643315,5.05402360349372,5.141537666320801,3.886561632156372
5709,2020-09-01 02:16:00.573825,5.04601061526533,5.1847405433654785,3.9222304821014404
5710,2020-09-01 02:16:01.434019,5.04601061526533,5.1847405433654785,3.9222304821014404
5711,2020-09-01 02:16:02.307105,5.04601061526533,5.1847405433654785,3.9222304821014404
5712,2020-09-01 02:16:03.169930,5.03815968001354,5.227908611297607,3.9578568935394287
5713,2020-09-01 02:16:04.061523,5.03815968001354,5.227908611297607,3.9578568935394287
5714,2020-09-01 02:16:04.947368,5.03815968001354,5.227908611297607,3.9578568935394287
5715,2020-09-01 02:16:05.765128,5.03815968001354,5.227908611297607,3.993441104888916
5716,2020-09-01 02:16:06.641963,5.03046981887329,5.271041393280029,3.993441104888916
5717,2020-09-01 02:16:07.566339,5.03046981887329,5.271041393280029,3.993441104888916
5718,2020-09-01 02:16:08.427429,5.03046981887329,5.271041393280029,3.993441104888916
5719,2020-09-01 02:16:09.328484,5.02294005715684,5.314139366149902,4.028983116149902
5720,2020-09-01 02:16:10.193660,5.02294005715684,5.314139366149902,4.028983116149902
5721,2020-09-01 02:16:11.120590,5.02294005715684,5.314139366149902,4.028983116149902
5722,2020-09-01 02:16:12.086074,5.0155694243516,5.357203006744385,4.064483642578125
5723,2020-09-01 02:16:12.982005,5.0155694243516,5.357203006744385,4.064483642578125
5724,2020-09-01 02:16:13.822351,5.0155694243516,5.357203006744385,4.064483642578125
5725,2020-09-01 02:16:14.726621,5.00844479046629,5.3968682289123535,4.108019828796387
5726,2020-09-01 02:16:15.539201,5.00844479046629,5.3968682289123535,4.108019828796387
5727,2020-09-01 02:16:16.488507,5.00844479046629,5.3968682289123535,4.108019828796387
5728,2020-09-01 02:16:17.370686,5.02973634530075,5.364561080932617,4.152373790740967
5729,2020-09-01 02:16:18.339441,5.02973634530075,5.364561080932617,4.152373790740967
5730,2020-09-01 02:16:19.172118,5.02973634530075,5.364561080932617,4.152373790740967
5731,2020-09-01 02:16:19.914320,5.02973634530075,5.364561080932617,4.196703910827637
5732,2020-09-01 02:16:20.860510,5.05102846137235,5.332254409790039,4.196703910827637
5733,2020-09-01 02:16:21.766242,5.05102846137235,5.332254409790039,4.196703910827637
5734,2020-09-01 02:16:22.644119,5.05102846137235,5.332254409790039,4.196703910827637
5735,2020-09-01 02:16:23.484525,5.05102846137235,5.332254409790039,4.2410101890563965
5736,2020-09-01 02:16:24.413976,5.07232107295579,5.299947738647461,4.2410101890563965
5737,2020-09-01 02:16:25.249441,5.07232107295579,5.299947738647461,4.2410101890563965
5738,2020-09-01 02:16:26.114665,5.07232107295579,5.299947738647461,4.2410101890563965
5739,2020-09-01 02:16:26.952734,5.09361411473256,5.267641067504883,4.285293102264404
5740,2020-09-01 02:16:27.845987,5.09361411473256,5.267641067504883,4.285293102264404
5741,2020-09-01 02:16:28.735432,5.09361411473256,5.267641067504883,4.285293102264404
5742,2020-09-01 02:16:29.641507,5.11490752178857,5.2353339195251465,4.329551696777344
5743,2020-09-01 02:16:30.505618,5.11490752178857,5.2353339195251465,4.329551696777344
5744,2020-09-01 02:16:31.477004,5.11490752178857,5.2353339195251465,4.329551696777344
5745,2020-09-01 02:16:32.372606,5.13620122961166,5.203027248382568,4.373786926269531
5746,2020-09-01 02:16:33.283059,5.13620122961166,5.203027248382568,4.373786926269531
5747,2020-09-01 02:16:34.185906,5.13620122961166,5.203027248382568,4.373786926269531
5748,2020-09-01 02:16:35.110944,5.13620122961166,5.203027248382568,4.41785192489624
5749,2020-09-01 02:16:36.003696,5.1537104481407,5.17072057723999,4.41785192489624
5750,2020-09-01 02:16:36.859686,5.1537104481407,5.17072057723999,4.41785192489624
5751,2020-09-01 02:16:37.675996,5.1537104481407,5.17072057723999,4.41785192489624
5752,2020-09-01 02:16:38.533466,5.17119539363375,5.138413429260254,4.461888790130615
5753,2020-09-01 02:16:39.403210,5.17119539363375,5.138413429260254,4.461888790130615
5754,2020-09-01 02:16:40.294878,5.17119539363375,5.138413429260254,4.461888790130615
5755,2020-09-01 02:16:41.211049,5.17119539363375,5.138413429260254,4.505897045135498
5756,2020-09-01 02:16:42.094170,5.18865619772652,5.106106758117676,4.505897045135498
5757,2020-09-01 02:16:42.956271,5.18865619772652,5.106106758117676,4.505897045135498
5758,2020-09-01 02:16:43.754846,5.18865619772652,5.106106758117676,4.549877166748047
5759,2020-09-01 02:16:44.623753,5.20609299125165,5.073800086975098,4.549877166748047
5760,2020-09-01 02:16:45.502362,5.20609299125165,5.073800086975098,4.549877166748047
5761,2020-09-01 02:16:46.402865,5.20609299125165,5.073800086975098,4.549877166748047
5762,2020-09-01 02:16:47.290877,5.2235059042428,5.041492938995361,4.5938286781311035
5763,2020-09-01 02:16:48.149637,5.2235059042428,5.041492938995361,4.5938286781311035
5764,2020-09-01 02:16:49.114369,5.2235059042428,5.041492938995361,4.5938286781311035
5765,2020-09-01 02:16:49.990485,5.27215331490144,5.0102763175964355,4.483628273010254
5766,2020-09-01 02:16:50.894804,5.27215331490144,5.0102763175964355,4.483628273010254
5767,2020-09-01 02:16:51.825595,5.27215331490144,5.0102763175964355,4.483628273010254
5768,2020-09-01 02:16:52.870854,5.32065320189299,4.979059219360352,4.373429775238037
5769,2020-09-01 02:16:53.720028,5.32065320189299,4.979059219360352,4.373429775238037
5770,2020-09-01 02:16:54.636745,5.32065320189299,4.979059219360352,4.373429775238037
5771,2020-09-01 02:16:55.554605,5.36900612835682,4.947842121124268,4.263232231140137
5772,2020-09-01 02:16:56.466281,5.36900612835682,4.947842121124268,4.263232231140137
5773,2020-09-01 02:16:57.277671,5.36900612835682,4.947842121124268,4.263232231140137
5774,2020-09-01 02:16:58.202955,5.36900612835682,4.947842121124268,4.153036594390869
5775,2020-09-01 02:16:59.087289,5.41721265638091,4.916625022888184,4.153036594390869
5776,2020-09-01 02:17:00.030590,5.41721265638091,4.916625022888184,4.153036594390869
5777,2020-09-01 02:17:00.860222,5.41721265638091,4.916625022888184,4.153036594390869
5778,2020-09-01 02:17:01.689694,5.46527334699898,4.8854079246521,4.042842388153076
5779,2020-09-01 02:17:02.584885,5.46527334699898,4.8854079246521,4.042842388153076
5780,2020-09-01 02:17:03.505322,5.46527334699898,4.8854079246521,4.042842388153076
5781,2020-09-01 02:17:04.386402,5.51318876018749,4.854191303253174,3.932649612426758
5782,2020-09-01 02:17:05.294621,5.51318876018749,4.854191303253174,3.932649612426758
5783,2020-09-01 02:17:06.179611,5.51318876018749,4.854191303253174,3.932649612426758
5784,2020-09-01 02:17:07.152664,5.5609594548627,4.82297420501709,3.822458505630493
5785,2020-09-01 02:17:08.076803,5.5609594548627,4.82297420501709,3.822458505630493
5786,2020-09-01 02:17:08.990248,5.5609594548627,4.82297420501709,3.822458505630493
5787,2020-09-01 02:17:09.888373,5.60858598887771,4.791757106781006,3.712268829345703
5788,2020-09-01 02:17:10.731190,5.60858598887771,4.791757106781006,3.712268829345703
5789,2020-09-01 02:17:11.590255,5.60858598887771,4.791757106781006,3.712268829345703
5790,2020-09-01 02:17:12.562277,5.60858598887771,4.791757106781006,3.602080821990967
5791,2020-09-01 02:17:13.545642,5.60858598887771,4.760540008544922,3.602080821990967
5792,2020-09-01 02:17:14.534021,5.60858598887771,4.760540008544922,3.602080821990967
5793,2020-09-01 02:17:15.404339,5.60858598887771,4.760540008544922,3.602080821990967
5794,2020-09-01 02:17:16.265738,5.60858598887771,4.729323387145996,3.491894245147705
5795,2020-09-01 02:17:17.198083,5.60858598887771,4.729323387145996,3.491894245147705
5796,2020-09-01 02:17:18.058951,5.60858598887771,4.729323387145996,3.491894245147705
5797,2020-09-01 02:17:18.954975,5.60858598887771,4.698106288909912,3.381709337234497
5798,2020-09-01 02:17:19.813455,5.60858598887771,4.698106288909912,3.381709337234497
5799,2020-09-01 02:17:20.773275,5.60858598887771,4.698106288909912,3.381709337234497
5800,2020-09-01 02:17:21.718231,5.60858598887771,4.698106288909912,3.2715258598327637
5801,2020-09-01 02:17:22.612544,5.60858598887771,4.666889190673828,3.2715258598327637
5802,2020-09-01 02:17:23.570194,5.60858598887771,4.666889190673828,3.2715258598327637
5803,2020-09-01 02:17:24.483283,5.60858598887771,4.666889190673828,3.1668717861175537
5804,2020-09-01 02:17:25.388906,5.60858598887771,4.637142181396484,3.1668717861175537
5805,2020-09-01 02:17:26.250280,5.60858598887771,4.637142181396484,3.1668717861175537
5806,2020-09-01 02:17:27.086954,5.60858598887771,4.637142181396484,3.1668717861175537
5807,2020-09-01 02:17:27.970469,5.60858598887771,4.607394695281982,3.0622191429138184
5808,2020-09-01 02:17:28.982101,5.60858598887771,4.607394695281982,3.0622191429138184
5809,2020-09-01 02:17:29.755158,5.60858598887771,4.607394695281982,3.0622191429138184
5810,2020-09-01 02:17:30.670094,5.60858598887771,4.577647686004639,2.9575679302215576
5811,2020-09-01 02:17:31.602007,5.60858598887771,4.577647686004639,2.9575679302215576
5812,2020-09-01 02:17:32.485883,5.60858598887771,4.577647686004639,2.9575679302215576
5813,2020-09-01 02:17:33.344447,5.60858598887771,4.547900199890137,2.8529181480407715
5814,2020-09-01 02:17:34.263518,5.60858598887771,4.547900199890137,2.8529181480407715
5815,2020-09-01 02:17:35.198168,5.60858598887771,4.547900199890137,2.8529181480407715
5816,2020-09-01 02:17:36.171969,5.60858598887771,4.547900199890137,2.74826979637146
5817,2020-09-01 02:17:37.198998,5.60858598887771,4.518153190612793,2.74826979637146
5818,2020-09-01 02:17:38.045725,5.60858598887771,4.518153190612793,2.74826979637146
5819,2020-09-01 02:17:38.972117,5.60858598887771,4.518153190612793,2.74826979637146
5820,2020-09-01 02:17:39.789757,5.56453104741345,4.488405704498291,2.783987045288086
5821,2020-09-01 02:17:40.715586,5.56453104741345,4.488405704498291,2.783987045288086
5822,2020-09-01 02:17:41.554865,5.56453104741345,4.488405704498291,2.783987045288086
5823,2020-09-01 02:17:42.570425,5.56453104741345,4.488405704498291,2.8196234703063965
5824,2020-09-01 02:17:43.431317,5.52050147408664,4.458658695220947,2.8196234703063965
5825,2020-09-01 02:17:44.459100,5.52050147408664,4.458658695220947,2.8196234703063965
5826,2020-09-01 02:17:45.374491,5.52050147408664,4.458658695220947,2.8196234703063965
5827,2020-09-01 02:17:46.242571,5.47649725690374,4.428911209106445,2.8551790714263916
5828,2020-09-01 02:17:47.124393,5.47649725690374,4.428911209106445,2.8551790714263916
5829,2020-09-01 02:17:48.054711,5.47649725690374,4.428911209106445,2.8551790714263916
5830,2020-09-01 02:17:49.036490,5.46154444006601,4.418797492980957,2.8672404289245605
5831,2020-09-01 02:17:49.933790,5.46154444006601,4.418797492980957,2.8672404289245605
5832,2020-09-01 02:17:50.941920,5.46154444006601,4.418797492980957,2.8672404289245605
5833,2020-09-01 02:17:51.969740,5.43252406676153,4.399164199829102,2.8906357288360596
5834,2020-09-01 02:17:52.834080,5.43252406676153,4.399164199829102,2.8906357288360596
5835,2020-09-01 02:17:53.743168,5.43252406676153,4.399164199829102,2.8906357288360596
5836,2020-09-01 02:17:54.734002,5.38857051821765,4.3694167137146,2.926029682159424
5837,2020-09-01 02:17:55.652792,5.38857051821765,4.3694167137146,2.926029682159424
5838,2020-09-01 02:17:56.497063,5.38857051821765,4.3694167137146,2.926029682159424
5839,2020-09-01 02:17:57.373836,5.3446422897228,4.339669704437256,2.961343288421631
5840,2020-09-01 02:17:58.157771,5.3446422897228,4.339669704437256,2.961343288421631
5841,2020-09-01 02:17:59.032243,5.3446422897228,4.339669704437256,2.961343288421631
5842,2020-09-01 02:17:59.965861,5.30073936920482,4.309922695159912,2.9965760707855225
5843,2020-09-01 02:18:00.878726,5.30073936920482,4.309922695159912,2.9965760707855225
5844,2020-09-01 02:18:01.750283,5.30073936920482,4.309922695159912,2.9965760707855225
5845,2020-09-01 02:18:02.595244,5.30073936920482,4.309922695159912,3.038984537124634
5846,2020-09-01 02:18:03.532738,5.25707319549032,4.281900882720947,3.038984537124634
5847,2020-09-01 02:18:04.388847,5.25707319549032,4.281900882720947,3.038984537124634
5848,2020-09-01 02:18:05.256458,5.25707319549032,4.281900882720947,3.0813052654266357
5849,2020-09-01 02:18:06.104054,5.21343450008314,4.253879547119141,3.0813052654266357
5850,2020-09-01 02:18:07.079608,5.21343450008314,4.253879547119141,3.0813052654266357
5851,2020-09-01 02:18:07.895812,5.21343450008314,4.253879547119141,3.0813052654266357
5852,2020-09-01 02:18:08.827178,5.16982327177105,4.225858211517334,3.1235387325286865
5853,2020-09-01 02:18:09.701640,5.16982327177105,4.225858211517334,3.1235387325286865
5854,2020-09-01 02:18:10.596617,5.16982327177105,4.225858211517334,3.1235387325286865
5855,2020-09-01 02:18:11.559490,5.12623949931948,4.225858211517334,3.165684461593628
5856,2020-09-01 02:18:12.434711,5.12623949931948,4.197836875915527,3.165684461593628
5857,2020-09-01 02:18:13.274549,5.12623949931948,4.197836875915527,3.165684461593628
5858,2020-09-01 02:18:14.141007,5.12623949931948,4.197836875915527,3.165684461593628
5859,2020-09-01 02:18:14.954360,5.08268317147149,4.169815540313721,3.207742929458618
5860,2020-09-01 02:18:15.823664,5.08268317147149,4.169815540313721,3.207742929458618
5861,2020-09-01 02:18:16.623771,5.08268317147149,4.169815540313721,3.207742929458618
5862,2020-09-01 02:18:17.517180,5.08268317147149,4.169815540313721,3.249713897705078
5863,2020-09-01 02:18:18.355524,5.0391542769477,4.141794204711914,3.249713897705078
5864,2020-09-01 02:18:19.175942,5.0391542769477,4.141794204711914,3.249713897705078
5865,2020-09-01 02:18:20.011177,5.0391542769477,4.141794204711914,3.249713897705078
5866,2020-09-01 02:18:20.870191,4.99565280444632,4.113772392272949,3.291597366333008
5867,2020-09-01 02:18:21.822553,4.99565280444632,4.113772392272949,3.291597366333008
5868,2020-09-01 02:18:22.684194,4.99565280444632,4.113772392272949,3.291597366333008
5869,2020-09-01 02:18:23.488972,4.95217874264308,4.113772392272949,3.3333935737609863
5870,2020-09-01 02:18:24.377062,4.95217874264308,4.085751056671143,3.3333935737609863
5871,2020-09-01 02:18:25.185491,4.95217874264308,4.085751056671143,3.3333935737609863
5872,2020-09-01 02:18:25.999720,4.95217874264308,4.085751056671143,3.3333935737609863
5873,2020-09-01 02:18:26.917919,4.90873208019126,4.057729721069336,3.3751025199890137
5874,2020-09-01 02:18:27.801570,4.90873208019126,4.057729721069336,3.3751025199890137
5875,2020-09-01 02:18:28.625809,4.90873208019126,4.057729721069336,3.4167239665985107
5876,2020-09-01 02:18:29.589847,4.86531280572156,4.029708385467529,3.4167239665985107
5877,2020-09-01 02:18:30.438442,4.86531280572156,4.029708385467529,3.4167239665985107
5878,2020-09-01 02:18:31.314830,4.86531280572156,4.029708385467529,3.4167239665985107
5879,2020-09-01 02:18:32.267997,4.8219209078422,4.001687049865723,3.4582583904266357
5880,2020-09-01 02:18:33.166224,4.8219209078422,4.001687049865723,3.4582583904266357
5881,2020-09-01 02:18:34.088643,4.8219209078422,4.001687049865723,3.4582583904266357
5882,2020-09-01 02:18:34.952005,4.77855637513881,3.973665475845337,3.4997055530548096
5883,2020-09-01 02:18:35.898441,4.77855637513881,3.973665475845337,3.4997055530548096
5884,2020-09-01 02:18:36.813939,4.77855637513881,3.973665475845337,3.4997055530548096
5885,2020-09-01 02:18:37.699558,4.77855637513881,3.973665475845337,3.4997055530548096
5886,2020-09-01 02:18:38.628361,4.7352566339292,3.9495303630828857,3.5422959327697754
5887,2020-09-01 02:18:39.577492,4.7352566339292,3.9495303630828857,3.5422959327697754
5888,2020-09-01 02:18:40.563806,4.7352566339292,3.9495303630828857,3.5847980976104736
5889,2020-09-01 02:18:41.387941,4.6919846113416,3.9253950119018555,3.5847980976104736
5890,2020-09-01 02:18:42.298852,4.6919846113416,3.9253950119018555,3.5847980976104736
5891,2020-09-01 02:18:43.141046,4.6919846113416,3.9253950119018555,3.5847980976104736
5892,2020-09-01 02:18:43.989757,4.64874029607692,3.901259660720825,3.6272120475769043
5893,2020-09-01 02:18:44.830958,4.64874029607692,3.901259660720825,3.6272120475769043
5894,2020-09-01 02:18:45.873453,4.64874029607692,3.901259660720825,3.6272120475769043
5895,2020-09-01 02:18:46.725782,4.64874029607692,3.901259660720825,3.6272120475769043
5896,2020-09-01 02:18:47.556419,4.61935299497749,3.901259660720825,3.6559934616088867
5897,2020-09-01 02:18:48.498922,4.61935299497749,3.88484787940979,3.6559934616088867
5898,2020-09-01 02:18:49.323679,4.61935299497749,3.88484787940979,3.6559934616088867
5899,2020-09-01 02:18:50.102621,4.61935299497749,3.88484787940979,3.66951847076416
5900,2020-09-01 02:18:51.062147,4.60552970008297,3.877124547958374,3.66951847076416
5901,2020-09-01 02:18:51.986023,4.60552970008297,3.877124547958374,3.66951847076416
5902,2020-09-01 02:18:52.907855,4.60552970008297,3.877124547958374,3.7117557525634766
5903,2020-09-01 02:18:53.883819,4.5623407573088,3.8529891967773438,3.7117557525634766
5904,2020-09-01 02:18:54.761817,4.5623407573088,3.8529891967773438,3.7117557525634766
5905,2020-09-01 02:18:55.596245,4.5623407573088,3.8529891967773438,3.7117557525634766
5906,2020-09-01 02:18:56.542606,4.51917948782517,3.8288540840148926,3.7539048194885254
5907,2020-09-01 02:18:57.491459,4.51917948782517,3.8288540840148926,3.7539048194885254
5908,2020-09-01 02:18:58.355907,4.51917948782517,3.8288540840148926,3.7539048194885254
5909,2020-09-01 02:18:59.348152,4.47604588024055,3.8047187328338623,3.7959659099578857
5910,2020-09-01 02:19:00.361076,4.47604588024055,3.8047187328338623,3.7959659099578857
5911,2020-09-01 02:19:01.278345,4.47604588024055,3.8047187328338623,3.7959659099578857
5912,2020-09-01 02:19:02.187301,4.47604588024055,3.8047187328338623,3.8379387855529785
5913,2020-09-01 02:19:03.040141,4.4329399231402,3.780583381652832,3.8379387855529785
5914,2020-09-01 02:19:03.969779,4.4329399231402,3.780583381652832,3.8379387855529785
5915,2020-09-01 02:19:04.904811,4.4329399231402,3.780583381652832,3.879823684692383
5916,2020-09-01 02:19:05.771371,4.38986160508618,3.756448268890381,3.879823684692383
5917,2020-09-01 02:19:06.677667,4.38986160508618,3.756448268890381,3.879823684692383
5918,2020-09-01 02:19:07.607036,4.38986160508618,3.756448268890381,3.879823684692383
5919,2020-09-01 02:19:08.510309,4.34681091461732,3.7323129177093506,3.9216203689575195
5920,2020-09-01 02:19:09.401835,4.34681091461732,3.7323129177093506,3.9216203689575195
5921,2020-09-01 02:19:10.265709,4.34681091461732,3.7323129177093506,3.9216203689575195
5922,2020-09-01 02:19:11.155729,4.34681091461732,3.7323129177093506,3.9633290767669678
5923,2020-09-01 02:19:12.073172,4.30378784024916,3.7081778049468994,3.9633290767669678
5924,2020-09-01 02:19:12.984867,4.30378784024916,3.7081778049468994,3.9633290767669678
5925,2020-09-01 02:19:13.810316,4.30378784024916,3.7081778049468994,4.004950046539307
5926,2020-09-01 02:19:14.699765,4.26079237047392,3.684042453765869,4.004950046539307
5927,2020-09-01 02:19:15.490867,4.26079237047392,3.684042453765869,4.004950046539307
5928,2020-09-01 02:19:16.362570,4.26079237047392,3.684042453765869,4.004950046539307
5929,2020-09-01 02:19:17.289614,4.21806788748113,3.6583571434020996,4.054135799407959
5930,2020-09-01 02:19:18.231405,4.21806788748113,3.6583571434020996,4.054135799407959
5931,2020-09-01 02:19:19.087388,4.21806788748113,3.6583571434020996,4.054135799407959
5932,2020-09-01 02:19:19.972161,4.17537335473672,3.632671594619751,4.103226184844971
5933,2020-09-01 02:19:20.908685,4.17537335473672,3.632671594619751,4.103226184844971
5934,2020-09-01 02:19:21.880695,4.17537335473672,3.632671594619751,4.152220726013184
5935,2020-09-01 02:19:22.833879,4.13270876198941,3.6069862842559814,4.152220726013184
5936,2020-09-01 02:19:23.706747,4.13270876198941,3.6069862842559814,4.152220726013184
5937,2020-09-01 02:19:24.576331,4.09007409896216,3.581300973892212,4.201120376586914
5938,2020-09-01 02:19:25.488255,4.09007409896216,3.581300973892212,4.201120376586914
5939,2020-09-01 02:19:26.417097,4.09007409896216,3.581300973892212,4.201120376586914
5940,2020-09-01 02:19:27.303566,4.09007409896216,3.581300973892212,4.249924659729004
5941,2020-09-01 02:19:28.176892,4.04746935535228,3.5556154251098633,4.249924659729004
5942,2020-09-01 02:19:29.020436,4.04746935535228,3.5556154251098633,4.249924659729004
5943,2020-09-01 02:19:29.900465,4.04746935535228,3.5556154251098633,4.249924659729004
5944,2020-09-01 02:19:30.795619,4.00489452083127,3.5299301147460938,4.298633575439453
5945,2020-09-01 02:19:31.645594,4.00489452083127,3.5299301147460938,4.298633575439453
5946,2020-09-01 02:19:32.518627,4.00489452083127,3.5299301147460938,4.298633575439453
5947,2020-09-01 02:19:33.446298,3.96234958504485,3.5299301147460938,4.347247123718262
5948,2020-09-01 02:19:34.396668,3.96234958504485,3.504244804382324,4.347247123718262
5949,2020-09-01 02:19:35.330052,3.96234958504485,3.504244804382324,4.347247123718262
5950,2020-09-01 02:19:36.180013,3.96234958504485,3.504244804382324,4.39576530456543
5951,2020-09-01 02:19:37.028903,3.91983453761286,3.4785594940185547,4.39576530456543
5952,2020-09-01 02:19:37.910708,3.91983453761286,3.4785594940185547,4.39576530456543
5953,2020-09-01 02:19:38.815271,3.91983453761286,3.4785594940185547,4.39576530456543
5954,2020-09-01 02:19:39.665010,3.91983453761286,3.4785594940185547,4.444188117980957
5955,2020-09-01 02:19:40.617948,3.87734936812926,3.452873945236206,4.444188117980957
5956,2020-09-01 02:19:41.507459,3.87734936812926,3.452873945236206,4.444188117980957
5957,2020-09-01 02:19:42.403748,3.83489406616208,3.452873945236206,4.492516040802002
5958,2020-09-01 02:19:43.239165,3.83489406616208,3.4271886348724365,4.492516040802002
5959,2020-09-01 02:19:44.111512,3.83489406616208,3.4271886348724365,4.492516040802002
5960,2020-09-01 02:19:45.077987,3.83489406616208,3.4271886348724365,4.5407490730285645
5961,2020-09-01 02:19:45.987453,3.79246862125336,3.401503324508667,4.5407490730285645
5962,2020-09-01 02:19:46.878266,3.79246862125336,3.401503324508667,4.5407490730285645
5963,2020-09-01 02:19:47.757482,3.79246862125336,3.401503324508667,4.5407490730285645
5964,2020-09-01 02:19:48.668411,3.75007302291912,3.3758177757263184,4.588886260986328
5965,2020-09-01 02:19:49.612991,3.75007302291912,3.3758177757263184,4.588886260986328
5966,2020-09-01 02:19:50.542752,3.75007302291912,3.3758177757263184,4.588886260986328
5967,2020-09-01 02:19:51.521051,3.70795290808074,3.3556578159332275,4.644107341766357
5968,2020-09-01 02:19:52.408523,3.70795290808074,3.3556578159332275,4.644107341766357
5969,2020-09-01 02:19:53.273524,3.70795290808074,3.3556578159332275,4.644107341766357
5970,2020-09-01 02:19:54.182462,3.70795290808074,3.3556578159332275,4.565090179443359
5971,2020-09-01 02:19:55.042532,3.70795290808074,3.3354978561401367,4.565090179443359
5972,2020-09-01 02:19:55.970467,3.70795290808074,3.3354978561401367,4.565090179443359
5973,2020-09-01 02:19:56.874743,3.70795290808074,3.3354978561401367,4.565090179443359
5974,2020-09-01 02:19:57.786719,3.70795290808074,3.315337896347046,4.4860734939575195
5975,2020-09-01 02:19:58.723650,3.70795290808074,3.315337896347046,4.4860734939575195
5976,2020-09-01 02:19:59.666470,3.70795290808074,3.315337896347046,4.4070563316345215
5977,2020-09-01 02:20:00.473630,3.70795290808074,3.295177698135376,4.4070563316345215
5978,2020-09-01 02:20:01.389675,3.70795290808074,3.295177698135376,4.4070563316345215
5979,2020-09-01 02:20:02.270958,3.70795290808074,3.295177698135376,4.328039646148682
5980,2020-09-01 02:20:03.073793,3.70795290808074,3.275017738342285,4.328039646148682
5981,2020-09-01 02:20:04.016261,3.70795290808074,3.275017738342285,4.328039646148682
5982,2020-09-01 02:20:04.902808,3.70795290808074,3.275017738342285,4.249022483825684
5983,2020-09-01 02:20:05.779477,3.70795290808074,3.2548577785491943,4.249022483825684
5984,2020-09-01 02:20:06.679338,3.70795290808074,3.2548577785491943,4.249022483825684
5985,2020-09-01 02:20:07.545633,3.70795290808074,3.2346975803375244,4.170005798339844
5986,2020-09-01 02:20:08.524203,3.70795290808074,3.2346975803375244,4.170005798339844
5987,2020-09-01 02:20:09.428908,3.70795290808074,3.2346975803375244,4.170005798339844
5988,2020-09-01 02:20:10.435260,3.70795290808074,3.2346975803375244,4.090988636016846
5989,2020-09-01 02:20:11.351294,3.70795290808074,3.2145376205444336,4.090988636016846
5990,2020-09-01 02:20:12.166628,3.70795290808074,3.2145376205444336,4.090988636016846
5991,2020-09-01 02:20:13.026477,3.70795290808074,3.2145376205444336,4.011971473693848
5992,2020-09-01 02:20:13.846302,3.70795290808074,3.1943776607513428,4.011971473693848
5993,2020-09-01 02:20:14.757512,3.70795290808074,3.1943776607513428,4.011971473693848
5994,2020-09-01 02:20:16.866588,3.70795290808074,3.1943776607513428,4.011971473693848
5995,2020-09-01 02:20:17.770814,3.70795290808074,3.174217700958252,3.932954788208008
5996,2020-09-01 02:20:18.602026,3.70795290808074,3.174217700958252,3.932954788208008
5997,2020-09-01 02:20:19.445610,3.70795290808074,3.174217700958252,3.932954788208008
5998,2020-09-01 02:20:20.289822,3.70795290808074,3.154057502746582,3.853937864303589
5999,2020-09-01 02:20:21.294371,3.70795290808074,3.154057502746582,3.853937864303589
6000,2020-09-01 02:20:22.258648,3.70795290808074,3.154057502746582,3.853937864303589
6001,2020-09-01 02:20:23.193451,3.70795290808074,3.133897542953491,3.77492094039917
6002,2020-09-01 02:20:24.206116,3.70795290808074,3.133897542953491,3.77492094039917
6003,2020-09-01 02:20:25.075241,3.70795290808074,3.133897542953491,3.77492094039917
6004,2020-09-01 02:20:25.831277,3.70795290808074,3.1085822582244873,3.69272518157959
6005,2020-09-01 02:20:26.632624,3.70795290808074,3.1085822582244873,3.69272518157959
6006,2020-09-01 02:20:27.525830,3.70795290808074,3.1085822582244873,3.69272518157959
6007,2020-09-01 02:20:28.482137,3.70795290808074,3.0832669734954834,3.610530376434326
6008,2020-09-01 02:20:29.290950,3.70795290808074,3.0832669734954834,3.610530376434326
6009,2020-09-01 02:20:30.195121,3.70795290808074,3.0832669734954834,3.610530376434326
6010,2020-09-01 02:20:31.090249,3.70795290808074,3.0832669734954834,3.528336524963379
6011,2020-09-01 02:20:32.039511,3.70795290808074,3.0579514503479004,3.528336524963379
6012,2020-09-01 02:20:32.868445,3.70795290808074,3.0579514503479004,3.528336524963379
6013,2020-09-01 02:20:33.608835,3.70795290808074,3.0579514503479004,3.446143627166748
6014,2020-09-01 02:20:34.465748,3.70795290808074,3.0326361656188965,3.446143627166748
6015,2020-09-01 02:20:35.385655,3.70795290808074,3.0326361656188965,3.446143627166748
6016,2020-09-01 02:20:36.244028,3.70795290808074,3.0326361656188965,3.446143627166748
6017,2020-09-01 02:20:37.087383,3.70795290808074,3.0073208808898926,3.3639514446258545
6018,2020-09-01 02:20:37.993478,3.70795290808074,3.0073208808898926,3.3639514446258545
6019,2020-09-01 02:20:38.870859,3.70795290808074,3.0073208808898926,3.3639514446258545
6020,2020-09-01 02:20:39.718602,3.70795290808074,3.0073208808898926,3.2817599773406982
6021,2020-09-01 02:20:40.586396,3.70795290808074,2.9820053577423096,3.2817599773406982
6022,2020-09-01 02:20:41.490477,3.70795290808074,2.9820053577423096,3.2817599773406982
6023,2020-09-01 02:20:42.344604,3.70795290808074,2.9820053577423096,3.2817599773406982
6024,2020-09-01 02:20:43.270232,3.70795290808074,2.9820053577423096,3.1995694637298584
6025,2020-09-01 02:20:44.185043,3.70795290808074,2.9566900730133057,3.1995694637298584
6026,2020-09-01 02:20:45.107682,3.70795290808074,2.9566900730133057,3.1995694637298584
6027,2020-09-01 02:20:45.980931,3.70795290808074,2.9566900730133057,3.117379665374756
6028,2020-09-01 02:20:46.873588,3.70795290808074,2.9313747882843018,3.117379665374756
6029,2020-09-01 02:20:47.776230,3.70795290808074,2.9313747882843018,3.117379665374756
6030,2020-09-01 02:20:48.663747,3.70795290808074,2.9313747882843018,3.117379665374756
6031,2020-09-01 02:20:49.528076,3.67727297341543,2.976334810256958,3.0351908206939697
6032,2020-09-01 02:20:50.407479,3.67727297341543,2.976334810256958,3.0351908206939697
6033,2020-09-01 02:20:51.238178,3.67727297341543,2.976334810256958,3.0351908206939697
6034,2020-09-01 02:20:52.109317,3.67727297341543,2.976334810256958,3.0351908206939697
6035,2020-09-01 02:20:52.978220,3.6466165114103,3.0212414264678955,2.953002691268921
6036,2020-09-01 02:20:53.862678,3.6466165114103,3.0212414264678955,2.953002691268921
6037,2020-09-01 02:20:54.762888,3.6159835192493,3.066094160079956,2.8708152770996094
6038,2020-09-01 02:20:55.584803,3.6159835192493,3.066094160079956,2.8708152770996094
6039,2020-09-01 02:20:56.389680,3.6159835192493,3.066094160079956,2.8708152770996094
6040,2020-09-01 02:20:57.281673,3.6159835192493,3.066094160079956,2.8708152770996094
6041,2020-09-01 02:20:58.190618,3.58537399411162,3.1108930110931396,2.7886288166046143
6042,2020-09-01 02:20:59.082282,3.58537399411162,3.1108930110931396,2.7886288166046143
6043,2020-09-01 02:20:59.980383,3.58537399411162,3.1108930110931396,2.7886288166046143
6044,2020-09-01 02:21:00.825603,3.58537399411162,3.1108930110931396,2.832542657852173
6045,2020-09-01 02:21:01.753773,3.51466180669463,3.1560189723968506,2.832542657852173
6046,2020-09-01 02:21:02.605789,3.51466180669463,3.1560189723968506,2.832542657852173
6047,2020-09-01 02:21:03.541736,3.44402155854458,3.1560189723968506,2.876340389251709
6048,2020-09-01 02:21:04.358505,3.44402155854458,3.201063394546509,2.876340389251709
6049,2020-09-01 02:21:05.249803,3.44402155854458,3.201063394546509,2.876340389251709
6050,2020-09-01 02:21:06.194474,3.44402155854458,3.201063394546509,2.876340389251709
6051,2020-09-01 02:21:07.161722,3.40662034862724,3.224893808364868,2.899491786956787
6052,2020-09-01 02:21:08.022610,3.40662034862724,3.224893808364868,2.899491786956787
6053,2020-09-01 02:21:08.816606,3.40662034862724,3.224893808364868,2.899491786956787
6054,2020-09-01 02:21:09.727172,3.37347114659778,3.2460062503814697,2.9199934005737305
6055,2020-09-01 02:21:10.650572,3.37347114659778,3.2460062503814697,2.9199934005737305
6056,2020-09-01 02:21:11.520210,3.37347114659778,3.2460062503814697,2.9199934005737305
6057,2020-09-01 02:21:12.539418,3.37347114659778,3.2460062503814697,2.9199934005737305
6058,2020-09-01 02:21:13.410984,3.37347114659778,3.2460062503814697,2.9199934005737305
6059,2020-09-01 02:21:14.277463,3.37347114659778,3.2460062503814697,2.9199934005737305
6060,2020-09-01 02:21:15.141554,3.37347114659778,3.2460062503814697,2.9199934005737305
6061,2020-09-01 02:21:16.041206,3.37347114659778,3.2460062503814697,2.963559627532959
6062,2020-09-01 02:21:16.958432,3.30297471514275,3.2908880710601807,2.963559627532959
6063,2020-09-01 02:21:17.787747,3.30297471514275,3.2908880710601807,2.963559627532959
6064,2020-09-01 02:21:18.680734,3.30297471514275,3.2908880710601807,3.007009744644165
6065,2020-09-01 02:21:19.554433,3.23255018770335,3.3356881141662598,3.007009744644165
6066,2020-09-01 02:21:20.357102,3.23255018770335,3.3356881141662598,3.007009744644165
6067,2020-09-01 02:21:21.173176,3.23255018770335,3.3356881141662598,3.007009744644165
6068,2020-09-01 02:21:22.015872,3.16219755245434,3.3804070949554443,3.050344228744507
6069,2020-09-01 02:21:22.834350,3.16219755245434,3.3804070949554443,3.050344228744507
6070,2020-09-01 02:21:23.682816,3.16219755245434,3.3804070949554443,3.0935628414154053
6071,2020-09-01 02:21:24.521450,3.09191679753384,3.425044298171997,3.0935628414154053
6072,2020-09-01 02:21:25.373107,3.09191679753384,3.425044298171997,3.0935628414154053
6073,2020-09-01 02:21:26.219307,3.09191679753384,3.425044298171997,3.1366658210754395
6074,2020-09-01 02:21:27.146542,3.02170791104325,3.469600200653076,3.1366658210754395
6075,2020-09-01 02:21:28.023671,3.02170791104325,3.469600200653076,3.1366658210754395
6076,2020-09-01 02:21:28.878462,3.02170791104325,3.469600200653076,3.1796531677246094
6077,2020-09-01 02:21:29.690604,2.95157088104723,3.5140745639801025,3.1796531677246094
6078,2020-09-01 02:21:30.512216,2.95157088104723,3.5140745639801025,3.1796531677246094
6079,2020-09-01 02:21:31.372419,2.95157088104723,3.5140745639801025,3.1796531677246094
6080,2020-09-01 02:21:32.237707,2.92985067355042,3.527836322784424,3.1929433345794678
6081,2020-09-01 02:21:33.080013,2.92985067355042,3.527836322784424,3.1929433345794678
6082,2020-09-01 02:21:33.978106,2.92985067355042,3.527836322784424,3.1929433345794678
6083,2020-09-01 02:21:34.810475,2.8815210534803,3.527836322784424,3.2225000858306885
6084,2020-09-01 02:21:35.730819,2.8815210534803,3.5584499835968018,3.2225000858306885
6085,2020-09-01 02:21:36.686207,2.8815210534803,3.5584499835968018,3.2225000858306885
6086,2020-09-01 02:21:37.700270,2.8115276774531,3.5584499835968018,3.265256404876709
6087,2020-09-01 02:21:38.670350,2.8115276774531,3.6027615070343018,3.265256404876709
6088,2020-09-01 02:21:39.513087,2.8115276774531,3.6027615070343018,3.265256404876709
6089,2020-09-01 02:21:40.524857,2.74160612189803,3.64699125289917,3.3078970909118652
6090,2020-09-01 02:21:41.470698,2.74160612189803,3.64699125289917,3.3078970909118652
6091,2020-09-01 02:21:42.299344,2.74160612189803,3.64699125289917,3.3078970909118652
6092,2020-09-01 02:21:43.189992,2.67299183831049,3.694171905517578,3.368802547454834
6093,2020-09-01 02:21:44.170546,2.67299183831049,3.694171905517578,3.368802547454834
6094,2020-09-01 02:21:45.102201,2.67299183831049,3.694171905517578,3.368802547454834
6095,2020-09-01 02:21:46.046486,2.60445528386792,3.741270065307617,3.429574728012085
6096,2020-09-01 02:21:47.022983,2.60445528386792,3.741270065307617,3.429574728012085
6097,2020-09-01 02:21:47.932370,2.60445528386792,3.741270065307617,3.429574728012085
6098,2020-09-01 02:21:48.742220,2.53599645195469,3.7882862091064453,3.490213632583618
6099,2020-09-01 02:21:49.553730,2.53599645195469,3.7882862091064453,3.490213632583618
6100,2020-09-01 02:21:50.456640,2.53599645195469,3.7882862091064453,3.490213632583618
6101,2020-09-01 02:21:51.283579,2.46761533591568,3.8352200984954834,3.5507192611694336
6102,2020-09-01 02:21:52.189117,2.46761533591568,3.8352200984954834,3.5507192611694336
6103,2020-09-01 02:21:53.018021,2.46761533591568,3.8352200984954834,3.5507192611694336
6104,2020-09-01 02:21:54.022782,2.39931192905617,3.8820717334747314,3.6110916137695312
6105,2020-09-01 02:21:54.953904,2.39931192905617,3.8820717334747314,3.6110916137695312
6106,2020-09-01 02:21:55.788417,2.39931192905617,3.8820717334747314,3.6110916137695312
6107,2020-09-01 02:21:56.805840,2.39931192905617,3.8820717334747314,3.6713309288024902
6108,2020-09-01 02:21:57.691112,2.33108622464168,3.9288408756256104,3.6713309288024902
6109,2020-09-01 02:21:58.655107,2.33108622464168,3.9288408756256104,3.6713309288024902
6110,2020-09-01 02:21:59.605547,2.33108622464168,3.9288408756256104,3.6713309288024902
6111,2020-09-01 02:22:00.574897,2.26293821589788,3.9755280017852783,3.7314369678497314
6112,2020-09-01 02:22:01.460733,2.26293821589788,3.9755280017852783,3.7314369678497314
6113,2020-09-01 02:22:02.354600,2.26293821589788,3.9755280017852783,3.7314369678497314
6114,2020-09-01 02:22:03.279618,2.19486789601041,4.022132873535156,3.791409730911255
6115,2020-09-01 02:22:04.168694,2.19486789601041,4.022132873535156,3.791409730911255
6116,2020-09-01 02:22:05.232070,2.19486789601041,4.022132873535156,3.791409730911255
6117,2020-09-01 02:22:06.084087,2.14115371208081,4.05888557434082,3.8386831283569336
6118,2020-09-01 02:22:06.995357,2.14115371208081,4.05888557434082,3.8386831283569336
6119,2020-09-01 02:22:07.923675,2.14115371208081,4.05888557434082,3.8386831283569336
6120,2020-09-01 02:22:08.845640,2.14115371208081,4.05888557434082,3.8512275218963623
6121,2020-09-01 02:22:09.787111,2.12688814247228,4.068641662597656,3.8512275218963623
6122,2020-09-01 02:22:10.659437,2.12688814247228,4.068641662597656,3.8512275218963623
6123,2020-09-01 02:22:11.637656,2.12688814247228,4.068641662597656,3.8512275218963623
6124,2020-09-01 02:22:12.591206,2.05897315994547,4.115082263946533,3.9109342098236084
6125,2020-09-01 02:22:13.414843,2.05897315994547,4.115082263946533,3.9109342098236084
6126,2020-09-01 02:22:14.324818,2.05897315994547,4.115082263946533,3.9109342098236084
6127,2020-09-01 02:22:15.216649,2.05897315994547,4.115082263946533,3.9109342098236084
6128,2020-09-01 02:22:16.169666,1.99113584559284,4.161440372467041,3.9705076217651367
6129,2020-09-01 02:22:17.076084,1.99113584559284,4.161440372467041,3.9705076217651367
6130,2020-09-01 02:22:18.127277,1.99113584559284,4.161440372467041,4.0299482345581055
6131,2020-09-01 02:22:19.052688,1.92337619243885,4.20771598815918,4.0299482345581055
6132,2020-09-01 02:22:19.902511,1.92337619243885,4.20771598815918,4.0299482345581055
6133,2020-09-01 02:22:20.811530,1.92337619243885,4.20771598815918,4.0299482345581055
6134,2020-09-01 02:22:21.761752,1.92337619243885,4.20771598815918,4.095311164855957
6135,2020-09-01 02:22:22.651049,1.85603713414842,4.254465579986572,4.095311164855957
6136,2020-09-01 02:22:23.549919,1.85603713414842,4.254465579986572,4.095311164855957
6137,2020-09-01 02:22:24.421115,1.85603713414842,4.254465579986572,4.160534858703613
6138,2020-09-01 02:22:25.397875,1.78877765316301,4.301132678985596,4.160534858703613
6139,2020-09-01 02:22:26.290647,1.78877765316301,4.301132678985596,4.160534858703613
6140,2020-09-01 02:22:27.133062,1.78877765316301,4.301132678985596,4.225619316101074
6141,2020-09-01 02:22:28.099463,1.72159774456956,4.347717761993408,4.225619316101074
6142,2020-09-01 02:22:28.988611,1.72159774456956,4.347717761993408,4.225619316101074
6143,2020-09-01 02:22:29.888093,1.72159774456956,4.347717761993408,4.290565013885498
6144,2020-09-01 02:22:30.821351,1.65449740341485,4.39422082901001,4.290565013885498
6145,2020-09-01 02:22:31.648452,1.65449740341485,4.39422082901001,4.290565013885498
6146,2020-09-01 02:22:32.473611,1.65449740341485,4.39422082901001,4.290565013885498
6147,2020-09-01 02:22:33.300138,1.58747662470535,4.440641403198242,4.355371475219727
6148,2020-09-01 02:22:34.105561,1.58747662470535,4.440641403198242,4.355371475219727
6149,2020-09-01 02:22:35.081192,1.58747662470535,4.440641403198242,4.42003870010376
6150,2020-09-01 02:22:35.911594,1.52053540340702,4.4869794845581055,4.42003870010376
6151,2020-09-01 02:22:36.828497,1.52053540340702,4.4869794845581055,4.42003870010376
6152,2020-09-01 02:22:37.765384,1.52053540340702,4.4869794845581055,4.42003870010376
6153,2020-09-01 02:22:38.661016,1.45367373444526,4.533235549926758,4.484566688537598
6154,2020-09-01 02:22:39.579561,1.45367373444526,4.533235549926758,4.484566688537598
6155,2020-09-01 02:22:40.502336,1.45367373444526,4.533235549926758,4.484566688537598
6156,2020-09-01 02:22:41.445242,1.45367373444526,4.579409122467041,4.548955917358398
6157,2020-09-01 02:22:42.278596,1.38689161270467,4.579409122467041,4.548955917358398
6158,2020-09-01 02:22:43.148775,1.38689161270467,4.579409122467041,4.548955917358398
6159,2020-09-01 02:22:44.133682,1.38689161270467,4.579409122467041,4.613205909729004
6160,2020-09-01 02:22:44.997471,1.32018903302894,4.625500679016113,4.613205909729004
6161,2020-09-01 02:22:45.921906,1.32018903302894,4.625500679016113,4.613205909729004
6162,2020-09-01 02:22:46.871893,1.32018903302894,4.625500679016113,4.613205909729004
6163,2020-09-01 02:22:47.741834,1.25356599022066,4.671509742736816,4.677317142486572
6164,2020-09-01 02:22:48.674281,1.25356599022066,4.671509742736816,4.677317142486572
6165,2020-09-01 02:22:49.569872,1.25356599022066,4.671509742736816,4.677317142486572
6166,2020-09-01 02:22:50.423720,1.2256870027952,4.720076084136963,4.614392280578613
6167,2020-09-01 02:22:51.313848,1.2256870027952,4.720076084136963,4.614392280578613
6168,2020-09-01 02:22:52.169923,1.2256870027952,4.720076084136963,4.614392280578613
6169,2020-09-01 02:22:53.030015,1.19783294980967,4.720076084136963,4.5514678955078125
6170,2020-09-01 02:22:53.911907,1.19783294980967,4.768584728240967,4.5514678955078125
6171,2020-09-01 02:22:54.792067,1.19783294980967,4.768584728240967,4.5514678955078125
6172,2020-09-01 02:22:55.632297,1.19783294980967,4.768584728240967,4.486313343048096
6173,2020-09-01 02:22:56.412065,1.1695516602548,4.815094947814941,4.486313343048096
6174,2020-09-01 02:22:57.308514,1.1695516602548,4.815094947814941,4.486313343048096
6175,2020-09-01 02:22:58.208834,1.1695516602548,4.815094947814941,4.421159267425537
6176,2020-09-01 02:22:59.171674,1.14129481715901,4.861549377441406,4.421159267425537
6177,2020-09-01 02:23:00.033140,1.14129481715901,4.861549377441406,4.421159267425537
6178,2020-09-01 02:23:00.955722,1.14129481715901,4.861549377441406,4.3560051918029785
6179,2020-09-01 02:23:01.760019,1.1130624182067,4.907947063446045,4.3560051918029785
6180,2020-09-01 02:23:02.655337,1.1130624182067,4.907947063446045,4.3560051918029785
6181,2020-09-01 02:23:03.602742,1.1130624182067,4.907947063446045,4.29085111618042
6182,2020-09-01 02:23:04.544056,1.08485446107784,4.954289436340332,4.29085111618042
6183,2020-09-01 02:23:05.432495,1.08485446107784,4.954289436340332,4.29085111618042
6184,2020-09-01 02:23:06.378251,1.05667094344795,4.954289436340332,4.225697040557861
6185,2020-09-01 02:23:07.219893,1.05667094344795,5.000575542449951,4.225697040557861
6186,2020-09-01 02:23:08.143817,1.05667094344795,5.000575542449951,4.225697040557861
6187,2020-09-01 02:23:08.997898,1.02851186298813,5.000575542449951,4.160542964935303
6188,2020-09-01 02:23:09.863355,1.02851186298813,5.0468058586120605,4.160542964935303
6189,2020-09-01 02:23:10.801945,1.02851186298813,5.0468058586120605,4.160542964935303
6190,2020-09-01 02:23:11.868604,1.00037721736497,5.092979907989502,4.095388412475586
6191,2020-09-01 02:23:12.756516,1.00037721736497,5.092979907989502,4.095388412475586
6192,2020-09-01 02:23:13.593102,1.00037721736497,5.092979907989502,4.095388412475586
6193,2020-09-01 02:23:14.530104,1.00037721736497,5.092979907989502,4.095388412475586
6194,2020-09-01 02:23:15.312831,0.972267004240649,5.139098167419434,4.030234336853027
6195,2020-09-01 02:23:16.161096,0.972267004240649,5.139098167419434,4.030234336853027
6196,2020-09-01 02:23:16.960784,0.972267004240649,5.139098167419434,4.030234336853027
6197,2020-09-01 02:23:17.940929,0.972267004240649,5.139098167419434,3.9650802612304688
6198,2020-09-01 02:23:18.843820,0.944181221272814,5.1851606369018555,3.9650802612304688
6199,2020-09-01 02:23:19.618518,0.944181221272814,5.1851606369018555,3.9650802612304688
6200,2020-09-01 02:23:20.420790,0.944181221272814,5.1851606369018555,3.9650802612304688
6201,2020-09-01 02:23:21.364512,0.916119866114641,5.231166839599609,3.89992618560791
6202,2020-09-01 02:23:22.258201,0.916119866114641,5.231166839599609,3.89992618560791
6203,2020-09-01 02:23:23.170270,0.916119866114641,5.231166839599609,3.89992618560791
6204,2020-09-01 02:23:23.990344,0.888082936414776,5.2771172523498535,3.8347721099853516
6205,2020-09-01 02:23:24.868920,0.888082936414776,5.2771172523498535,3.8347721099853516
6206,2020-09-01 02:23:25.746621,0.888082936414776,5.2771172523498535,3.8347721099853516
6207,2020-09-01 02:23:26.655431,0.860070429817384,5.32301139831543,3.769617795944214
6208,2020-09-01 02:23:27.608820,0.860070429817384,5.32301139831543,3.769617795944214
6209,2020-09-01 02:23:28.570977,0.832010964648433,5.368534564971924,3.684873580932617
6210,2020-09-01 02:23:29.481694,0.832010964648433,5.368534564971924,3.684873580932617
6211,2020-09-01 02:23:30.376828,0.832010964648433,5.368534564971924,3.684873580932617
6212,2020-09-01 02:23:31.367458,0.832010964648433,5.368534564971924,3.600130081176758
6213,2020-09-01 02:23:32.318771,0.803975839188993,5.414001941680908,3.600130081176758
6214,2020-09-01 02:23:33.282332,0.803975839188993,5.414001941680908,3.600130081176758
6215,2020-09-01 02:23:34.125225,0.803975839188993,5.414001941680908,3.515387535095215
6216,2020-09-01 02:23:35.112153,0.803975839188993,5.395252227783203,3.515387535095215
6217,2020-09-01 02:23:35.963227,0.803975839188993,5.395252227783203,3.515387535095215
6218,2020-09-01 02:23:36.875558,0.803975839188993,5.395252227783203,3.4306459426879883
6219,2020-09-01 02:23:37.782936,0.803975839188993,5.37650203704834,3.4306459426879883
6220,2020-09-01 02:23:38.828994,0.803975839188993,5.37650203704834,3.4306459426879883
6221,2020-09-01 02:23:39.720516,0.803975839188993,5.357752323150635,3.345905065536499
6222,2020-09-01 02:23:40.625637,0.803975839188993,5.357752323150635,3.345905065536499
6223,2020-09-01 02:23:41.471039,0.803975839188993,5.357752323150635,3.345905065536499
6224,2020-09-01 02:23:42.393686,0.803975839188993,5.357752323150635,3.261165142059326
6225,2020-09-01 02:23:43.313406,0.803975839188993,5.3390021324157715,3.261165142059326
6226,2020-09-01 02:23:44.196166,0.803975839188993,5.3390021324157715,3.261165142059326
6227,2020-09-01 02:23:45.037556,0.803975839188993,5.3390021324157715,3.261165142059326
6228,2020-09-01 02:23:45.960434,0.803975839188993,5.320252418518066,3.1764261722564697
6229,2020-09-01 02:23:46.809524,0.803975839188993,5.320252418518066,3.1764261722564697
6230,2020-09-01 02:23:47.767959,0.803975839188993,5.320252418518066,3.0916879177093506
6231,2020-09-01 02:23:48.647910,0.803975839188993,5.301502227783203,3.0916879177093506
6232,2020-09-01 02:23:49.564478,0.803975839188993,5.301502227783203,3.0916879177093506
6233,2020-09-01 02:23:50.439981,0.803975839188993,5.301502227783203,3.006950616836548
6234,2020-09-01 02:23:51.391685,0.803975839188993,5.282752513885498,3.006950616836548
6235,2020-09-01 02:23:52.260205,0.803975839188993,5.282752513885498,3.006950616836548
6236,2020-09-01 02:23:53.112328,0.803975839188993,5.282752513885498,3.006950616836548
6237,2020-09-01 02:23:54.157758,0.803975839188993,5.264002323150635,2.9222140312194824
6238,2020-09-01 02:23:55.090322,0.803975839188993,5.264002323150635,2.9222140312194824
6239,2020-09-01 02:23:56.000845,0.803975839188993,5.264002323150635,2.8374783992767334
6240,2020-09-01 02:23:56.926999,0.803975839188993,5.24525260925293,2.8374783992767334
6241,2020-09-01 02:23:57.815844,0.803975839188993,5.24525260925293,2.8374783992767334
6242,2020-09-01 02:23:58.703781,0.803975839188993,5.24525260925293,2.8374783992767334
6243,2020-09-01 02:23:59.609751,0.803975839188993,5.226502418518066,2.752743721008301
6244,2020-09-01 02:24:00.524571,0.803975839188993,5.226502418518066,2.752743721008301
6245,2020-09-01 02:24:01.300252,0.803975839188993,5.226502418518066,2.752743721008301
6246,2020-09-01 02:24:02.246808,0.803975839188993,5.226502418518066,2.752743721008301
6247,2020-09-01 02:24:03.180791,0.761684985830115,5.200680255889893,2.790245294570923
6248,2020-09-01 02:24:04.076604,0.761684985830115,5.200680255889893,2.790245294570923
6249,2020-09-01 02:24:04.966646,0.761684985830115,5.200680255889893,2.8276615142822266
6250,2020-09-01 02:24:05.814961,0.719420857113491,5.174858570098877,2.8276615142822266
6251,2020-09-01 02:24:06.730379,0.719420857113491,5.174858570098877,2.8276615142822266
6252,2020-09-01 02:24:07.606339,0.719420857113491,5.174858570098877,2.8276615142822266
6253,2020-09-01 02:24:08.499254,0.677183440585054,5.149036407470703,2.864992618560791
6254,2020-09-01 02:24:09.420180,0.677183440585054,5.149036407470703,2.864992618560791
6255,2020-09-01 02:24:10.325848,0.677183440585054,5.149036407470703,2.864992618560791
6256,2020-09-01 02:24:11.140478,0.677183440585054,5.149036407470703,2.9022388458251953
6257,2020-09-01 02:24:12.067630,0.634972723767305,5.1232147216796875,2.9022388458251953
6258,2020-09-01 02:24:12.899911,0.634972723767305,5.1232147216796875,2.9022388458251953
6259,2020-09-01 02:24:13.772146,0.634972723767305,5.1232147216796875,2.9393997192382812
6260,2020-09-01 02:24:14.567210,0.59278869415931,5.097392559051514,2.9393997192382812
6261,2020-09-01 02:24:15.501654,0.59278869415931,5.097392559051514,2.9393997192382812
6262,2020-09-01 02:24:16.383342,0.59278869415931,5.097392559051514,2.9393997192382812
6263,2020-09-01 02:24:17.290664,0.550631339236645,5.07157039642334,2.976475715637207
6264,2020-09-01 02:24:18.166976,0.550631339236645,5.07157039642334,2.976475715637207
6265,2020-09-01 02:24:19.076480,0.550631339236645,5.07157039642334,2.976475715637207
6266,2020-09-01 02:24:20.052948,0.508500646451409,5.07157039642334,3.0134668350219727
6267,2020-09-01 02:24:20.953866,0.508500646451409,5.045748710632324,3.0134668350219727
6268,2020-09-01 02:24:21.865273,0.508500646451409,5.045748710632324,3.0134668350219727
6269,2020-09-01 02:24:22.765808,0.508500646451409,5.045748710632324,3.050372838973999
6270,2020-09-01 02:24:23.644428,0.466396603232184,5.01992654800415,3.050372838973999
6271,2020-09-01 02:24:24.607766,0.466396603232184,5.01992654800415,3.050372838973999
6272,2020-09-01 02:24:25.570054,0.466396603232184,5.01992654800415,3.0871942043304443
6273,2020-09-01 02:24:26.463073,0.424319196984015,4.994104862213135,3.0871942043304443
6274,2020-09-01 02:24:27.478002,0.424319196984015,4.994104862213135,3.0871942043304443
6275,2020-09-01 02:24:28.342163,0.424319196984015,4.994104862213135,3.0871942043304443
6276,2020-09-01 02:24:29.169972,0.382268415088376,4.968282699584961,3.1239304542541504
6277,2020-09-01 02:24:30.016786,0.382268415088376,4.968282699584961,3.1239304542541504
6278,2020-09-01 02:24:30.979213,0.382268415088376,4.968282699584961,3.1239304542541504
6279,2020-09-01 02:24:31.814927,0.42887778720258,4.942460536956787,3.1644980907440186
6280,2020-09-01 02:24:32.736085,0.42887778720258,4.942460536956787,3.1644980907440186
6281,2020-09-01 02:24:33.628295,0.42887778720258,4.942460536956787,3.1644980907440186
6282,2020-09-01 02:24:34.515163,0.475238353247093,4.9166388511657715,3.2050514221191406
6283,2020-09-01 02:24:35.441015,0.475238353247093,4.9166388511657715,3.2050514221191406
6284,2020-09-01 02:24:36.393223,0.475238353247093,4.9166388511657715,3.2050514221191406
6285,2020-09-01 02:24:37.283001,0.518580767723833,4.888546943664551,3.231523036956787
6286,2020-09-01 02:24:38.156324,0.518580767723833,4.888546943664551,3.231523036956787
6287,2020-09-01 02:24:39.126038,0.518580767723833,4.888546943664551,3.231523036956787
6288,2020-09-01 02:24:40.066116,0.561668549368207,4.860455513000488,3.2579922676086426
6289,2020-09-01 02:24:40.911990,0.561668549368207,4.860455513000488,3.2579922676086426
6290,2020-09-01 02:24:41.680354,0.561668549368207,4.860455513000488,3.2579922676086426
6291,2020-09-01 02:24:42.568153,0.604502099338134,4.832364082336426,3.284459352493286
6292,2020-09-01 02:24:43.412631,0.604502099338134,4.832364082336426,3.284459352493286
6293,2020-09-01 02:24:44.347730,0.604502099338134,4.832364082336426,3.284459352493286
6294,2020-09-01 02:24:45.199796,0.604502099338134,4.832364082336426,3.3109240531921387
6295,2020-09-01 02:24:46.077749,0.647081820068593,4.804272651672363,3.3109240531921387
6296,2020-09-01 02:24:47.012182,0.647081820068593,4.804272651672363,3.3109240531921387
6297,2020-09-01 02:24:47.856434,0.647081820068593,4.804272651672363,3.3109240531921387
6298,2020-09-01 02:24:48.755466,0.689408115279576,4.776180744171143,3.3373863697052
6299,2020-09-01 02:24:49.847081,0.689408115279576,4.776180744171143,3.3373863697052
6300,2020-09-01 02:24:50.750121,0.689408115279576,4.776180744171143,3.3638460636138916
6301,2020-09-01 02:24:51.595336,0.731481389984111,4.74808931350708,3.3638460636138916
6302,2020-09-01 02:24:52.463239,0.731481389984111,4.74808931350708,3.3638460636138916
6303,2020-09-01 02:24:53.271584,0.731481389984111,4.74808931350708,3.3638460636138916
6304,2020-09-01 02:24:54.157381,0.77330205049627,4.719997882843018,3.390302896499634
6305,2020-09-01 02:24:55.125814,0.77330205049627,4.719997882843018,3.390302896499634
6306,2020-09-01 02:24:55.915210,0.77330205049627,4.719997882843018,3.390302896499634
6307,2020-09-01 02:24:56.809105,0.814870504439256,4.719997882843018,3.4167566299438477
6308,2020-09-01 02:24:57.670996,0.814870504439256,4.691905975341797,3.4167566299438477
6309,2020-09-01 02:24:58.530679,0.814870504439256,4.691905975341797,3.4167566299438477
6310,2020-09-01 02:24:59.325680,0.856187160753493,4.663814544677734,3.4432075023651123
6311,2020-09-01 02:25:00.181197,0.856187160753493,4.663814544677734,3.4432075023651123
6312,2020-09-01 02:25:00.969310,0.856187160753493,4.663814544677734,3.4432075023651123
6313,2020-09-01 02:25:01.748520,0.886986112466957,4.6427459716796875,3.463043212890625
6314,2020-09-01 02:25:02.645081,0.886986112466957,4.6427459716796875,3.463043212890625
6315,2020-09-01 02:25:03.488070,0.886986112466957,4.6427459716796875,3.463043212890625
6316,2020-09-01 02:25:04.352233,0.897230406281281,4.6427459716796875,3.469656467437744
6317,2020-09-01 02:25:05.271165,0.897230406281281,4.635723114013672,3.469656467437744
6318,2020-09-01 02:25:06.242320,0.897230406281281,4.635723114013672,3.469656467437744
6319,2020-09-01 02:25:07.199508,0.897230406281281,4.635723114013672,3.496108293533325
6320,2020-09-01 02:25:08.155638,0.938145211964681,4.607631683349609,3.496108293533325
6321,2020-09-01 02:25:09.001185,0.938145211964681,4.607631683349609,3.496108293533325
6322,2020-09-01 02:25:09.985992,0.973298124958916,4.579539775848389,3.522167205810547
6323,2020-09-01 02:25:10.868799,0.973298124958916,4.579539775848389,3.522167205810547
6324,2020-09-01 02:25:11.741431,0.973298124958916,4.579539775848389,3.522167205810547
6325,2020-09-01 02:25:12.585765,0.973298124958916,4.579539775848389,3.5235366821289062
6326,2020-09-01 02:25:13.470640,1.00823972742221,4.545870780944824,3.5235366821289062
6327,2020-09-01 02:25:14.249192,1.00823972742221,4.545870780944824,3.5235366821289062
6328,2020-09-01 02:25:15.133957,1.00823972742221,4.545870780944824,3.5235366821289062
6329,2020-09-01 02:25:15.953155,1.04291270226135,4.512201309204102,3.5249247550964355
6330,2020-09-01 02:25:16.778732,1.04291270226135,4.512201309204102,3.5249247550964355
6331,2020-09-01 02:25:17.667525,1.04291270226135,4.512201309204102,3.5249247550964355
6332,2020-09-01 02:25:18.562458,1.07731744722945,4.478532314300537,3.5263309478759766
6333,2020-09-01 02:25:19.497980,1.07731744722945,4.478532314300537,3.5263309478759766
6334,2020-09-01 02:25:20.386472,1.07731744722945,4.478532314300537,3.5263309478759766
6335,2020-09-01 02:25:21.287072,1.07731744722945,4.478532314300537,3.5263309478759766
6336,2020-09-01 02:25:22.108546,1.11145436131484,4.4448628425598145,3.5277554988861084
6337,2020-09-01 02:25:23.014895,1.11145436131484,4.4448628425598145,3.5277554988861084
6338,2020-09-01 02:25:23.957681,1.11145436131484,4.4448628425598145,3.5277554988861084
6339,2020-09-01 02:25:24.812149,1.1453238447464,4.411193370819092,3.529198169708252
6340,2020-09-01 02:25:25.816434,1.1453238447464,4.411193370819092,3.529198169708252
6341,2020-09-01 02:25:26.770049,1.1453238447464,4.411193370819092,3.530658483505249
6342,2020-09-01 02:25:27.666130,1.17892629899855,4.377524375915527,3.530658483505249
6343,2020-09-01 02:25:28.534429,1.17892629899855,4.377524375915527,3.530658483505249
6344,2020-09-01 02:25:29.455479,1.17892629899855,4.377524375915527,3.5321366786956787
6345,2020-09-01 02:25:30.342344,1.21226212679608,4.343854904174805,3.5321366786956787
6346,2020-09-01 02:25:31.125455,1.21226212679608,4.343854904174805,3.5321366786956787
6347,2020-09-01 02:25:32.022841,1.21226212679608,4.343854904174805,3.5321366786956787
6348,2020-09-01 02:25:32.889789,1.24533173211859,4.31018590927124,3.533632278442383
6349,2020-09-01 02:25:33.824844,1.24533173211859,4.31018590927124,3.533632278442383
6350,2020-09-01 02:25:34.628413,1.24533173211859,4.31018590927124,3.533632278442383
6351,2020-09-01 02:25:35.489237,1.27813552020469,4.31018590927124,3.5351452827453613
6352,2020-09-01 02:25:36.374154,1.27813552020469,4.276516437530518,3.5351452827453613
6353,2020-09-01 02:25:37.189475,1.27813552020469,4.276516437530518,3.5351452827453613
6354,2020-09-01 02:25:38.172847,1.27813552020469,4.276516437530518,3.5351452827453613
6355,2020-09-01 02:25:39.100386,1.31067389755576,4.242847442626953,3.536675453186035
6356,2020-09-01 02:25:39.963642,1.31067389755576,4.242847442626953,3.536675453186035
6357,2020-09-01 02:25:40.966304,1.31067389755576,4.242847442626953,3.536675453186035
6358,2020-09-01 02:25:41.831542,1.34294727193941,4.242847442626953,3.538222551345825
6359,2020-09-01 02:25:42.684068,1.34294727193941,4.2091779708862305,3.538222551345825
6360,2020-09-01 02:25:43.582844,1.34294727193941,4.2091779708862305,3.538222551345825
6361,2020-09-01 02:25:44.502172,1.34294727193941,4.2091779708862305,3.5397865772247314
6362,2020-09-01 02:25:45.351064,1.37495605239233,4.175508499145508,3.5397865772247314
6363,2020-09-01 02:25:46.181835,1.37495605239233,4.175508499145508,3.5397865772247314
6364,2020-09-01 02:25:47.100774,1.37495605239233,4.175508499145508,3.5397865772247314
6365,2020-09-01 02:25:47.921858,1.40516344717757,4.175508499145508,3.5434730052948
6366,2020-09-01 02:25:48.742145,1.40516344717757,4.138490200042725,3.5434730052948
6367,2020-09-01 02:25:49.615315,1.40516344717757,4.138490200042725,3.5434730052948
6368,2020-09-01 02:25:50.455399,1.40516344717757,4.138490200042725,3.5434730052948
6369,2020-09-01 02:25:51.469652,1.43510532953235,4.101471424102783,3.5471723079681396
6370,2020-09-01 02:25:52.366282,1.43510532953235,4.101471424102783,3.5471723079681396
6371,2020-09-01 02:25:53.205466,1.43510532953235,4.101471424102783,3.5471723079681396
6372,2020-09-01 02:25:54.046780,1.43510532953235,4.101471424102783,3.55088472366333
6373,2020-09-01 02:25:54.939839,1.4647821031469,4.064452648162842,3.55088472366333
6374,2020-09-01 02:25:55.904230,1.4647821031469,4.064452648162842,3.55088472366333
6375,2020-09-01 02:25:56.854651,1.49419417299021,4.0274338722229,3.554609775543213
6376,2020-09-01 02:25:57.755957,1.49419417299021,4.0274338722229,3.554609775543213
6377,2020-09-01 02:25:58.635918,1.49419417299021,4.0274338722229,3.554609775543213
6378,2020-09-01 02:25:59.413396,1.49419417299021,4.0274338722229,3.554609775543213
6379,2020-09-01 02:26:00.262939,1.52334194531268,3.990415334701538,3.558347463607788
6380,2020-09-01 02:26:01.201849,1.52334194531268,3.990415334701538,3.558347463607788
6381,2020-09-01 02:26:02.132335,1.52334194531268,3.990415334701538,3.558347463607788
6382,2020-09-01 02:26:02.977627,1.55222582764839,3.953396797180176,3.5620977878570557
6383,2020-09-01 02:26:03.927352,1.55222582764839,3.953396797180176,3.5620977878570557
6384,2020-09-01 02:26:04.730561,1.55222582764839,3.953396797180176,3.5658602714538574
6385,2020-09-01 02:26:05.551842,1.58084622881663,3.9163780212402344,3.5658602714538574
6386,2020-09-01 02:26:06.468839,1.58084622881663,3.9163780212402344,3.5658602714538574
6387,2020-09-01 02:26:07.400737,1.58084622881663,3.9163780212402344,3.5658602714538574
6388,2020-09-01 02:26:08.346903,1.60920355968067,3.879359483718872,3.5696351528167725
6389,2020-09-01 02:26:09.265433,1.60920355968067,3.879359483718872,3.5696351528167725
6390,2020-09-01 02:26:10.095982,1.60920355968067,3.879359483718872,3.5696351528167725
6391,2020-09-01 02:26:10.970154,1.60920355968067,3.879359483718872,3.5696351528167725
6392,2020-09-01 02:26:11.833631,1.63729823915918,3.8423407077789307,3.5734217166900635
6393,2020-09-01 02:26:12.674400,1.63729823915918,3.8423407077789307,3.5734217166900635
6394,2020-09-01 02:26:13.503535,1.63729823915918,3.8423407077789307,3.5734217166900635
6395,2020-09-01 02:26:14.372558,1.66513068790502,3.8053221702575684,3.5772202014923096
6396,2020-09-01 02:26:15.293347,1.66513068790502,3.8053221702575684,3.5772202014923096
6397,2020-09-01 02:26:16.334182,1.66513068790502,3.8053221702575684,3.5772202014923096
6398,2020-09-01 02:26:17.159354,1.69270132642707,3.768303394317627,3.5810303688049316
6399,2020-09-01 02:26:18.051812,1.69270132642707,3.768303394317627,3.5810303688049316
6400,2020-09-01 02:26:19.032097,1.69270132642707,3.768303394317627,3.5810303688049316
6401,2020-09-01 02:26:19.916464,1.69270132642707,3.768303394317627,3.5810303688049316
6402,2020-09-01 02:26:20.886750,1.72001057510356,3.7312848567962646,3.5848522186279297
6403,2020-09-01 02:26:21.786466,1.72001057510356,3.7312848567962646,3.5848522186279297
6404,2020-09-01 02:26:22.698675,1.74871074785791,3.70013165473938,3.602027177810669
6405,2020-09-01 02:26:23.558999,1.74871074785791,3.70013165473938,3.602027177810669
6406,2020-09-01 02:26:24.430885,1.74871074785791,3.70013165473938,3.602027177810669
6407,2020-09-01 02:26:25.326753,1.77715649336287,3.70013165473938,3.6192004680633545
6408,2020-09-01 02:26:26.226963,1.77715649336287,3.668978691101074,3.6192004680633545
6409,2020-09-01 02:26:27.166035,1.77715649336287,3.668978691101074,3.6192004680633545
6410,2020-09-01 02:26:27.966089,1.77715649336287,3.668978691101074,3.6192004680633545
6411,2020-09-01 02:26:28.865695,1.80534822843174,3.6378254890441895,3.6363718509674072
6412,2020-09-01 02:26:29.763077,1.80534822843174,3.6378254890441895,3.6363718509674072
6413,2020-09-01 02:26:30.686242,1.80534822843174,3.6378254890441895,3.6363718509674072
6414,2020-09-01 02:26:31.507336,1.83328637108131,3.606672525405884,3.653541088104248
6415,2020-09-01 02:26:32.433786,1.83328637108131,3.606672525405884,3.653541088104248
6416,2020-09-01 02:26:33.293573,1.83328637108131,3.606672525405884,3.653541088104248
6417,2020-09-01 02:26:34.208713,1.86097134050502,3.575519323348999,3.670708179473877
6418,2020-09-01 02:26:35.172687,1.86097134050502,3.575519323348999,3.670708179473877
6419,2020-09-01 02:26:36.027277,1.86097134050502,3.575519323348999,3.670708179473877
6420,2020-09-01 02:26:36.806301,1.88840355704562,3.5443663597106934,3.6878726482391357
6421,2020-09-01 02:26:37.667854,1.88840355704562,3.5443663597106934,3.6878726482391357
6422,2020-09-01 02:26:38.495986,1.88840355704562,3.5443663597106934,3.6878726482391357
6423,2020-09-01 02:26:39.387374,1.88840355704562,3.5443663597106934,3.7050347328186035
6424,2020-09-01 02:26:40.283146,1.9155834421622,3.5132131576538086,3.7050347328186035
6425,2020-09-01 02:26:41.167530,1.9155834421622,3.5132131576538086,3.7050347328186035
6426,2020-09-01 02:26:42.122516,1.9155834421622,3.5132131576538086,3.7050347328186035
6427,2020-09-01 02:26:43.025934,1.94251141838988,3.482060194015503,3.722194194793701
6428,2020-09-01 02:26:43.957839,1.94251141838988,3.482060194015503,3.722194194793701
6429,2020-09-01 02:26:44.773620,1.94251141838988,3.482060194015503,3.722194194793701
6430,2020-09-01 02:26:45.686657,1.96918790929088,3.450906991958618,3.7393505573272705
6431,2020-09-01 02:26:46.762450,1.96918790929088,3.450906991958618,3.7393505573272705
6432,2020-09-01 02:26:47.625646,1.96918790929088,3.450906991958618,3.7393505573272705
6433,2020-09-01 02:26:48.525166,1.99561333939415,3.450906991958618,3.7565042972564697
6434,2020-09-01 02:26:49.338572,1.99561333939415,3.4197540283203125,3.7565042972564697
6435,2020-09-01 02:26:50.145853,1.99561333939415,3.4197540283203125,3.7565042972564697
6436,2020-09-01 02:26:51.062163,2.02178813412056,3.388601064682007,3.7736549377441406
6437,2020-09-01 02:26:51.972735,2.02178813412056,3.388601064682007,3.7736549377441406
6438,2020-09-01 02:26:52.895323,2.02178813412056,3.388601064682007,3.7736549377441406
6439,2020-09-01 02:26:53.833367,2.02178813412056,3.388601064682007,3.790802240371704
6440,2020-09-01 02:26:54.710815,2.04771271968856,3.357447862625122,3.790802240371704
6441,2020-09-01 02:26:55.594170,2.04771271968856,3.357447862625122,3.790802240371704
6442,2020-09-01 02:26:56.479041,2.04771271968856,3.357447862625122,3.790802240371704
6443,2020-09-01 02:26:57.322266,2.07326715714687,3.3299384117126465,3.8011066913604736
6444,2020-09-01 02:26:58.115923,2.07326715714687,3.3299384117126465,3.8011066913604736
6445,2020-09-01 02:26:58.919385,2.07326715714687,3.3299384117126465,3.8011066913604736
6446,2020-09-01 02:26:59.784049,2.07326715714687,3.3299384117126465,3.811414957046509
6447,2020-09-01 02:27:00.734786,2.0985715549253,3.302428722381592,3.811414957046509
6448,2020-09-01 02:27:01.617925,2.0985715549253,3.302428722381592,3.811414957046509
6449,2020-09-01 02:27:02.506144,2.0985715549253,3.302428722381592,3.8217270374298096
6450,2020-09-01 02:27:03.336772,2.1236263512111,3.274919033050537,3.8217270374298096
6451,2020-09-01 02:27:04.179993,2.1236263512111,3.274919033050537,3.8217270374298096
6452,2020-09-01 02:27:04.957138,2.1236263512111,3.274919033050537,3.8217270374298096
6453,2020-09-01 02:27:05.945780,2.14843198446964,3.274919033050537,3.8320424556732178
6454,2020-09-01 02:27:06.857337,2.14843198446964,3.2474095821380615,3.8320424556732178
6455,2020-09-01 02:27:07.721018,2.14843198446964,3.2474095821380615,3.8320424556732178
6456,2020-09-01 02:27:08.580915,2.17298889310722,3.219899892807007,3.8423609733581543
6457,2020-09-01 02:27:09.536642,2.17298889310722,3.219899892807007,3.8423609733581543
6458,2020-09-01 02:27:10.415914,2.17298889310722,3.219899892807007,3.8423609733581543
6459,2020-09-01 02:27:11.208502,2.17298889310722,3.219899892807007,3.8526828289031982
6460,2020-09-01 02:27:12.113961,2.19729751495478,3.1923904418945312,3.8526828289031982
6461,2020-09-01 02:27:12.990314,2.19729751495478,3.1923904418945312,3.8526828289031982
6462,2020-09-01 02:27:13.848655,2.19729751495478,3.1923904418945312,3.8526828289031982
6463,2020-09-01 02:27:14.770191,2.22135828639112,3.1648807525634766,3.8630077838897705
6464,2020-09-01 02:27:15.682091,2.22135828639112,3.1648807525634766,3.8630077838897705
6465,2020-09-01 02:27:16.506262,2.22135828639112,3.1648807525634766,3.8630077838897705
6466,2020-09-01 02:27:17.301739,2.24517164054484,3.137371301651001,3.873335361480713
6467,2020-09-01 02:27:18.236430,2.24517164054484,3.137371301651001,3.873335361480713
6468,2020-09-01 02:27:19.104571,2.24517164054484,3.137371301651001,3.873335361480713
6469,2020-09-01 02:27:20.000647,2.26873800221411,3.1098616123199463,3.8836660385131836
6470,2020-09-01 02:27:20.874262,2.26873800221411,3.1098616123199463,3.8836660385131836
6471,2020-09-01 02:27:21.690432,2.26873800221411,3.1098616123199463,3.8836660385131836
6472,2020-09-01 02:27:22.571092,2.26873800221411,3.1098616123199463,3.893998861312866
6473,2020-09-01 02:27:23.480924,2.29205790960143,3.0823521614074707,3.893998861312866
6474,2020-09-01 02:27:24.355311,2.29205790960143,3.0823521614074707,3.893998861312866
6475,2020-09-01 02:27:25.289498,2.29205790960143,3.0823521614074707,3.893998861312866
6476,2020-09-01 02:27:26.108901,2.31513197155591,3.054842472076416,3.904334545135498
6477,2020-09-01 02:27:26.979316,2.31513197155591,3.054842472076416,3.904334545135498
6478,2020-09-01 02:27:27.925594,2.31513197155591,3.054842472076416,3.904334545135498
6479,2020-09-01 02:27:28.813686,2.33796079011179,3.054842472076416,3.914672374725342
6480,2020-09-01 02:27:29.681521,2.33796079011179,3.0273327827453613,3.914672374725342
6481,2020-09-01 02:27:30.576103,2.33796079011179,3.0273327827453613,3.914672374725342
6482,2020-09-01 02:27:31.439175,2.36282859273852,3.0273327827453613,3.945310592651367
6483,2020-09-01 02:27:32.277399,2.36282859273852,3.0006537437438965,3.945310592651367
6484,2020-09-01 02:27:33.092380,2.36282859273852,3.0006537437438965,3.945310592651367
6485,2020-09-01 02:27:33.905793,2.36282859273852,3.0006537437438965,3.945310592651367
6486,2020-09-01 02:27:34.772352,2.38746026042763,2.9739747047424316,3.975931167602539
6487,2020-09-01 02:27:35.718980,2.38746026042763,2.9739747047424316,3.975931167602539
6488,2020-09-01 02:27:36.637919,2.38746026042763,2.9739747047424316,3.975931167602539
6489,2020-09-01 02:27:37.430992,2.41185637176532,2.947295665740967,4.006533622741699
6490,2020-09-01 02:27:38.317424,2.41185637176532,2.947295665740967,4.006533622741699
6491,2020-09-01 02:27:39.192904,2.41185637176532,2.947295665740967,4.006533622741699
6492,2020-09-01 02:27:40.043476,2.43601750678414,2.947295665740967,4.037118434906006
6493,2020-09-01 02:27:40.960220,2.43601750678414,2.920616388320923,4.037118434906006
6494,2020-09-01 02:27:41.772487,2.43601750678414,2.920616388320923,4.037118434906006
6495,2020-09-01 02:27:42.637655,2.43601750678414,2.920616388320923,4.037118434906006
6496,2020-09-01 02:27:43.523666,2.43286574621614,2.920616388320923,4.066730976104736
6497,2020-09-01 02:27:44.433758,2.43286574621614,2.964111328125,4.066730976104736
6498,2020-09-01 02:27:45.358579,2.43286574621614,2.964111328125,4.066730976104736
6499,2020-09-01 02:27:46.182120,2.42959911876706,3.0075714588165283,4.096307754516602
6500,2020-09-01 02:27:47.097651,2.42959911876706,3.0075714588165283,4.096307754516602
6501,2020-09-01 02:27:47.965956,2.42959911876706,3.0075714588165283,4.096307754516602
6502,2020-09-01 02:27:48.820908,2.42959911876706,3.0075714588165283,4.125847816467285
6503,2020-09-01 02:27:49.712309,2.42621858206648,3.050997018814087,4.125847816467285
6504,2020-09-01 02:27:50.504670,2.42621858206648,3.050997018814087,4.125847816467285
6505,2020-09-01 02:27:51.331427,2.42621858206648,3.050997018814087,4.125847816467285
6506,2020-09-01 02:27:52.271371,2.42621858206648,3.050997018814087,4.1553521156311035
6507,2020-09-01 02:27:53.223024,2.42272508532349,3.0943877696990967,4.1553521156311035
6508,2020-09-01 02:27:54.115812,2.42272508532349,3.0943877696990967,4.1553521156311035
6509,2020-09-01 02:27:55.099310,2.41911956954969,3.1377434730529785,4.184820175170898
6510,2020-09-01 02:27:55.959033,2.41911956954969,3.1377434730529785,4.184820175170898
6511,2020-09-01 02:27:56.837172,2.41911956954969,3.1377434730529785,4.184820175170898
6512,2020-09-01 02:27:57.695324,2.4154029677583,3.1810643672943115,4.214251518249512
6513,2020-09-01 02:27:58.623554,2.4154029677583,3.1810643672943115,4.214251518249512
6514,2020-09-01 02:27:59.517257,2.4154029677583,3.1810643672943115,4.214251518249512
6515,2020-09-01 02:28:00.423072,2.4115762051444,3.2243504524230957,4.243646144866943
6516,2020-09-01 02:28:01.322504,2.4115762051444,3.2243504524230957,4.243646144866943
6517,2020-09-01 02:28:02.242981,2.4115762051444,3.2243504524230957,4.243646144866943
6518,2020-09-01 02:28:03.080222,2.40764019925001,3.267601251602173,4.273004055023193
6519,2020-09-01 02:28:03.944105,2.40764019925001,3.267601251602173,4.273004055023193
6520,2020-09-01 02:28:04.832780,2.40764019925001,3.267601251602173,4.273004055023193
6521,2020-09-01 02:28:05.754851,2.40764019925001,3.267601251602173,4.3129658699035645
6522,2020-09-01 02:28:06.623114,2.40379117660171,3.307676076889038,4.3129658699035645
6523,2020-09-01 02:28:07.502642,2.40379117660171,3.307676076889038,4.3129658699035645
6524,2020-09-01 02:28:08.389674,2.40379117660171,3.307676076889038,4.352904319763184
6525,2020-09-01 02:28:09.312399,2.40515921990898,3.3477351665496826,4.352904319763184
6526,2020-09-01 02:28:10.150297,2.40515921990898,3.3477351665496826,4.352904319763184
6527,2020-09-01 02:28:10.995658,2.40642085451478,3.3477351665496826,4.392801761627197
6528,2020-09-01 02:28:11.870590,2.40642085451478,3.387765645980835,4.392801761627197
6529,2020-09-01 02:28:12.725903,2.40642085451478,3.387765645980835,4.392801761627197
6530,2020-09-01 02:28:13.570026,2.40642085451478,3.387765645980835,4.392801761627197
6531,2020-09-01 02:28:14.491352,2.40757663437194,3.427767515182495,4.432656764984131
6532,2020-09-01 02:28:15.435298,2.40757663437194,3.427767515182495,4.432656764984131
6533,2020-09-01 02:28:16.244902,2.40757663437194,3.427767515182495,4.432656764984131
6534,2020-09-01 02:28:17.145771,2.40862711214497,3.427767515182495,4.472470760345459
6535,2020-09-01 02:28:18.037262,2.40862711214497,3.467740774154663,4.472470760345459
6536,2020-09-01 02:28:18.965859,2.40862711214497,3.467740774154663,4.472470760345459
6537,2020-09-01 02:28:19.876340,2.40862711214497,3.467740774154663,4.512242317199707
6538,2020-09-01 02:28:20.796409,2.40957283900244,3.5076851844787598,4.512242317199707
6539,2020-09-01 02:28:21.690938,2.40957283900244,3.5076851844787598,4.512242317199707
6540,2020-09-01 02:28:22.605975,2.40957283900244,3.5076851844787598,4.551971912384033
6541,2020-09-01 02:28:23.489695,2.41041436436394,3.547600746154785,4.551971912384033
6542,2020-09-01 02:28:24.462863,2.41041436436394,3.547600746154785,4.551971912384033
6543,2020-09-01 02:28:25.393663,2.41041436436394,3.547600746154785,4.551971912384033
6544,2020-09-01 02:28:26.361235,2.41115223558498,3.5874874591827393,4.591660022735596
6545,2020-09-01 02:28:27.271021,2.41115223558498,3.5874874591827393,4.591660022735596
6546,2020-09-01 02:28:28.121767,2.41115223558498,3.5874874591827393,4.591660022735596
6547,2020-09-01 02:28:29.024810,2.44685928417898,3.628509998321533,4.49539852142334
6548,2020-09-01 02:28:29.902775,2.44685928417898,3.628509998321533,4.49539852142334
6549,2020-09-01 02:28:30.848907,2.44685928417898,3.628509998321533,4.49539852142334
6550,2020-09-01 02:28:31.674180,2.48232454496127,3.669517755508423,4.3991379737854
6551,2020-09-01 02:28:32.701728,2.48232454496127,3.669517755508423,4.3991379737854
6552,2020-09-01 02:28:33.590534,2.48232454496127,3.669517755508423,4.3991379737854
6553,2020-09-01 02:28:34.518123,2.51754857948657,3.669517755508423,4.3028788566589355
6554,2020-09-01 02:28:35.413999,2.51754857948657,3.710510730743408,4.3028788566589355
6555,2020-09-01 02:28:36.257528,2.51754857948657,3.710510730743408,4.3028788566589355
6556,2020-09-01 02:28:37.119253,2.55253195048164,3.75148868560791,4.206621170043945
6557,2020-09-01 02:28:38.033058,2.55253195048164,3.75148868560791,4.206621170043945
6558,2020-09-01 02:28:38.971475,2.55253195048164,3.75148868560791,4.206621170043945
6559,2020-09-01 02:28:39.898557,2.58902318198194,3.7974495887756348,4.10880708694458
6560,2020-09-01 02:28:40.668661,2.58902318198194,3.7974495887756348,4.10880708694458
6561,2020-09-01 02:28:41.556874,2.58902318198194,3.7974495887756348,4.10880708694458
6562,2020-09-01 02:28:42.498063,2.58902318198194,3.7974495887756348,4.010993957519531
6563,2020-09-01 02:28:43.348109,2.62527725010361,3.843392848968506,4.010993957519531
6564,2020-09-01 02:28:44.297367,2.62527725010361,3.843392848968506,4.010993957519531
6565,2020-09-01 02:28:45.188850,2.62527725010361,3.843392848968506,4.010993957519531
6566,2020-09-01 02:28:46.049474,2.66129483857821,3.8893182277679443,3.913182020187378
6567,2020-09-01 02:28:46.850754,2.66129483857821,3.8893182277679443,3.913182020187378
6568,2020-09-01 02:28:47.769510,2.66129483857821,3.8893182277679443,3.913182020187378
6569,2020-09-01 02:28:48.682282,2.6970766307779,3.935225486755371,3.815371513366699
6570,2020-09-01 02:28:49.563045,2.6970766307779,3.935225486755371,3.815371513366699
6571,2020-09-01 02:28:50.485001,2.6970766307779,3.935225486755371,3.815371513366699
6572,2020-09-01 02:28:51.378376,2.73214935451433,3.9805033206939697,3.7188661098480225
6573,2020-09-01 02:28:52.182921,2.73214935451433,3.9805033206939697,3.7188661098480225
6574,2020-09-01 02:28:53.004236,2.73214935451433,3.9805033206939697,3.7188661098480225
6575,2020-09-01 02:28:53.970271,2.73214935451433,3.9805033206939697,3.717562198638916
6576,2020-09-01 02:28:54.902247,2.73264483373381,3.9811160564422607,3.717562198638916
6577,2020-09-01 02:28:55.851340,2.73264483373381,3.9811160564422607,3.717562198638916
6578,2020-09-01 02:28:56.745415,2.73264483373381,3.9811160564422607,3.717562198638916
6579,2020-09-01 02:28:57.576415,2.73264483373381,3.9811160564422607,3.717562198638916
6580,2020-09-01 02:28:58.439910,2.73264483373381,3.9811160564422607,3.717562198638916
6581,2020-09-01 02:28:59.366550,2.73264483373381,3.9811160564422607,3.717562198638916
6582,2020-09-01 02:29:00.282797,2.73264483373381,3.9811160564422607,3.717562198638916
6583,2020-09-01 02:29:01.189995,2.73264483373381,3.9811160564422607,3.619753837585449
6584,2020-09-01 02:29:02.060580,2.76980282764721,4.027072429656982,3.619753837585449
6585,2020-09-01 02:29:02.960366,2.76980282764721,4.027072429656982,3.619753837585449
6586,2020-09-01 02:29:03.925413,2.76980282764721,4.027072429656982,3.619753837585449
6587,2020-09-01 02:29:04.782392,2.80780688009141,4.073062419891357,3.521946668624878
6588,2020-09-01 02:29:05.649895,2.80780688009141,4.073062419891357,3.521946668624878
6589,2020-09-01 02:29:06.482017,2.80780688009141,4.073062419891357,3.521946668624878
6590,2020-09-01 02:29:07.500048,2.8456051736661,4.073062419891357,3.4241409301757812
6591,2020-09-01 02:29:08.318823,2.8456051736661,4.119036674499512,3.4241409301757812
6592,2020-09-01 02:29:09.153067,2.8456051736661,4.119036674499512,3.4241409301757812
6593,2020-09-01 02:29:09.999595,2.8456051736661,4.119036674499512,3.4241409301757812
6594,2020-09-01 02:29:10.954225,2.88319840811126,4.164995193481445,3.326336145401001
6595,2020-09-01 02:29:11.766559,2.88319840811126,4.164995193481445,3.326336145401001
6596,2020-09-01 02:29:12.644001,2.88319840811126,4.164995193481445,3.228532552719116
6597,2020-09-01 02:29:13.506512,2.9205872834371,4.210938453674316,3.228532552719116
6598,2020-09-01 02:29:14.403179,2.9205872834371,4.210938453674316,3.228532552719116
6599,2020-09-01 02:29:15.296983,2.9205872834371,4.210938453674316,3.130730152130127
6600,2020-09-01 02:29:16.172956,2.95777249983307,4.256865978240967,3.130730152130127
6601,2020-09-01 02:29:17.070729,2.95777249983307,4.256865978240967,3.130730152130127
6602,2020-09-01 02:29:18.020494,2.95777249983307,4.256865978240967,3.130730152130127
6603,2020-09-01 02:29:18.986436,2.99475475752423,4.302777290344238,3.0329291820526123
6604,2020-09-01 02:29:19.805933,2.99475475752423,4.302777290344238,3.0329291820526123
6605,2020-09-01 02:29:20.654521,2.99475475752423,4.302777290344238,3.0329291820526123
6606,2020-09-01 02:29:21.506851,3.02930251942398,4.347166538238525,2.934011697769165
6607,2020-09-01 02:29:22.379450,3.02930251942398,4.347166538238525,2.934011697769165
6608,2020-09-01 02:29:23.298027,3.02930251942398,4.347166538238525,2.934011697769165
6609,2020-09-01 02:29:24.138243,3.02930251942398,4.347166538238525,2.8350954055786133
6610,2020-09-01 02:29:25.112123,3.06362472502947,4.391538619995117,2.8350954055786133
6611,2020-09-01 02:29:26.013687,3.06362472502947,4.391538619995117,2.8350954055786133
6612,2020-09-01 02:29:27.083240,3.06362472502947,4.391538619995117,2.736180543899536
6613,2020-09-01 02:29:27.960067,3.09772206754967,4.435893535614014,2.736180543899536
6614,2020-09-01 02:29:28.761090,3.09772206754967,4.435893535614014,2.736180543899536
6615,2020-09-01 02:29:29.698579,3.09772206754967,4.435893535614014,2.736180543899536
6616,2020-09-01 02:29:30.581817,3.09551227200258,4.479139804840088,2.7760863304138184
6617,2020-09-01 02:29:31.445808,3.09551227200258,4.479139804840088,2.7760863304138184
6618,2020-09-01 02:29:32.375127,3.09551227200258,4.479139804840088,2.7760863304138184
6619,2020-09-01 02:29:33.299277,3.09324291641761,4.522352695465088,2.815948009490967
6620,2020-09-01 02:29:34.237658,3.09324291641761,4.522352695465088,2.815948009490967
6621,2020-09-01 02:29:35.174357,3.09324291641761,4.522352695465088,2.815948009490967
6622,2020-09-01 02:29:36.181717,3.09091458716635,4.5655317306518555,2.8557653427124023
6623,2020-09-01 02:29:37.048354,3.09091458716635,4.5655317306518555,2.8557653427124023
6624,2020-09-01 02:29:37.878395,3.09091458716635,4.5655317306518555,2.8557653427124023
6625,2020-09-01 02:29:38.782127,3.09091458716635,4.5655317306518555,2.8557653427124023
6626,2020-09-01 02:29:39.627626,3.0885278656436,4.608676910400391,2.895538330078125
6627,2020-09-01 02:29:40.514038,3.0885278656436,4.608676910400391,2.895538330078125
6628,2020-09-01 02:29:41.417951,3.0885278656436,4.608676910400391,2.895538330078125
6629,2020-09-01 02:29:42.252205,3.08608332831429,4.651788711547852,2.9352667331695557
6630,2020-09-01 02:29:43.122169,3.08608332831429,4.651788711547852,2.9352667331695557
6631,2020-09-01 02:29:43.901413,3.08608332831429,4.651788711547852,2.9352667331695557
6632,2020-09-01 02:29:44.893070,3.08358154675594,4.69486665725708,2.9749510288238525
6633,2020-09-01 02:29:45.840770,3.08358154675594,4.69486665725708,2.9749510288238525
6634,2020-09-01 02:29:46.658364,3.08358154675594,4.69486665725708,2.9749510288238525
6635,2020-09-01 02:29:47.487021,3.08358154675594,4.69486665725708,3.0145905017852783
6636,2020-09-01 02:29:48.324076,3.08102308769594,4.737910747528076,3.0145905017852783
6637,2020-09-01 02:29:49.262741,3.08102308769594,4.737910747528076,3.0145905017852783
6638,2020-09-01 02:29:50.245120,3.08102308769594,4.737910747528076,3.0541858673095703
6639,2020-09-01 02:29:51.149203,3.07840851304229,4.780920505523682,3.0541858673095703
6640,2020-09-01 02:29:52.032590,3.07840851304229,4.780920505523682,3.0541858673095703
6641,2020-09-01 02:29:52.873512,3.07840851304229,4.780920505523682,3.0541858673095703
6642,2020-09-01 02:29:53.738079,3.07573837990594,4.823896884918213,3.093736410140991
6643,2020-09-01 02:29:54.686187,3.07573837990594,4.823896884918213,3.093736410140991
6644,2020-09-01 02:29:55.554924,3.07573837990594,4.823896884918213,3.093736410140991
6645,2020-09-01 02:29:56.449876,3.07163524714126,4.867092132568359,3.131910562515259
6646,2020-09-01 02:29:57.383524,3.07163524714126,4.867092132568359,3.131910562515259
6647,2020-09-01 02:29:58.254499,3.07163524714126,4.867092132568359,3.131910562515259
6648,2020-09-01 02:29:59.158082,3.06747646599754,4.910252094268799,3.1700398921966553
6649,2020-09-01 02:30:00.006711,3.06747646599754,4.910252094268799,3.1700398921966553
6650,2020-09-01 02:30:00.857562,3.06747646599754,4.910252094268799,3.1700398921966553
6651,2020-09-01 02:30:01.786333,3.0632625769279,4.953376293182373,3.2081241607666016
6652,2020-09-01 02:30:02.681984,3.0632625769279,4.953376293182373,3.2081241607666016
6653,2020-09-01 02:30:03.503206,3.0632625769279,4.953376293182373,3.2081241607666016
6654,2020-09-01 02:30:04.358929,3.05899411619723,4.996465682983398,3.2461636066436768
6655,2020-09-01 02:30:05.229159,3.05899411619723,4.996465682983398,3.2461636066436768
6656,2020-09-01 02:30:06.109106,3.05899411619723,4.996465682983398,3.2461636066436768
6657,2020-09-01 02:30:06.908011,3.05467161592024,5.039519309997559,3.284158229827881
6658,2020-09-01 02:30:07.733237,3.05467161592024,5.039519309997559,3.284158229827881
6659,2020-09-01 02:30:08.699019,3.05467161592024,5.039519309997559,3.3221075534820557
6660,2020-09-01 02:30:09.539682,3.05029560409854,5.082537651062012,3.3221075534820557
6661,2020-09-01 02:30:10.476260,3.05029560409854,5.082537651062012,3.3221075534820557
6662,2020-09-01 02:30:11.399315,3.05029560409854,5.082537651062012,3.3600120544433594
6663,2020-09-01 02:30:12.323273,3.04586660465677,5.1255202293396,3.3600120544433594
6664,2020-09-01 02:30:13.229998,3.04586660465677,5.1255202293396,3.3600120544433594
6665,2020-09-01 02:30:14.167053,3.04586660465677,5.1255202293396,3.397871494293213
6666,2020-09-01 02:30:15.068556,3.041385137478,5.1684675216674805,3.397871494293213
6667,2020-09-01 02:30:15.922329,3.041385137478,5.1684675216674805,3.397871494293213
6668,2020-09-01 02:30:16.802815,3.041385137478,5.1684675216674805,3.435685873031616
6669,2020-09-01 02:30:17.760912,3.03685171843829,5.211379528045654,3.435685873031616
6670,2020-09-01 02:30:18.690663,3.03685171843829,5.211379528045654,3.435685873031616
6671,2020-09-01 02:30:19.613990,3.03685171843829,5.211379528045654,3.435685873031616
6672,2020-09-01 02:30:20.509639,3.03226685944028,5.254255294799805,3.4734551906585693
6673,2020-09-01 02:30:21.465007,3.03226685944028,5.254255294799805,3.4734551906585693
6674,2020-09-01 02:30:22.371453,3.03226685944028,5.254255294799805,3.511179208755493
6675,2020-09-01 02:30:23.244247,3.02763106844615,5.297096252441406,3.511179208755493
6676,2020-09-01 02:30:24.110703,3.02763106844615,5.297096252441406,3.511179208755493
6677,2020-09-01 02:30:24.949585,3.02763106844615,5.297096252441406,3.511179208755493
6678,2020-09-01 02:30:25.850201,3.02294484950956,5.339900970458984,3.548858165740967
6679,2020-09-01 02:30:26.739947,3.02294484950956,5.339900970458984,3.548858165740967
6680,2020-09-01 02:30:27.686514,3.02294484950956,5.339900970458984,3.548858165740967
6681,2020-09-01 02:30:28.772775,3.0173602878935,5.38106107711792,3.5917534828186035
6682,2020-09-01 02:30:29.642401,3.0173602878935,5.38106107711792,3.5917534828186035
6683,2020-09-01 02:30:30.440379,3.0173602878935,5.38106107711792,3.5917534828186035
6684,2020-09-01 02:30:31.338195,3.0173602878935,5.38106107711792,3.5917534828186035
6685,2020-09-01 02:30:32.290135,3.0173602878935,5.38106107711792,3.5917534828186035
6686,2020-09-01 02:30:33.231255,3.0173602878935,5.38106107711792,3.5917534828186035
6687,2020-09-01 02:30:34.073632,3.0173602878935,5.38106107711792,3.5917534828186035
6688,2020-09-01 02:30:35.029929,3.0173602878935,5.38106107711792,3.5917534828186035
6689,2020-09-01 02:30:35.931347,3.0173602878935,5.38106107711792,3.634169101715088
6690,2020-09-01 02:30:36.799065,3.01178443100679,5.421774387359619,3.634169101715088
6691,2020-09-01 02:30:37.722894,3.01178443100679,5.421774387359619,3.634169101715088
6692,2020-09-01 02:30:38.662243,3.01178443100679,5.421774387359619,3.6346054077148438
6693,2020-09-01 02:30:39.698861,3.01199692348848,5.4214935302734375,3.6346054077148438
6694,2020-09-01 02:30:40.625363,3.01199692348848,5.4214935302734375,3.6346054077148438
6695,2020-09-01 02:30:41.591156,3.01199692348848,5.4214935302734375,3.6346054077148438
6696,2020-09-01 02:30:42.526084,3.03324427507074,5.393406391143799,3.6782405376434326
6697,2020-09-01 02:30:43.406509,3.03324427507074,5.393406391143799,3.6782405376434326
6698,2020-09-01 02:30:44.346403,3.03324427507074,5.393406391143799,3.6782405376434326
6699,2020-09-01 02:30:45.270795,3.05430162243896,5.36531925201416,3.72184419631958
6700,2020-09-01 02:30:46.206067,3.05430162243896,5.36531925201416,3.72184419631958
6701,2020-09-01 02:30:47.115030,3.07516974698933,5.36531925201416,3.765416383743286
6702,2020-09-01 02:30:47.954902,3.07516974698933,5.3372321128845215,3.765416383743286
6703,2020-09-01 02:30:48.834882,3.07516974698933,5.3372321128845215,3.765416383743286
6704,2020-09-01 02:30:49.774200,3.07516974698933,5.3372321128845215,3.8089566230773926
6705,2020-09-01 02:30:50.664266,3.09584942403977,5.309144973754883,3.8089566230773926
6706,2020-09-01 02:30:51.579497,3.09584942403977,5.309144973754883,3.8089566230773926
6707,2020-09-01 02:30:52.491513,3.09584942403977,5.309144973754883,3.8089566230773926
6708,2020-09-01 02:30:53.337490,3.11634142682639,5.281057357788086,3.8524653911590576
6709,2020-09-01 02:30:54.141621,3.11634142682639,5.281057357788086,3.8524653911590576
6710,2020-09-01 02:30:54.994353,3.11634142682639,5.281057357788086,3.8524653911590576
6711,2020-09-01 02:30:55.831853,3.13664652776011,5.252970218658447,3.895941972732544
6712,2020-09-01 02:30:56.759982,3.13664652776011,5.252970218658447,3.895941972732544
6713,2020-09-01 02:30:57.616224,3.13664652776011,5.252970218658447,3.895941972732544
6714,2020-09-01 02:30:58.543312,3.13664652776011,5.252970218658447,3.895941972732544
6715,2020-09-01 02:30:59.390352,3.15676549905375,5.224883079528809,3.9393868446350098
6716,2020-09-01 02:31:00.346821,3.15676549905375,5.224883079528809,3.9393868446350098
6717,2020-09-01 02:31:01.233837,3.15676549905375,5.224883079528809,3.9393868446350098
6718,2020-09-01 02:31:02.185158,3.17669911309794,5.224883079528809,3.982799530029297
6719,2020-09-01 02:31:03.093616,3.17669911309794,5.19679594039917,3.982799530029297
6720,2020-09-01 02:31:04.054589,3.17669911309794,5.19679594039917,3.982799530029297
6721,2020-09-01 02:31:04.837322,3.17669911309794,5.19679594039917,3.982799530029297
6722,2020-09-01 02:31:05.691732,3.19644814271051,5.168708324432373,4.026180267333984
6723,2020-09-01 02:31:06.603564,3.19644814271051,5.168708324432373,4.026180267333984
6724,2020-09-01 02:31:07.465765,3.19644814271051,5.168708324432373,4.026180267333984
6725,2020-09-01 02:31:08.334484,3.21601336131329,5.140621185302734,4.069528579711914
6726,2020-09-01 02:31:09.226516,3.21601336131329,5.140621185302734,4.069528579711914
6727,2020-09-01 02:31:10.066032,3.21601336131329,5.140621185302734,4.069528579711914
6728,2020-09-01 02:31:11.039505,3.23573771791781,5.140621185302734,4.106645107269287
6729,2020-09-01 02:31:11.857196,3.23573771791781,5.113020896911621,4.106645107269287
6730,2020-09-01 02:31:12.715439,3.23573771791781,5.113020896911621,4.106645107269287
6731,2020-09-01 02:31:13.650651,3.23573771791781,5.113020896911621,4.106645107269287
6732,2020-09-01 02:31:14.450543,3.25528095295682,5.08542013168335,4.143735885620117
6733,2020-09-01 02:31:15.301086,3.25528095295682,5.08542013168335,4.143735885620117
6734,2020-09-01 02:31:16.178992,3.25528095295682,5.08542013168335,4.180800914764404
6735,2020-09-01 02:31:16.974459,3.27464384184125,5.057819366455078,4.180800914764404
6736,2020-09-01 02:31:17.880032,3.27464384184125,5.057819366455078,4.180800914764404
6737,2020-09-01 02:31:18.806409,3.27464384184125,5.057819366455078,4.180800914764404
6738,2020-09-01 02:31:19.794074,3.29382716112751,5.030219078063965,4.217840194702148
6739,2020-09-01 02:31:20.673956,3.29382716112751,5.030219078063965,4.217840194702148
6740,2020-09-01 02:31:21.548537,3.29382716112751,5.030219078063965,4.217840194702148
6741,2020-09-01 02:31:22.501899,3.31283168853425,5.002618312835693,4.25485372543335
6742,2020-09-01 02:31:23.289951,3.31283168853425,5.002618312835693,4.25485372543335
6743,2020-09-01 02:31:24.225717,3.31283168853425,5.002618312835693,4.25485372543335
6744,2020-09-01 02:31:25.081719,3.33165820295594,4.975017547607422,4.29184103012085
6745,2020-09-01 02:31:25.929053,3.33165820295594,4.975017547607422,4.29184103012085
6746,2020-09-01 02:31:26.812279,3.33165820295594,4.975017547607422,4.29184103012085
6747,2020-09-01 02:31:27.696288,3.33165820295594,4.975017547607422,4.29184103012085
6748,2020-09-01 02:31:28.611477,3.35030748447353,4.947417259216309,4.328803062438965
6749,2020-09-01 02:31:29.554759,3.35030748447353,4.947417259216309,4.328803062438965
6750,2020-09-01 02:31:30.427147,3.35030748447353,4.947417259216309,4.328803062438965
6751,2020-09-01 02:31:31.262369,3.36878031436271,4.919816493988037,4.365738391876221
6752,2020-09-01 02:31:32.167305,3.36878031436271,4.919816493988037,4.365738391876221
6753,2020-09-01 02:31:33.078456,3.36878031436271,4.919816493988037,4.365738391876221
6754,2020-09-01 02:31:33.917315,3.38707747509973,4.892216205596924,4.402647972106934
6755,2020-09-01 02:31:34.756244,3.38707747509973,4.892216205596924,4.402647972106934
6756,2020-09-01 02:31:35.702772,3.38707747509973,4.892216205596924,4.402647972106934
6757,2020-09-01 02:31:36.659432,3.40519975036544,4.892216205596924,4.439530849456787
6758,2020-09-01 02:31:37.557917,3.40519975036544,4.864615440368652,4.439530849456787
6759,2020-09-01 02:31:38.437744,3.40519975036544,4.864615440368652,4.439530849456787
6760,2020-09-01 02:31:39.224271,3.40519975036544,4.864615440368652,4.476387977600098
6761,2020-09-01 02:31:40.047068,3.42314792504727,4.837014675140381,4.476387977600098
6762,2020-09-01 02:31:40.869384,3.42314792504727,4.837014675140381,4.476387977600098
6763,2020-09-01 02:31:41.814630,3.42314792504727,4.837014675140381,4.513218402862549
6764,2020-09-01 02:31:42.766762,3.44092278523962,4.809414386749268,4.513218402862549
6765,2020-09-01 02:31:43.677741,3.44092278523962,4.809414386749268,4.513218402862549
6766,2020-09-01 02:31:44.545942,3.44092278523962,4.809414386749268,4.513218402862549
6767,2020-09-01 02:31:45.505589,3.45817978190817,4.779557228088379,4.555343151092529
6768,2020-09-01 02:31:46.371302,3.45817978190817,4.779557228088379,4.555343151092529
6769,2020-09-01 02:31:47.262754,3.45817978190817,4.779557228088379,4.555343151092529
6770,2020-09-01 02:31:48.064012,3.4752638604559,4.74970006942749,4.597435474395752
6771,2020-09-01 02:31:48.925324,3.4752638604559,4.74970006942749,4.597435474395752
6772,2020-09-01 02:31:49.763589,3.4752638604559,4.74970006942749,4.597435474395752
6773,2020-09-01 02:31:50.634949,3.52380728501484,4.719842910766602,4.5018720626831055
6774,2020-09-01 02:31:51.626644,3.52380728501484,4.719842910766602,4.5018720626831055
6775,2020-09-01 02:31:52.529707,3.57209746133275,4.689985752105713,4.406309604644775
6776,2020-09-01 02:31:53.386350,3.57209746133275,4.689985752105713,4.406309604644775
6777,2020-09-01 02:31:54.184420,3.57209746133275,4.689985752105713,4.406309604644775
6778,2020-09-01 02:31:55.072817,3.57209746133275,4.689985752105713,4.406309604644775
6779,2020-09-01 02:31:55.921041,3.62013570649007,4.660128593444824,4.31074857711792
6780,2020-09-01 02:31:56.686267,3.62013570649007,4.660128593444824,4.31074857711792
6781,2020-09-01 02:31:57.654355,3.62013570649007,4.660128593444824,4.31074857711792
6782,2020-09-01 02:31:58.527689,3.62013570649007,4.660128593444824,4.215188503265381
6783,2020-09-01 02:31:59.392507,3.6679233269024,4.6302714347839355,4.215188503265381
6784,2020-09-01 02:32:00.298213,3.6679233269024,4.6302714347839355,4.215188503265381
6785,2020-09-01 02:32:01.263063,3.6679233269024,4.6302714347839355,4.215188503265381
6786,2020-09-01 02:32:02.186297,3.71546161984125,4.600414276123047,4.119629859924316
6787,2020-09-01 02:32:03.138743,3.71546161984125,4.600414276123047,4.119629859924316
6788,2020-09-01 02:32:03.951862,3.71546161984125,4.600414276123047,4.119629859924316
6789,2020-09-01 02:32:04.855612,3.76275187379015,4.570557594299316,4.024072170257568
6790,2020-09-01 02:32:05.738289,3.76275187379015,4.570557594299316,4.024072170257568
6791,2020-09-01 02:32:06.668574,3.76275187379015,4.570557594299316,4.024072170257568
6792,2020-09-01 02:32:07.646780,3.80979536936464,4.570557594299316,3.9285151958465576
6793,2020-09-01 02:32:08.489116,3.80979536936464,4.540700435638428,3.9285151958465576
6794,2020-09-01 02:32:09.329973,3.80979536936464,4.540700435638428,3.9285151958465576
6795,2020-09-01 02:32:10.261845,3.85659338000681,4.510843276977539,3.8329596519470215
6796,2020-09-01 02:32:11.075989,3.85659338000681,4.510843276977539,3.8329596519470215
6797,2020-09-01 02:32:12.068195,3.85659338000681,4.510843276977539,3.8329596519470215
6798,2020-09-01 02:32:12.980691,3.90314717253854,4.48098611831665,3.737405300140381
6799,2020-09-01 02:32:13.872741,3.90314717253854,4.48098611831665,3.737405300140381
6800,2020-09-01 02:32:14.776402,3.90314717253854,4.48098611831665,3.737405300140381
6801,2020-09-01 02:32:15.696647,3.90314717253854,4.48098611831665,3.737405300140381
6802,2020-09-01 02:32:16.642091,3.94945800761462,4.451128959655762,3.6418519020080566
6803,2020-09-01 02:32:17.496440,3.94945800761462,4.451128959655762,3.6418519020080566
6804,2020-09-01 02:32:18.286793,3.94945800761462,4.451128959655762,3.5299618244171143
6805,2020-09-01 02:32:19.128854,3.9940827560105,4.422117233276367,3.5299618244171143
6806,2020-09-01 02:32:20.003240,3.9940827560105,4.422117233276367,3.5299618244171143
6807,2020-09-01 02:32:20.949521,3.9940827560105,4.422117233276367,3.5299618244171143
6808,2020-09-01 02:32:21.846547,4.038423940827,4.393105506896973,3.4180734157562256
6809,2020-09-01 02:32:22.716888,4.038423940827,4.393105506896973,3.4180734157562256
6810,2020-09-01 02:32:23.623394,4.038423940827,4.393105506896973,3.4180734157562256
6811,2020-09-01 02:32:24.545780,4.08248227820637,4.36409330368042,3.3061864376068115
6812,2020-09-01 02:32:25.401684,4.08248227820637,4.36409330368042,3.3061864376068115
6813,2020-09-01 02:32:26.243706,4.08248227820637,4.36409330368042,3.3061864376068115
6814,2020-09-01 02:32:27.139312,4.12625848707302,4.335081577301025,3.194301128387451
6815,2020-09-01 02:32:27.978894,4.12625848707302,4.335081577301025,3.194301128387451
6816,2020-09-01 02:32:28.858212,4.12625848707302,4.335081577301025,3.194301128387451
6817,2020-09-01 02:32:29.813581,4.16975328918086,4.335081577301025,3.0824174880981445
6818,2020-09-01 02:32:30.791241,4.16975328918086,4.306069850921631,3.0824174880981445
6819,2020-09-01 02:32:31.704484,4.16975328918086,4.306069850921631,3.0824174880981445
6820,2020-09-01 02:32:32.685366,4.21296740915956,4.277058124542236,2.9705355167388916
6821,2020-09-01 02:32:33.525180,4.21296740915956,4.277058124542236,2.9705355167388916
6822,2020-09-01 02:32:34.410831,4.21296740915956,4.277058124542236,2.9705355167388916
6823,2020-09-01 02:32:35.365507,4.2559015745597,4.248046398162842,2.8586552143096924
6824,2020-09-01 02:32:36.220802,4.2559015745597,4.248046398162842,2.8586552143096924
6825,2020-09-01 02:32:37.119154,4.2559015745597,4.248046398162842,2.8586552143096924
6826,2020-09-01 02:32:38.147971,4.29855651589699,4.219034671783447,2.7467763423919678
6827,2020-09-01 02:32:39.073752,4.29855651589699,4.219034671783447,2.7467763423919678
6828,2020-09-01 02:32:39.897764,4.29855651589699,4.219034671783447,2.7467763423919678
6829,2020-09-01 02:32:40.745967,4.29855651589699,4.219034671783447,2.7764601707458496
6830,2020-09-01 02:32:41.656240,4.30879702515755,4.190022945404053,2.7764601707458496
6831,2020-09-01 02:32:42.572754,4.30879702515755,4.190022945404053,2.7764601707458496
6832,2020-09-01 02:32:43.556410,4.30879702515755,4.190022945404053,2.7764601707458496
6833,2020-09-01 02:32:44.407099,4.31888920065387,4.1610107421875,2.8061201572418213
6834,2020-09-01 02:32:45.234917,4.31888920065387,4.1610107421875,2.8061201572418213
6835,2020-09-01 02:32:46.103707,4.31888920065387,4.1610107421875,2.8061201572418213
6836,2020-09-01 02:32:47.055074,4.32883388339165,4.1319990158081055,2.83575701713562
6837,2020-09-01 02:32:48.015822,4.32883388339165,4.1319990158081055,2.83575701713562
6838,2020-09-01 02:32:48.861317,4.32883388339165,4.1319990158081055,2.83575701713562
6839,2020-09-01 02:32:49.791138,4.32883388339165,4.1319990158081055,2.865370273590088
6840,2020-09-01 02:32:50.677621,4.33863191496231,4.102987289428711,2.865370273590088
6841,2020-09-01 02:32:51.745194,4.33863191496231,4.102987289428711,2.865370273590088
6842,2020-09-01 02:32:52.753496,4.33863191496231,4.102987289428711,2.865370273590088
6843,2020-09-01 02:32:53.679524,4.34337078412047,4.077459812164307,2.902449607849121
6844,2020-09-01 02:32:54.646111,4.34337078412047,4.077459812164307,2.902449607849121
6845,2020-09-01 02:32:55.548114,4.34337078412047,4.077459812164307,2.902449607849121
6846,2020-09-01 02:32:56.547267,4.34794462970061,4.051932334899902,2.9394938945770264
6847,2020-09-01 02:32:57.568340,4.34794462970061,4.051932334899902,2.9394938945770264
6848,2020-09-01 02:32:58.477998,4.34794462970061,4.051932334899902,2.9394938945770264
6849,2020-09-01 02:32:59.321610,4.35235431951078,4.02640438079834,2.9765026569366455
6850,2020-09-01 02:33:00.291439,4.35235431951078,4.02640438079834,2.9765026569366455
6851,2020-09-01 02:33:01.386774,4.35235431951078,4.02640438079834,2.9765026569366455
6852,2020-09-01 02:33:02.453168,4.35235431951078,4.02640438079834,3.0134761333465576
6853,2020-09-01 02:33:03.401837,4.35660072278601,4.0008769035339355,3.0134761333465576
6854,2020-09-01 02:33:04.359511,4.35660072278601,4.0008769035339355,3.0134761333465576
6855,2020-09-01 02:33:05.343782,4.36068471012496,3.975349187850952,3.0504138469696045
6856,2020-09-01 02:33:06.285776,4.36068471012496,3.975349187850952,3.0504138469696045
6857,2020-09-01 02:33:07.264350,4.36068471012496,3.975349187850952,3.0504138469696045
6858,2020-09-01 02:33:08.217437,4.36460715342125,3.949821710586548,3.0873160362243652
6859,2020-09-01 02:33:09.137230,4.36460715342125,3.949821710586548,3.0873160362243652
6860,2020-09-01 02:33:10.007067,4.36460715342125,3.949821710586548,3.0873160362243652
6861,2020-09-01 02:33:10.869602,4.36460715342125,3.949821710586548,3.12418270111084
6862,2020-09-01 02:33:11.728939,4.36836892578903,3.9242939949035645,3.12418270111084
6863,2020-09-01 02:33:12.579198,4.36836892578903,3.9242939949035645,3.12418270111084
6864,2020-09-01 02:33:13.419598,4.36836892578903,3.9242939949035645,3.16101336479187
6865,2020-09-01 02:33:14.287601,4.37197090148189,3.898766279220581,3.16101336479187
6866,2020-09-01 02:33:15.100503,4.37197090148189,3.898766279220581,3.16101336479187
6867,2020-09-01 02:33:15.846107,4.37197090148189,3.898766279220581,3.16101336479187
6868,2020-09-01 02:33:16.725456,4.37541395580442,3.8732388019561768,3.197808265686035
6869,2020-09-01 02:33:17.632149,4.37541395580442,3.8732388019561768,3.197808265686035
6870,2020-09-01 02:33:18.587777,4.37541395580442,3.8732388019561768,3.197808265686035
6871,2020-09-01 02:33:19.487869,4.3786989650154,3.8477110862731934,3.234567403793335
6872,2020-09-01 02:33:20.389089,4.3786989650154,3.8477110862731934,3.234567403793335
6873,2020-09-01 02:33:21.295986,4.3786989650154,3.8477110862731934,3.234567403793335
6874,2020-09-01 02:33:22.157140,4.3786989650154,3.8477110862731934,3.2712903022766113
6875,2020-09-01 02:33:23.086632,4.38182680622155,3.82218337059021,3.2712903022766113
6876,2020-09-01 02:33:24.014350,4.38182680622155,3.82218337059021,3.2712903022766113
6877,2020-09-01 02:33:24.938559,4.38182680622155,3.82218337059021,3.3079771995544434
6878,2020-09-01 02:33:25.774184,4.38479835726031,3.7966558933258057,3.3079771995544434
6879,2020-09-01 02:33:26.682215,4.38479835726031,3.7966558933258057,3.3079771995544434
6880,2020-09-01 02:33:27.582817,4.38479835726031,3.7966558933258057,3.3079771995544434
6881,2020-09-01 02:33:28.506915,4.38813805087386,3.773005723953247,3.3560328483581543
6882,2020-09-01 02:33:29.363441,4.38813805087386,3.773005723953247,3.3560328483581543
6883,2020-09-01 02:33:30.316764,4.38813805087386,3.773005723953247,3.3560328483581543
6884,2020-09-01 02:33:31.198399,4.38813805087386,3.773005723953247,3.404041051864624
6885,2020-09-01 02:33:32.045869,4.3913260547988,3.7493557929992676,3.404041051864624
6886,2020-09-01 02:33:33.007573,4.3913260547988,3.7493557929992676,3.404041051864624
6887,2020-09-01 02:33:33.824495,4.3913260547988,3.7493557929992676,3.4520015716552734
6888,2020-09-01 02:33:34.709664,4.39436324371889,3.725705862045288,3.4520015716552734
6889,2020-09-01 02:33:35.522261,4.39436324371889,3.725705862045288,3.4520015716552734
6890,2020-09-01 02:33:36.396301,4.39436324371889,3.725705862045288,3.4520015716552734
6891,2020-09-01 02:33:37.276403,4.39725049292169,3.7020556926727295,3.4999141693115234
6892,2020-09-01 02:33:38.098991,4.39725049292169,3.7020556926727295,3.4999141693115234
6893,2020-09-01 02:33:39.117250,4.39725049292169,3.7020556926727295,3.4999141693115234
6894,2020-09-01 02:33:39.994884,4.39725049292169,3.7020556926727295,3.5477793216705322
6895,2020-09-01 02:33:40.911520,4.39998867816114,3.67840576171875,3.5477793216705322
6896,2020-09-01 02:33:41.790194,4.39998867816114,3.67840576171875,3.5477793216705322
6897,2020-09-01 02:33:42.682911,4.39998867816114,3.67840576171875,3.5477793216705322
6898,2020-09-01 02:33:43.683552,4.40257867550348,3.6547558307647705,3.5955963134765625
6899,2020-09-01 02:33:44.653805,4.40257867550348,3.6547558307647705,3.5955963134765625
6900,2020-09-01 02:33:45.534995,4.40257867550348,3.6547558307647705,3.5955963134765625
6901,2020-09-01 02:33:46.509693,4.40502136115308,3.631105661392212,3.6433656215667725
6902,2020-09-01 02:33:47.456878,4.40502136115308,3.631105661392212,3.6433656215667725
6903,2020-09-01 02:33:48.377813,4.40502136115308,3.631105661392212,3.6433656215667725
6904,2020-09-01 02:33:49.427711,4.40731761125375,3.6074557304382324,3.691087007522583
6905,2020-09-01 02:33:50.416827,4.40731761125375,3.6074557304382324,3.691087007522583
6906,2020-09-01 02:33:51.230383,4.40731761125375,3.6074557304382324,3.691087007522583
6907,2020-09-01 02:33:52.066656,4.40946830165962,3.583805561065674,3.738760232925415
6908,2020-09-01 02:33:52.914442,4.40946830165962,3.583805561065674,3.738760232925415
6909,2020-09-01 02:33:53.879685,4.40946830165962,3.583805561065674,3.738760232925415
6910,2020-09-01 02:33:54.716075,4.40946830165962,3.583805561065674,3.7863852977752686
6911,2020-09-01 02:33:55.621739,4.41147430766742,3.5601556301116943,3.7863852977752686
6912,2020-09-01 02:33:56.470164,4.41147430766742,3.5601556301116943,3.7863852977752686
6913,2020-09-01 02:33:57.358320,4.41147430766742,3.5601556301116943,3.7863852977752686
6914,2020-09-01 02:33:58.284007,4.4133365036986,3.536505699157715,3.8339622020721436
6915,2020-09-01 02:33:59.125980,4.4133365036986,3.536505699157715,3.8339622020721436
6916,2020-09-01 02:34:00.036761,4.4133365036986,3.536505699157715,3.8339622020721436
6917,2020-09-01 02:34:01.052610,4.41505576291364,3.536505699157715,3.881490707397461
6918,2020-09-01 02:34:01.964757,4.41505576291364,3.5128555297851562,3.881490707397461
6919,2020-09-01 02:34:02.784964,4.41505576291364,3.5128555297851562,3.881490707397461
6920,2020-09-01 02:34:03.651496,4.42015291563624,3.492300510406494,3.943157434463501
6921,2020-09-01 02:34:04.578034,4.42015291563624,3.492300510406494,3.943157434463501
6922,2020-09-01 02:34:05.425756,4.42015291563624,3.492300510406494,3.943157434463501
6923,2020-09-01 02:34:06.378134,4.42015291563624,3.492300510406494,4.004763603210449
6924,2020-09-01 02:34:07.323329,4.42511871553219,3.471745252609253,4.004763603210449
6925,2020-09-01 02:34:08.133202,4.42511871553219,3.471745252609253,4.004763603210449
6926,2020-09-01 02:34:09.072314,4.42511871553219,3.471745252609253,4.004763603210449
6927,2020-09-01 02:34:09.965409,4.42995408929986,3.4511899948120117,4.066309452056885
6928,2020-09-01 02:34:10.915961,4.42995408929986,3.4511899948120117,4.066309452056885
6929,2020-09-01 02:34:11.825181,4.42995408929986,3.4511899948120117,4.066309452056885
6930,2020-09-01 02:34:12.715388,4.44741185359646,3.431594133377075,4.125246047973633
6931,2020-09-01 02:34:13.619592,4.44741185359646,3.431594133377075,4.125246047973633
6932,2020-09-01 02:34:14.492738,4.44741185359646,3.431594133377075,4.125246047973633
6933,2020-09-01 02:34:15.423131,4.44826732919692,3.431594133377075,4.128129005432129
6934,2020-09-01 02:34:16.283827,4.44826732919692,3.4306349754333496,4.128129005432129
6935,2020-09-01 02:34:17.313581,4.44826732919692,3.4306349754333496,4.128129005432129
6936,2020-09-01 02:34:18.206757,4.44826732919692,3.4306349754333496,4.189906120300293
6937,2020-09-01 02:34:19.047849,4.46659641224826,3.4100797176361084,4.189906120300293
6938,2020-09-01 02:34:19.934679,4.46659641224826,3.4100797176361084,4.189906120300293
6939,2020-09-01 02:34:20.875460,4.46659641224826,3.4100797176361084,4.251636028289795
6940,2020-09-01 02:34:21.668188,4.48487113628934,3.389524459838867,4.251636028289795
6941,2020-09-01 02:34:22.553878,4.48487113628934,3.389524459838867,4.251636028289795
6942,2020-09-01 02:34:23.346271,4.48487113628934,3.389524459838867,4.251636028289795
6943,2020-09-01 02:34:24.225020,4.50309191623278,3.368969440460205,4.313318729400635
6944,2020-09-01 02:34:25.106141,4.50309191623278,3.368969440460205,4.313318729400635
6945,2020-09-01 02:34:25.987133,4.50309191623278,3.368969440460205,4.313318729400635
6946,2020-09-01 02:34:26.997318,4.52125916445164,3.368969440460205,4.3749542236328125
6947,2020-09-01 02:34:27.801009,4.52125916445164,3.348414182662964,4.3749542236328125
6948,2020-09-01 02:34:28.605742,4.52125916445164,3.348414182662964,4.3749542236328125
6949,2020-09-01 02:34:29.533066,4.5393732907896,3.3278589248657227,4.436542987823486
6950,2020-09-01 02:34:30.404572,4.5393732907896,3.3278589248657227,4.436542987823486
6951,2020-09-01 02:34:31.247965,4.5393732907896,3.3278589248657227,4.436542987823486
6952,2020-09-01 02:34:32.166247,4.55743470257107,3.3073039054870605,4.49808406829834
6953,2020-09-01 02:34:33.039017,4.55743470257107,3.3073039054870605,4.49808406829834
6954,2020-09-01 02:34:33.846220,4.55743470257107,3.3073039054870605,4.49808406829834
6955,2020-09-01 02:34:34.756600,4.55743470257107,3.3073039054870605,4.49808406829834
6956,2020-09-01 02:34:35.649675,4.57544380461138,3.2867486476898193,4.5595784187316895
6957,2020-09-01 02:34:36.534935,4.57544380461138,3.2867486476898193,4.5595784187316895
6958,2020-09-01 02:34:37.481972,4.57544380461138,3.2867486476898193,4.5595784187316895
6959,2020-09-01 02:34:38.331318,4.59340099922689,3.266193389892578,4.621025562286377
6960,2020-09-01 02:34:39.249663,4.59340099922689,3.266193389892578,4.621025562286377
6961,2020-09-01 02:34:40.252489,4.59340099922689,3.266193389892578,4.621025562286377
6962,2020-09-01 02:34:41.131120,4.60955109730905,3.2368576526641846,4.669954299926758
6963,2020-09-01 02:34:42.033297,4.60955109730905,3.2368576526641846,4.669954299926758
6964,2020-09-01 02:34:42.872013,4.60955109730905,3.2368576526641846,4.669954299926758
6965,2020-09-01 02:34:43.745617,4.65681239699391,3.207521915435791,4.580724716186523
6966,2020-09-01 02:34:44.678227,4.65681239699391,3.207521915435791,4.580724716186523
6967,2020-09-01 02:34:45.509804,4.65681239699391,3.207521915435791,4.580724716186523
6968,2020-09-01 02:34:46.463602,4.7038921004102,3.1781861782073975,4.491495132446289
6969,2020-09-01 02:34:47.365649,4.7038921004102,3.1781861782073975,4.491495132446289
6970,2020-09-01 02:34:48.258737,4.7038921004102,3.1781861782073975,4.491495132446289
6971,2020-09-01 02:34:49.073062,4.75079098503448,3.1781861782073975,4.402265548706055
6972,2020-09-01 02:34:49.888841,4.75079098503448,3.148850440979004,4.402265548706055
6973,2020-09-01 02:34:50.794320,4.75079098503448,3.148850440979004,4.402265548706055
6974,2020-09-01 02:34:51.693758,4.75079098503448,3.148850440979004,4.402265548706055
6975,2020-09-01 02:34:52.552132,4.79750982673301,3.1195147037506104,4.31303596496582
6976,2020-09-01 02:34:53.390457,4.79750982673301,3.1195147037506104,4.31303596496582
6977,2020-09-01 02:34:54.294262,4.79750982673301,3.1195147037506104,4.31303596496582
6978,2020-09-01 02:34:55.128861,4.79750982673301,3.1195147037506104,4.223807334899902
6979,2020-09-01 02:34:56.069615,4.84404939976396,3.090178966522217,4.223807334899902
6980,2020-09-01 02:34:56.894374,4.84404939976396,3.090178966522217,4.223807334899902
6981,2020-09-01 02:34:57.725849,4.89041047677962,3.090178966522217,4.134579658508301
6982,2020-09-01 02:34:58.615645,4.89041047677962,3.0608432292938232,4.134579658508301
6983,2020-09-01 02:34:59.530094,4.89041047677962,3.0608432292938232,4.134579658508301
6984,2020-09-01 02:35:00.381539,4.89041047677962,3.0608432292938232,4.045352935791016
6985,2020-09-01 02:35:01.334128,4.93659382882811,3.0315074920654297,4.045352935791016
6986,2020-09-01 02:35:02.176989,4.93659382882811,3.0315074920654297,4.045352935791016
6987,2020-09-01 02:35:03.088085,4.93659382882811,3.0315074920654297,4.045352935791016
6988,2020-09-01 02:35:03.945884,4.98260022535503,3.002171754837036,3.956127166748047
6989,2020-09-01 02:35:04.806254,4.98260022535503,3.002171754837036,3.956127166748047
6990,2020-09-01 02:35:05.602138,4.98260022535503,3.002171754837036,3.956127166748047
6991,2020-09-01 02:35:06.572177,4.98260022535503,3.002171754837036,3.8669023513793945
6992,2020-09-01 02:35:07.388279,5.02843043420488,2.9728360176086426,3.8669023513793945
6993,2020-09-01 02:35:08.222523,5.02843043420488,2.9728360176086426,3.8669023513793945
6994,2020-09-01 02:35:09.142799,5.02843043420488,2.9728360176086426,3.7776784896850586
6995,2020-09-01 02:35:10.148534,5.0740852216222,2.943500280380249,3.7776784896850586
6996,2020-09-01 02:35:10.980381,5.0740852216222,2.943500280380249,3.7776784896850586
6997,2020-09-01 02:35:11.790530,5.0740852216222,2.943500280380249,3.7776784896850586
6998,2020-09-01 02:35:12.658170,5.11956535225258,2.9141645431518555,3.688455581665039
6999,2020-09-01 02:35:13.598522,5.11956535225258,2.9141645431518555,3.688455581665039
7000,2020-09-01 02:35:14.421500,5.11956535225258,2.9141645431518555,3.688455581665039
7001,2020-09-01 02:35:15.383051,5.14386293783068,2.9614923000335693,3.60569167137146
7002,2020-09-01 02:35:16.318637,5.14386293783068,2.9614923000335693,3.60569167137146
7003,2020-09-01 02:35:17.224288,5.14386293783068,2.9614923000335693,3.60569167137146
7004,2020-09-01 02:35:18.088851,5.1680777715011,3.008801221847534,3.5229287147521973
7005,2020-09-01 02:35:19.001070,5.1680777715011,3.008801221847534,3.5229287147521973
7006,2020-09-01 02:35:19.857672,5.1680777715011,3.008801221847534,3.5229287147521973
7007,2020-09-01 02:35:20.729709,5.1680777715011,3.008801221847534,3.5229287147521973
7008,2020-09-01 02:35:21.591462,5.19221038787907,3.05609130859375,3.440166473388672
7009,2020-09-01 02:35:22.470866,5.19221038787907,3.05609130859375,3.440166473388672
7010,2020-09-01 02:35:23.360386,5.19221038787907,3.05609130859375,3.440166473388672
7011,2020-09-01 02:35:24.176289,5.21883054187666,3.1034469604492188,3.357405185699463
7012,2020-09-01 02:35:25.007420,5.21883054187666,3.1034469604492188,3.357405185699463
7013,2020-09-01 02:35:25.820385,5.21883054187666,3.1034469604492188,3.357405185699463
7014,2020-09-01 02:35:26.743300,5.24540018363435,3.1507866382598877,3.274644613265991
7015,2020-09-01 02:35:27.691952,5.24540018363435,3.1507866382598877,3.274644613265991
7016,2020-09-01 02:35:28.481860,5.24540018363435,3.1507866382598877,3.274644613265991
7017,2020-09-01 02:35:29.279988,5.24540018363435,3.1507866382598877,3.274644613265991
7018,2020-09-01 02:35:30.149540,5.25132284720414,3.161355495452881,3.256161689758301
7019,2020-09-01 02:35:30.972141,5.25132284720414,3.161355495452881,3.256161689758301
7020,2020-09-01 02:35:31.864172,5.25132284720414,3.161355495452881,3.191884994506836
7021,2020-09-01 02:35:32.816761,5.27388202125131,3.198176860809326,3.191884994506836
7022,2020-09-01 02:35:33.600078,5.27388202125131,3.198176860809326,3.191884994506836
7023,2020-09-01 02:35:34.485987,5.27388202125131,3.198176860809326,3.191884994506836
7024,2020-09-01 02:35:35.337314,5.27388202125131,3.198176860809326,3.191884994506836
7025,2020-09-01 02:35:36.189676,5.27388202125131,3.198176860809326,3.191884994506836
7026,2020-09-01 02:35:37.092460,5.27388202125131,3.198176860809326,3.191884994506836
7027,2020-09-01 02:35:37.976596,5.27388202125131,3.198176860809326,3.191884994506836
7028,2020-09-01 02:35:38.824276,5.27388202125131,3.198176860809326,3.191884994506836
7029,2020-09-01 02:35:39.704474,5.30290074551885,3.245575428009033,3.109126091003418
7030,2020-09-01 02:35:40.484028,5.30290074551885,3.245575428009033,3.109126091003418
7031,2020-09-01 02:35:41.433925,5.30290074551885,3.245575428009033,3.109126091003418
7032,2020-09-01 02:35:42.234561,5.30290074551885,3.245575428009033,3.0263681411743164
7033,2020-09-01 02:35:43.099413,5.33387825537913,3.2930352687835693,3.0263681411743164
7034,2020-09-01 02:35:44.052804,5.33387825537913,3.2930352687835693,3.0263681411743164
7035,2020-09-01 02:35:44.921305,5.33387825537913,3.2930352687835693,3.0263681411743164
7036,2020-09-01 02:35:45.712968,5.36482962418678,3.340482711791992,2.943610668182373
7037,2020-09-01 02:35:46.630598,5.36482962418678,3.340482711791992,2.943610668182373
7038,2020-09-01 02:35:47.487183,5.36482962418678,3.340482711791992,2.943610668182373
7039,2020-09-01 02:35:48.383070,5.36482962418678,3.340482711791992,2.943610668182373
7040,2020-09-01 02:35:49.245702,5.39575491850489,3.3879175186157227,2.860854387283325
7041,2020-09-01 02:35:50.156102,5.39575491850489,3.3879175186157227,2.860854387283325
7042,2020-09-01 02:35:50.963098,5.39575491850489,3.3879175186157227,2.860854387283325
7043,2020-09-01 02:35:51.922564,5.42665420461442,3.4353396892547607,2.7780988216400146
7044,2020-09-01 02:35:52.846575,5.42665420461442,3.4353396892547607,2.7780988216400146
7045,2020-09-01 02:35:53.711158,5.42665420461442,3.4353396892547607,2.7780988216400146
7046,2020-09-01 02:35:54.687948,5.41949627148632,3.4817774295806885,2.834941864013672
7047,2020-09-01 02:35:55.692512,5.41949627148632,3.4817774295806885,2.834941864013672
7048,2020-09-01 02:35:56.586018,5.41949627148632,3.4817774295806885,2.9044599533081055
7049,2020-09-01 02:35:57.602097,5.41740571806581,3.533369779586792,2.9044599533081055
7050,2020-09-01 02:35:58.542269,5.41740571806581,3.533369779586792,2.9044599533081055
7051,2020-09-01 02:35:59.462176,5.41548630238736,3.5849251747131348,2.9739060401916504
7052,2020-09-01 02:36:00.393913,5.41548630238736,3.5849251747131348,2.9739060401916504
7053,2020-09-01 02:36:01.294568,5.41548630238736,3.5849251747131348,2.9739060401916504
7054,2020-09-01 02:36:02.208700,5.41373709418784,3.6364433765411377,3.043280601501465
7055,2020-09-01 02:36:03.034113,5.41373709418784,3.6364433765411377,3.043280601501465
7056,2020-09-01 02:36:03.874337,5.41373709418784,3.6364433765411377,3.043280601501465
7057,2020-09-01 02:36:04.676595,5.41373709418784,3.6364433765411377,3.043280601501465
7058,2020-09-01 02:36:05.598363,5.41215717000777,3.687924861907959,3.1125833988189697
7059,2020-09-01 02:36:06.503662,5.41215717000777,3.687924861907959,3.1125833988189697
7060,2020-09-01 02:36:07.361386,5.41215717000777,3.687924861907959,3.1125833988189697
7061,2020-09-01 02:36:08.233718,5.4107456136484,3.7393693923950195,3.1818149089813232
7062,2020-09-01 02:36:09.026997,5.4107456136484,3.7393693923950195,3.1818149089813232
7063,2020-09-01 02:36:09.963933,5.4107456136484,3.7393693923950195,3.1818149089813232
7064,2020-09-01 02:36:10.806198,5.4107456136484,3.7393693923950195,3.1818149089813232
7065,2020-09-01 02:36:11.659693,5.4095015167472,3.7907772064208984,3.2509751319885254
7066,2020-09-01 02:36:12.566356,5.4095015167472,3.7907772064208984,3.2509751319885254
7067,2020-09-01 02:36:13.427143,5.4095015167472,3.7907772064208984,3.2509751319885254
7068,2020-09-01 02:36:14.322275,5.40842397952044,3.8421483039855957,3.320064067840576
7069,2020-09-01 02:36:15.202447,5.40842397952044,3.8421483039855957,3.320064067840576
7070,2020-09-01 02:36:16.119131,5.40842397952044,3.8421483039855957,3.320064067840576
7071,2020-09-01 02:36:17.006364,5.407512111751,3.8421483039855957,3.3890819549560547
7072,2020-09-01 02:36:17.943852,5.407512111751,3.8934826850891113,3.3890819549560547
7073,2020-09-01 02:36:18.818321,5.407512111751,3.8934826850891113,3.3890819549560547
7074,2020-09-01 02:36:19.777642,5.407512111751,3.8934826850891113,3.458028793334961
7075,2020-09-01 02:36:20.701849,5.40676503415558,3.9447805881500244,3.458028793334961
7076,2020-09-01 02:36:21.546977,5.40676503415558,3.9447805881500244,3.458028793334961
7077,2020-09-01 02:36:22.480786,5.40676503415558,3.9447805881500244,3.458028793334961
7078,2020-09-01 02:36:23.353637,5.40618188038184,3.996042013168335,3.526904582977295
7079,2020-09-01 02:36:24.255934,5.40618188038184,3.996042013168335,3.526904582977295
7080,2020-09-01 02:36:25.081635,5.40618188038184,3.996042013168335,3.526904582977295
7081,2020-09-01 02:36:25.960541,5.40618188038184,3.996042013168335,3.595709800720215
7082,2020-09-01 02:36:26.844794,5.40576180016224,4.047266960144043,3.595709800720215
7083,2020-09-01 02:36:27.746081,5.40576180016224,4.047266960144043,3.595709800720215
7084,2020-09-01 02:36:28.730432,5.40576180016224,4.098455429077148,3.6644444465637207
7085,2020-09-01 02:36:29.584109,5.40550396495321,4.098455429077148,3.6644444465637207
7086,2020-09-01 02:36:30.526725,5.40550396495321,4.098455429077148,3.6644444465637207
7087,2020-09-01 02:36:31.369691,5.40550396495321,4.098455429077148,3.6644444465637207
7088,2020-09-01 02:36:32.289112,5.40553864581503,4.151094913482666,3.736307382583618
7089,2020-09-01 02:36:33.200465,5.40553864581503,4.151094913482666,3.736307382583618
7090,2020-09-01 02:36:34.069597,5.40553864581503,4.151094913482666,3.736307382583618
7091,2020-09-01 02:36:35.027601,5.40573369241889,4.2036967277526855,3.8080966472625732
7092,2020-09-01 02:36:35.973748,5.40573369241889,4.2036967277526855,3.8080966472625732
7093,2020-09-01 02:36:36.823093,5.40573369241889,4.2036967277526855,3.8080966472625732
7094,2020-09-01 02:36:37.615442,5.4060873795128,4.256261825561523,3.879812479019165
7095,2020-09-01 02:36:38.396314,5.4060873795128,4.256261825561523,3.879812479019165
7096,2020-09-01 02:36:39.289770,5.4060873795128,4.256261825561523,3.879812479019165
7097,2020-09-01 02:36:40.171421,5.4060873795128,4.256261825561523,3.879812479019165
7098,2020-09-01 02:36:41.087487,5.40659805404461,4.3087897300720215,3.9514553546905518
7099,2020-09-01 02:36:41.974844,5.40659805404461,4.3087897300720215,3.9514553546905518
7100,2020-09-01 02:36:42.936404,5.40659805404461,4.3087897300720215,3.9514553546905518
7101,2020-09-01 02:36:43.871839,5.40726411201872,4.3087897300720215,4.0230255126953125
7102,2020-09-01 02:36:44.790255,5.40726411201872,4.361281394958496,4.0230255126953125
7103,2020-09-01 02:36:45.731125,5.40726411201872,4.361281394958496,4.0230255126953125
7104,2020-09-01 02:36:46.605916,5.40808398927905,4.413736343383789,4.094522953033447
7105,2020-09-01 02:36:47.507515,5.40808398927905,4.413736343383789,4.094522953033447
7106,2020-09-01 02:36:48.377797,5.40808398927905,4.413736343383789,4.094522953033447
7107,2020-09-01 02:36:49.301649,5.40905615628357,4.413736343383789,4.165948390960693
7108,2020-09-01 02:36:50.198463,5.40905615628357,4.466155052185059,4.165948390960693
7109,2020-09-01 02:36:51.128864,5.40905615628357,4.466155052185059,4.165948390960693
7110,2020-09-01 02:36:52.005916,5.40905615628357,4.466155052185059,4.165948390960693
7111,2020-09-01 02:36:52.981328,5.41017911464081,4.5185370445251465,4.237301349639893
7112,2020-09-01 02:36:53.817849,5.41017911464081,4.5185370445251465,4.237301349639893
7113,2020-09-01 02:36:54.743248,5.41017911464081,4.5185370445251465,4.308582782745361
7114,2020-09-01 02:36:55.606506,5.41145139459167,4.570883750915527,4.308582782745361
7115,2020-09-01 02:36:56.508416,5.41145139459167,4.570883750915527,4.308582782745361
7116,2020-09-01 02:36:57.459731,5.41145139459167,4.570883750915527,4.3797926902771
7117,2020-09-01 02:36:58.291097,5.41287155306257,4.623194217681885,4.3797926902771
7118,2020-09-01 02:36:59.162500,5.41287155306257,4.623194217681885,4.3797926902771
7119,2020-09-01 02:37:00.097161,5.41287155306257,4.623194217681885,4.450931072235107
7120,2020-09-01 02:37:00.972488,5.4144381720932,4.675468444824219,4.450931072235107
7121,2020-09-01 02:37:01.805055,5.4144381720932,4.675468444824219,4.450931072235107
7122,2020-09-01 02:37:02.659195,5.4144381720932,4.675468444824219,4.521980285644531
7123,2020-09-01 02:37:03.572660,5.41138658949525,4.727695465087891,4.521980285644531
7124,2020-09-01 02:37:04.469144,5.41138658949525,4.727695465087891,4.521980285644531
7125,2020-09-01 02:37:05.416685,5.41138658949525,4.727695465087891,4.591721057891846
7126,2020-09-01 02:37:06.340189,5.40824729433699,4.778095245361328,4.591721057891846
7127,2020-09-01 02:37:07.178145,5.40824729433699,4.778095245361328,4.591721057891846
7128,2020-09-01 02:37:08.119718,5.40824729433699,4.778095245361328,4.591721057891846
7129,2020-09-01 02:37:09.000212,5.40524474031608,4.828457832336426,4.6613874435424805
7130,2020-09-01 02:37:09.877609,5.40524474031608,4.828457832336426,4.6613874435424805
7131,2020-09-01 02:37:10.815644,5.40524474031608,4.828457832336426,4.6613874435424805
7132,2020-09-01 02:37:11.755276,5.40524474031608,4.828457832336426,4.595021724700928
7133,2020-09-01 02:37:12.594998,5.43854424908268,4.879815101623535,4.595021724700928
7134,2020-09-01 02:37:13.538017,5.43854424908268,4.879815101623535,4.595021724700928
7135,2020-09-01 02:37:14.443387,5.43854424908268,4.879815101623535,4.595021724700928
7136,2020-09-01 02:37:15.378883,5.47178078322467,4.931157112121582,4.528656482696533
7137,2020-09-01 02:37:16.293956,5.47178078322467,4.931157112121582,4.528656482696533
7138,2020-09-01 02:37:17.250690,5.47178078322467,4.931157112121582,4.528656482696533
7139,2020-09-01 02:37:18.052133,5.50495461924601,4.982483386993408,4.4622907638549805
7140,2020-09-01 02:37:18.819938,5.50495461924601,4.982483386993408,4.4622907638549805
7141,2020-09-01 02:37:19.743185,5.50495461924601,4.982483386993408,4.4622907638549805
7142,2020-09-01 02:37:20.708861,5.50495461924601,4.982483386993408,4.395925521850586
7143,2020-09-01 02:37:21.570153,5.53806603257074,5.033794403076172,4.395925521850586
7144,2020-09-01 02:37:22.540461,5.53806603257074,5.033794403076172,4.395925521850586
7145,2020-09-01 02:37:23.468168,5.57111529754485,5.033794403076172,4.329559803009033
7146,2020-09-01 02:37:24.434028,5.57111529754485,5.085090160369873,4.329559803009033
7147,2020-09-01 02:37:25.244894,5.57111529754485,5.085090160369873,4.329559803009033
7148,2020-09-01 02:37:26.103956,5.57111529754485,5.085090160369873,4.2631940841674805
7149,2020-09-01 02:37:27.006543,5.54164604784556,5.135013580322266,4.2631940841674805
7150,2020-09-01 02:37:27.937106,5.54164604784556,5.135013580322266,4.2631940841674805
7151,2020-09-01 02:37:28.876944,5.54164604784556,5.135013580322266,4.2631940841674805
7152,2020-09-01 02:37:29.863997,5.51220146857821,5.184880256652832,4.196828842163086
7153,2020-09-01 02:37:30.809099,5.51220146857821,5.184880256652832,4.196828842163086
7154,2020-09-01 02:37:31.770381,5.51220146857821,5.184880256652832,4.196828842163086
7155,2020-09-01 02:37:32.669642,5.48278155772148,5.2346906661987305,4.130463123321533
7156,2020-09-01 02:37:33.517257,5.48278155772148,5.2346906661987305,4.130463123321533
7157,2020-09-01 02:37:34.413114,5.48278155772148,5.2346906661987305,4.130463123321533
7158,2020-09-01 02:37:35.297121,5.45338631325026,5.284444332122803,4.064097881317139
7159,2020-09-01 02:37:36.200865,5.45338631325026,5.284444332122803,4.064097881317139
7160,2020-09-01 02:37:37.134704,5.45338631325026,5.284444332122803,4.064097881317139
7161,2020-09-01 02:37:38.118680,5.42401573313563,5.284444332122803,3.997732162475586
7162,2020-09-01 02:37:39.022538,5.42401573313563,5.334141731262207,3.997732162475586
7163,2020-09-01 02:37:39.952884,5.42401573313563,5.334141731262207,3.997732162475586
7164,2020-09-01 02:37:40.885378,5.39408407855466,5.381157875061035,3.9105987548828125
7165,2020-09-01 02:37:41.783582,5.39408407855466,5.381157875061035,3.9105987548828125
7166,2020-09-01 02:37:42.760697,5.39408407855466,5.381157875061035,3.9105987548828125
7167,2020-09-01 02:37:43.764614,5.36417646296854,5.381157875061035,3.8234663009643555
7168,2020-09-01 02:37:44.635467,5.36417646296854,5.4281182289123535,3.8234663009643555
7169,2020-09-01 02:37:45.534383,5.36417646296854,5.4281182289123535,3.8234663009643555
7170,2020-09-01 02:37:46.454237,5.36417646296854,5.4281182289123535,3.736334800720215
7171,2020-09-01 02:37:47.296135,5.36417646296854,5.4065728187561035,3.736334800720215
7172,2020-09-01 02:37:48.181429,5.36417646296854,5.4065728187561035,3.736334800720215
7173,2020-09-01 02:37:49.165068,5.36417646296854,5.4065728187561035,3.6492042541503906
7174,2020-09-01 02:37:50.115786,5.36417646296854,5.385026931762695,3.6492042541503906
7175,2020-09-01 02:37:51.033977,5.36417646296854,5.385026931762695,3.6492042541503906
7176,2020-09-01 02:37:51.988591,5.36417646296854,5.363481521606445,3.5620744228363037
7177,2020-09-01 02:37:52.808952,5.36417646296854,5.363481521606445,3.5620744228363037
7178,2020-09-01 02:37:53.647197,5.36417646296854,5.363481521606445,3.5620744228363037
7179,2020-09-01 02:37:54.523697,5.36417646296854,5.363481521606445,3.5620744228363037
7180,2020-09-01 02:37:55.542043,5.36417646296854,5.341935634613037,3.4749457836151123
7181,2020-09-01 02:37:56.412766,5.36417646296854,5.341935634613037,3.4749457836151123
7182,2020-09-01 02:37:57.335036,5.36417646296854,5.341935634613037,3.4749457836151123
7183,2020-09-01 02:37:58.250842,5.36417646296854,5.341935634613037,3.387817859649658
7184,2020-09-01 02:37:59.180127,5.36417646296854,5.320390224456787,3.387817859649658
7185,2020-09-01 02:38:00.187269,5.36417646296854,5.320390224456787,3.387817859649658
7186,2020-09-01 02:38:01.055448,5.36417646296854,5.298844337463379,3.3006908893585205
7187,2020-09-01 02:38:01.964402,5.36417646296854,5.298844337463379,3.3006908893585205
7188,2020-09-01 02:38:02.864216,5.36417646296854,5.298844337463379,3.3006908893585205
7189,2020-09-01 02:38:03.817637,5.36417646296854,5.283259868621826,3.2376697063446045
7190,2020-09-01 02:38:04.713489,5.36417646296854,5.283259868621826,3.2376697063446045
7191,2020-09-01 02:38:05.547974,5.36417646296854,5.283259868621826,3.2376697063446045
7192,2020-09-01 02:38:06.374665,5.36417646296854,5.283259868621826,3.213564872741699
7193,2020-09-01 02:38:07.263927,5.36417646296854,5.277298450469971,3.213564872741699
7194,2020-09-01 02:38:08.085641,5.36417646296854,5.277298450469971,3.213564872741699
7195,2020-09-01 02:38:09.002200,5.36417646296854,5.277298450469971,3.1264398097991943
7196,2020-09-01 02:38:09.928042,5.36417646296854,5.255753040313721,3.1264398097991943
7197,2020-09-01 02:38:10.842715,5.36417646296854,5.255753040313721,3.1264398097991943
7198,2020-09-01 02:38:11.678447,5.36417646296854,5.255753040313721,3.1264398097991943
7199,2020-09-01 02:38:12.588452,5.36417646296854,5.2342071533203125,3.039315700531006
7200,2020-09-01 02:38:13.404661,5.36417646296854,5.2342071533203125,3.039315700531006
7201,2020-09-01 02:38:14.282955,5.36417646296854,5.2342071533203125,3.039315700531006
7202,2020-09-01 02:38:15.213929,5.36417646296854,5.2342071533203125,2.9521923065185547
7203,2020-09-01 02:38:16.076466,5.36417646296854,5.2126617431640625,2.9521923065185547
7204,2020-09-01 02:38:16.966904,5.36417646296854,5.2126617431640625,2.9521923065185547
7205,2020-09-01 02:38:17.904300,5.36417646296854,5.2126617431640625,2.9521923065185547
7206,2020-09-01 02:38:18.777239,5.36417646296854,5.187251567840576,2.8576407432556152
7207,2020-09-01 02:38:19.715398,5.36417646296854,5.187251567840576,2.8576407432556152
7208,2020-09-01 02:38:20.660547,5.36417646296854,5.187251567840576,2.8576407432556152
7209,2020-09-01 02:38:21.645694,5.36417646296854,5.161841869354248,2.763090133666992
7210,2020-09-01 02:38:22.582813,5.36417646296854,5.161841869354248,2.763090133666992
7211,2020-09-01 02:38:23.541913,5.36417646296854,5.161841869354248,2.763090133666992
7212,2020-09-01 02:38:24.494133,5.36417646296854,5.161841869354248,2.807788610458374
7213,2020-09-01 02:38:25.426208,5.32047667416369,5.136431694030762,2.807788610458374
7214,2020-09-01 02:38:26.273252,5.32047667416369,5.136431694030762,2.807788610458374
7215,2020-09-01 02:38:27.284420,5.27680500208439,5.136431694030762,2.8523974418640137
7216,2020-09-01 02:38:28.178419,5.27680500208439,5.111021518707275,2.8523974418640137
7217,2020-09-01 02:38:28.982793,5.27680500208439,5.111021518707275,2.8523974418640137
7218,2020-09-01 02:38:29.851093,5.27680500208439,5.111021518707275,2.896916627883911
7219,2020-09-01 02:38:30.730172,5.23316143589732,5.085611820220947,2.896916627883911
7220,2020-09-01 02:38:31.682060,5.23316143589732,5.085611820220947,2.896916627883911
7221,2020-09-01 02:38:32.577693,5.23316143589732,5.085611820220947,2.896916627883911
7222,2020-09-01 02:38:33.447070,5.18954596474626,5.060201644897461,2.9413464069366455
7223,2020-09-01 02:38:34.373751,5.18954596474626,5.060201644897461,2.9413464069366455
7224,2020-09-01 02:38:35.283910,5.18954596474626,5.060201644897461,2.985686779022217
7225,2020-09-01 02:38:36.272382,5.1459585777521,5.034791469573975,2.985686779022217
7226,2020-09-01 02:38:37.180284,5.1459585777521,5.034791469573975,2.985686779022217
7227,2020-09-01 02:38:38.118011,5.1459585777521,5.034791469573975,2.985686779022217
7228,2020-09-01 02:38:39.013988,5.10239926401277,5.0093817710876465,3.029937505722046
7229,2020-09-01 02:38:39.973883,5.10239926401277,5.0093817710876465,3.029937505722046
7230,2020-09-01 02:38:40.899696,5.10239926401277,5.0093817710876465,3.029937505722046
7231,2020-09-01 02:38:41.818107,5.10239926401277,5.0093817710876465,3.074098825454712
7232,2020-09-01 02:38:42.701950,5.05886801260327,4.98397159576416,3.074098825454712
7233,2020-09-01 02:38:43.586599,5.05886801260327,4.98397159576416,3.074098825454712
7234,2020-09-01 02:38:44.512350,5.05886801260327,4.98397159576416,3.074098825454712
7235,2020-09-01 02:38:45.397629,5.01536481257556,4.958561897277832,3.118170738220215
7236,2020-09-01 02:38:46.316610,5.01536481257556,4.958561897277832,3.118170738220215
7237,2020-09-01 02:38:47.301116,5.01536481257556,4.958561897277832,3.118170738220215
7238,2020-09-01 02:38:48.162235,4.97188965295858,4.933151721954346,3.1621532440185547
7239,2020-09-01 02:38:49.034920,4.97188965295858,4.933151721954346,3.1621532440185547
7240,2020-09-01 02:38:49.953984,4.97188965295858,4.933151721954346,3.1621532440185547
7241,2020-09-01 02:38:50.917343,4.92844252275825,4.933151721954346,3.2060465812683105
7242,2020-09-01 02:38:51.877048,4.92844252275825,4.907741546630859,3.2060465812683105
7243,2020-09-01 02:38:52.806586,4.92844252275825,4.907741546630859,3.2060465812683105
7244,2020-09-01 02:38:53.773646,4.92844252275825,4.907741546630859,3.214108943939209
7245,2020-09-01 02:38:54.744513,4.88412854615486,4.874873161315918,3.214108943939209
7246,2020-09-01 02:38:55.630120,4.88412854615486,4.874873161315918,3.214108943939209
7247,2020-09-01 02:38:56.448382,4.88412854615486,4.874873161315918,3.2221169471740723
7248,2020-09-01 02:38:57.359274,4.83983167019329,4.842005252838135,3.2221169471740723
7249,2020-09-01 02:38:58.292450,4.83983167019329,4.842005252838135,3.2221169471740723
7250,2020-09-01 02:38:59.114491,4.83983167019329,4.842005252838135,3.2221169471740723
7251,2020-09-01 02:39:00.069212,4.79555188180169,4.809136867523193,3.2300705909729004
7252,2020-09-01 02:39:00.920024,4.79555188180169,4.809136867523193,3.2300705909729004
7253,2020-09-01 02:39:01.775363,4.79555188180169,4.809136867523193,3.2300705909729004
7254,2020-09-01 02:39:02.671748,4.79555188180169,4.809136867523193,3.2379696369171143
7255,2020-09-01 02:39:03.572877,4.75128916790119,4.776268482208252,3.2379696369171143
7256,2020-09-01 02:39:04.408269,4.75128916790119,4.776268482208252,3.2379696369171143
7257,2020-09-01 02:39:05.400593,4.70704351540596,4.7434000968933105,3.245814323425293
7258,2020-09-01 02:39:06.337624,4.70704351540596,4.7434000968933105,3.245814323425293
7259,2020-09-01 02:39:07.223165,4.70704351540596,4.7434000968933105,3.245814323425293
7260,2020-09-01 02:39:08.162209,4.70704351540596,4.7434000968933105,3.2536046504974365
7261,2020-09-01 02:39:09.066480,4.66281491122319,4.710531711578369,3.2536046504974365
7262,2020-09-01 02:39:09.937570,4.66281491122319,4.710531711578369,3.2536046504974365
7263,2020-09-01 02:39:10.818389,4.66281491122319,4.710531711578369,3.2536046504974365
7264,2020-09-01 02:39:11.738468,4.61860334225318,4.677663326263428,3.261340618133545
7265,2020-09-01 02:39:12.711746,4.61860334225318,4.677663326263428,3.261340618133545
7266,2020-09-01 02:39:13.654336,4.61860334225318,4.677663326263428,3.2690224647521973
7267,2020-09-01 02:39:14.513407,4.57440879538925,4.644794940948486,3.2690224647521973
7268,2020-09-01 02:39:15.366652,4.57440879538925,4.644794940948486,3.2690224647521973
7269,2020-09-01 02:39:16.361599,4.57440879538925,4.644794940948486,3.2766501903533936
7270,2020-09-01 02:39:17.235069,4.53023125751783,4.611927032470703,3.2766501903533936
7271,2020-09-01 02:39:18.082385,4.53023125751783,4.611927032470703,3.2766501903533936
7272,2020-09-01 02:39:19.050009,4.53023125751783,4.611927032470703,3.2766501903533936
7273,2020-09-01 02:39:19.892561,4.48607071551848,4.579058647155762,3.2842235565185547
7274,2020-09-01 02:39:20.799011,4.48607071551848,4.579058647155762,3.2842235565185547
7275,2020-09-01 02:39:21.770483,4.48607071551848,4.579058647155762,3.2842235565185547
7276,2020-09-01 02:39:22.659780,4.44192715626389,4.54619026184082,3.291743040084839
7277,2020-09-01 02:39:23.637254,4.44192715626389,4.54619026184082,3.291743040084839
7278,2020-09-01 02:39:24.592910,4.44192715626389,4.54619026184082,3.291743040084839
7279,2020-09-01 02:39:25.490121,4.39780056661988,4.54619026184082,3.299208164215088
7280,2020-09-01 02:39:26.311088,4.39780056661988,4.513321876525879,3.299208164215088
7281,2020-09-01 02:39:27.170547,4.39780056661988,4.513321876525879,3.299208164215088
7282,2020-09-01 02:39:28.084164,4.39780056661988,4.513321876525879,3.299208164215088
7283,2020-09-01 02:39:28.960280,4.35352501130522,4.481339454650879,3.2969815731048584
7284,2020-09-01 02:39:29.938311,4.35352501130522,4.481339454650879,3.2969815731048584
7285,2020-09-01 02:39:30.826969,4.35352501130522,4.481339454650879,3.2969815731048584
7286,2020-09-01 02:39:31.841876,4.30926338574591,4.449357032775879,3.294710636138916
7287,2020-09-01 02:39:32.715573,4.30926338574591,4.449357032775879,3.294710636138916
7288,2020-09-01 02:39:33.483334,4.30926338574591,4.449357032775879,3.294710636138916
7289,2020-09-01 02:39:34.406414,4.30926338574591,4.449357032775879,3.2923951148986816
7290,2020-09-01 02:39:35.134089,4.265015677403,4.417375087738037,3.2923951148986816
7291,2020-09-01 02:39:36.030855,4.265015677403,4.417375087738037,3.2923951148986816
7292,2020-09-01 02:39:36.921313,4.265015677403,4.417375087738037,3.2923951148986816
7293,2020-09-01 02:39:37.725269,4.22078187373633,4.385392665863037,3.2900354862213135
7294,2020-09-01 02:39:38.617582,4.22078187373633,4.385392665863037,3.2900354862213135
7295,2020-09-01 02:39:39.407404,4.22078187373633,4.385392665863037,3.2900354862213135
7296,2020-09-01 02:39:40.324360,4.22078187373633,4.385392665863037,3.2900354862213135
7297,2020-09-01 02:39:41.140941,4.17656196220453,4.353410243988037,3.2876315116882324
7298,2020-09-01 02:39:42.025117,4.17656196220453,4.353410243988037,3.2876315116882324
7299,2020-09-01 02:39:42.946817,4.17656196220453,4.353410243988037,3.2876315116882324
7300,2020-09-01 02:39:43.757459,4.13235593026505,4.321427822113037,3.2851834297180176
7301,2020-09-01 02:39:44.601608,4.13235593026505,4.321427822113037,3.2851834297180176
7302,2020-09-01 02:39:45.477245,4.13235593026505,4.321427822113037,3.2851834297180176
7303,2020-09-01 02:39:46.298064,4.13235593026505,4.321427822113037,3.2851834297180176
7304,2020-09-01 02:39:47.230571,4.08816376537412,4.289445400238037,3.28269100189209
7305,2020-09-01 02:39:48.133391,4.08816376537412,4.289445400238037,3.28269100189209
7306,2020-09-01 02:39:49.026333,4.08816376537412,4.289445400238037,3.28269100189209
7307,2020-09-01 02:39:50.043207,4.04398545498685,4.257462978363037,3.2801544666290283
7308,2020-09-01 02:39:50.956968,4.04398545498685,4.257462978363037,3.2801544666290283
7309,2020-09-01 02:39:51.815956,4.04398545498685,4.257462978363037,3.2801544666290283
7310,2020-09-01 02:39:52.694575,4.04398545498685,4.257462978363037,3.277573823928833
7311,2020-09-01 02:39:53.614998,3.9998209865572,4.225480556488037,3.277573823928833
7312,2020-09-01 02:39:54.483831,3.9998209865572,4.225480556488037,3.277573823928833
7313,2020-09-01 02:39:55.346128,3.9998209865572,4.225480556488037,3.277573823928833
7314,2020-09-01 02:39:56.208892,3.95567034753797,4.193498611450195,3.274949073791504
7315,2020-09-01 02:39:57.164853,3.95567034753797,4.193498611450195,3.274949073791504
7316,2020-09-01 02:39:58.073475,3.95567034753797,4.193498611450195,3.274949073791504
7317,2020-09-01 02:39:59.081935,3.95567034753797,4.193498611450195,3.27228045463562
7318,2020-09-01 02:39:59.985260,3.9115335253809,4.161516189575195,3.27228045463562
7319,2020-09-01 02:40:00.805644,3.9115335253809,4.161516189575195,3.27228045463562
7320,2020-09-01 02:40:01.830458,3.86741050753662,4.129533767700195,3.2695677280426025
7321,2020-09-01 02:40:02.738239,3.86741050753662,4.129533767700195,3.2695677280426025
7322,2020-09-01 02:40:03.653632,3.86741050753662,4.129533767700195,3.2695677280426025
7323,2020-09-01 02:40:04.459705,3.86741050753662,4.129533767700195,3.2685892581939697
7324,2020-09-01 02:40:05.357705,3.82332940677526,4.092426300048828,3.2685892581939697
7325,2020-09-01 02:40:06.262105,3.82332940677526,4.092426300048828,3.2685892581939697
7326,2020-09-01 02:40:07.148767,3.82332940677526,4.092426300048828,3.2685892581939697
7327,2020-09-01 02:40:08.013110,3.77926265371484,4.055318832397461,3.2675650119781494
7328,2020-09-01 02:40:08.850813,3.77926265371484,4.055318832397461,3.2675650119781494
7329,2020-09-01 02:40:09.693021,3.77926265371484,4.055318832397461,3.2675650119781494
7330,2020-09-01 02:40:10.667867,3.73521023555453,4.0182108879089355,3.2664952278137207
7331,2020-09-01 02:40:11.552114,3.73521023555453,4.0182108879089355,3.2664952278137207
7332,2020-09-01 02:40:12.446426,3.73521023555453,4.0182108879089355,3.2664952278137207
7333,2020-09-01 02:40:13.243057,3.69117213949217,3.9811034202575684,3.2653796672821045
7334,2020-09-01 02:40:14.215550,3.69117213949217,3.9811034202575684,3.2653796672821045
7335,2020-09-01 02:40:15.102086,3.69117213949217,3.9811034202575684,3.2653796672821045
7336,2020-09-01 02:40:16.047365,3.64714835272423,3.943995952606201,3.26421856880188
7337,2020-09-01 02:40:16.895579,3.64714835272423,3.943995952606201,3.26421856880188
7338,2020-09-01 02:40:17.776070,3.64714835272423,3.943995952606201,3.26421856880188
7339,2020-09-01 02:40:18.627946,3.64714835272423,3.943995952606201,3.26421856880188
7340,2020-09-01 02:40:19.495077,3.60313886244583,3.906888246536255,3.263011932373047
7341,2020-09-01 02:40:20.414041,3.60313886244583,3.906888246536255,3.263011932373047
7342,2020-09-01 02:40:21.374836,3.55914365585069,3.8697807788848877,3.2617597579956055
7343,2020-09-01 02:40:22.266830,3.55914365585069,3.8697807788848877,3.2617597579956055
7344,2020-09-01 02:40:23.271629,3.55914365585069,3.8697807788848877,3.2617597579956055
7345,2020-09-01 02:40:24.046102,3.55914365585069,3.8697807788848877,3.2617597579956055
7346,2020-09-01 02:40:24.843941,3.51516272013114,3.8326733112335205,3.2604622840881348
7347,2020-09-01 02:40:25.708490,3.51516272013114,3.8326733112335205,3.2604622840881348
7348,2020-09-01 02:40:26.614518,3.51516272013114,3.8326733112335205,3.2604622840881348
7349,2020-09-01 02:40:27.398786,3.51516272013114,3.8326733112335205,3.2591190338134766
7350,2020-09-01 02:40:28.308056,3.47119604247811,3.795565605163574,3.2591190338134766
7351,2020-09-01 02:40:29.235809,3.47119604247811,3.795565605163574,3.2591190338134766
7352,2020-09-01 02:40:30.192865,3.42724361008111,3.758458137512207,3.257730722427368
7353,2020-09-01 02:40:31.145949,3.42724361008111,3.758458137512207,3.257730722427368
7354,2020-09-01 02:40:32.034273,3.42724361008111,3.758458137512207,3.257730722427368
7355,2020-09-01 02:40:32.896281,3.38330541012822,3.758458137512207,3.2562968730926514
7356,2020-09-01 02:40:33.704705,3.38330541012822,3.7213504314422607,3.2562968730926514
7357,2020-09-01 02:40:34.698713,3.38330541012822,3.7213504314422607,3.2562968730926514
7358,2020-09-01 02:40:35.581918,3.38330541012822,3.7213504314422607,3.2562968730926514
7359,2020-09-01 02:40:36.519862,3.3393814298061,3.6842429637908936,3.2548177242279053
7360,2020-09-01 02:40:37.375720,3.3393814298061,3.6842429637908936,3.2548177242279053
7361,2020-09-01 02:40:38.183898,3.3393814298061,3.6842429637908936,3.2548177242279053
7362,2020-09-01 02:40:39.082371,3.29577296525277,3.6510605812072754,3.2694172859191895
7363,2020-09-01 02:40:39.930419,3.29577296525277,3.6510605812072754,3.2694172859191895
7364,2020-09-01 02:40:40.856143,3.29577296525277,3.6510605812072754,3.2694172859191895
7365,2020-09-01 02:40:41.686508,3.25218376231139,3.6178781986236572,3.2839558124542236
7366,2020-09-01 02:40:42.634611,3.25218376231139,3.6178781986236572,3.2839558124542236
7367,2020-09-01 02:40:43.559384,3.25218376231139,3.6178781986236572,3.2839558124542236
7368,2020-09-01 02:40:44.476795,3.20861380741081,3.6178781986236572,3.2984328269958496
7369,2020-09-01 02:40:45.298577,3.20861380741081,3.584695816040039,3.2984328269958496
7370,2020-09-01 02:40:46.167695,3.20861380741081,3.584695816040039,3.2984328269958496
7371,2020-09-01 02:40:47.033748,3.20861380741081,3.584695816040039,3.3128485679626465
7372,2020-09-01 02:40:47.937220,3.165063086969,3.551513433456421,3.3128485679626465
7373,2020-09-01 02:40:48.723139,3.165063086969,3.551513433456421,3.3128485679626465
7374,2020-09-01 02:40:49.481482,3.165063086969,3.551513433456421,3.3128485679626465
7375,2020-09-01 02:40:50.321219,3.12153158739302,3.551513433456421,3.3272030353546143
7376,2020-09-01 02:40:51.122000,3.12153158739302,3.5183310508728027,3.3272030353546143
7377,2020-09-01 02:40:51.979146,3.12153158739302,3.5183310508728027,3.3272030353546143
7378,2020-09-01 02:40:52.822952,3.12153158739302,3.5183310508728027,3.3272030353546143
7379,2020-09-01 02:40:53.675374,3.07801929507914,3.4851486682891846,3.341496467590332
7380,2020-09-01 02:40:54.521309,3.07801929507914,3.4851486682891846,3.341496467590332
7381,2020-09-01 02:40:55.454072,3.07801929507914,3.4851486682891846,3.341496467590332
7382,2020-09-01 02:40:56.284684,3.03452619641274,3.4851486682891846,3.3557286262512207
7383,2020-09-01 02:40:57.202777,3.03452619641274,3.4519662857055664,3.3557286262512207
7384,2020-09-01 02:40:58.040563,3.03452619641274,3.4519662857055664,3.3557286262512207
7385,2020-09-01 02:40:58.852716,3.03452619641274,3.4519662857055664,3.3557286262512207
7386,2020-09-01 02:40:59.691830,2.9910522777684,3.4187839031219482,3.3698995113372803
7387,2020-09-01 02:41:00.642182,2.9910522777684,3.4187839031219482,3.3698995113372803
7388,2020-09-01 02:41:01.597702,2.9910522777684,3.4187839031219482,3.3698995113372803
7389,2020-09-01 02:41:02.454607,2.94759752550989,3.4187839031219482,3.38400936126709
7390,2020-09-01 02:41:03.402195,2.94759752550989,3.38560152053833,3.38400936126709
7391,2020-09-01 02:41:04.247150,2.94759752550989,3.38560152053833,3.38400936126709
7392,2020-09-01 02:41:05.021994,2.94759752550989,3.38560152053833,3.38400936126709
7393,2020-09-01 02:41:05.930458,2.94759752550989,3.38560152053833,3.3980584144592285
7394,2020-09-01 02:41:06.799776,2.90416192599017,3.352419137954712,3.3980584144592285
7395,2020-09-01 02:41:07.629842,2.90416192599017,3.352419137954712,3.3980584144592285
7396,2020-09-01 02:41:08.504452,2.90416192599017,3.352419137954712,3.3980584144592285
7397,2020-09-01 02:41:09.470288,2.8607454655514,3.3192367553710938,3.412046194076538
7398,2020-09-01 02:41:10.340920,2.8607454655514,3.3192367553710938,3.412046194076538
7399,2020-09-01 02:41:11.245978,2.8607454655514,3.3192367553710938,3.412046194076538
7400,2020-09-01 02:41:12.096402,2.81734813052503,3.2860543727874756,3.4259731769561768
7401,2020-09-01 02:41:13.053680,2.81734813052503,3.2860543727874756,3.4259731769561768
7402,2020-09-01 02:41:14.045610,2.81734813052503,3.2860543727874756,3.4259731769561768
7403,2020-09-01 02:41:14.967879,2.81734813052503,3.2860543727874756,3.444615602493286
7404,2020-09-01 02:41:15.851388,2.77407584195075,3.256483316421509,3.444615602493286
7405,2020-09-01 02:41:16.788955,2.77407584195075,3.256483316421509,3.444615602493286
7406,2020-09-01 02:41:17.814661,2.77407584195075,3.256483316421509,3.4631927013397217
7407,2020-09-01 02:41:18.835422,2.73082414980259,3.226912260055542,3.4631927013397217
7408,2020-09-01 02:41:19.902525,2.73082414980259,3.226912260055542,3.4631927013397217
7409,2020-09-01 02:41:20.803441,2.73082414980259,3.226912260055542,3.481703996658325
7410,2020-09-01 02:41:21.759366,2.68759304039371,3.197341203689575,3.481703996658325
7411,2020-09-01 02:41:22.701745,2.68759304039371,3.197341203689575,3.481703996658325
7412,2020-09-01 02:41:23.541723,2.68759304039371,3.197341203689575,3.481703996658325
7413,2020-09-01 02:41:24.431072,2.64438250002394,3.1677701473236084,3.500149965286255
7414,2020-09-01 02:41:25.383724,2.64438250002394,3.1677701473236084,3.500149965286255
7415,2020-09-01 02:41:26.309831,2.64438250002394,3.1677701473236084,3.500149965286255
7416,2020-09-01 02:41:27.273822,2.60119251497979,3.1677701473236084,3.5185301303863525
7417,2020-09-01 02:41:28.186348,2.60119251497979,3.1381990909576416,3.5185301303863525
7418,2020-09-01 02:41:29.142831,2.60119251497979,3.1381990909576416,3.5185301303863525
7419,2020-09-01 02:41:30.093080,2.60119251497979,3.1381990909576416,3.5185301303863525
7420,2020-09-01 02:41:31.003569,2.55802307153445,3.108628034591675,3.5368449687957764
7421,2020-09-01 02:41:32.027239,2.55802307153445,3.108628034591675,3.5368449687957764
7422,2020-09-01 02:41:33.105240,2.55802307153445,3.108628034591675,3.5368449687957764
7423,2020-09-01 02:41:34.097312,2.55802307153445,3.108628034591675,3.5368449687957764
7424,2020-09-01 02:41:35.300493,2.51487415594782,3.079056978225708,3.5550944805145264
7425,2020-09-01 02:41:36.211515,2.51487415594782,3.079056978225708,3.5550944805145264
7426,2020-09-01 02:41:37.082977,2.51487415594782,3.079056978225708,3.5732784271240234
7427,2020-09-01 02:41:37.912690,2.47174575446651,3.049485921859741,3.5732784271240234
7428,2020-09-01 02:41:38.790155,2.47174575446651,3.049485921859741,3.5732784271240234
7429,2020-09-01 02:41:39.711274,2.47174575446651,3.049485921859741,3.5732784271240234
7430,2020-09-01 02:41:40.521842,2.42863785332385,3.0199148654937744,3.591397285461426
7431,2020-09-01 02:41:41.343245,2.42863785332385,3.0199148654937744,3.591397285461426
7432,2020-09-01 02:41:42.198727,2.42863785332385,3.0199148654937744,3.591397285461426
7433,2020-09-01 02:41:43.097304,2.42863785332385,3.0199148654937744,3.591397285461426
7434,2020-09-01 02:41:43.998451,2.38555043873991,2.9903438091278076,3.609450578689575
7435,2020-09-01 02:41:44.866618,2.38555043873991,2.9903438091278076,3.609450578689575
7436,2020-09-01 02:41:45.821641,2.38555043873991,2.9903438091278076,3.609450578689575
7437,2020-09-01 02:41:46.754969,2.36430408077615,2.975755453109741,3.6183247566223145
7438,2020-09-01 02:41:47.676135,2.36430408077615,2.975755453109741,3.6183247566223145
7439,2020-09-01 02:41:48.559879,2.36430408077615,2.975755453109741,3.6183247566223145
7440,2020-09-01 02:41:49.382820,2.3424886098084,2.975755453109741,3.627422571182251
7441,2020-09-01 02:41:50.248499,2.3424886098084,2.960772752761841,3.627422571182251
7442,2020-09-01 02:41:51.138048,2.3424886098084,2.960772752761841,3.627422571182251
7443,2020-09-01 02:41:52.043595,2.3424886098084,2.960772752761841,3.627422571182251
7444,2020-09-01 02:41:52.979455,2.27092658178567,2.998896360397339,3.642038345336914
7445,2020-09-01 02:41:53.854810,2.27092658178567,2.998896360397339,3.642038345336914
7446,2020-09-01 02:41:54.742771,2.27092658178567,2.998896360397339,3.642038345336914
7447,2020-09-01 02:41:55.758286,2.27092658178567,2.998896360397339,3.6631062030792236
7448,2020-09-01 02:41:56.559227,2.1996839849206,3.0375993251800537,3.6631062030792236
7449,2020-09-01 02:41:57.384778,2.1996839849206,3.0375993251800537,3.6631062030792236
7450,2020-09-01 02:41:58.302193,2.12850608349564,3.0762226581573486,3.6840782165527344
7451,2020-09-01 02:41:59.333319,2.12850608349564,3.0762226581573486,3.6840782165527344
7452,2020-09-01 02:42:00.242536,2.12850608349564,3.0762226581573486,3.6840782165527344
7453,2020-09-01 02:42:01.077781,2.12850608349564,3.0762226581573486,3.7049546241760254
7454,2020-09-01 02:42:02.079365,2.05739286036284,3.114766836166382,3.7049546241760254
7455,2020-09-01 02:42:03.034928,2.05739286036284,3.114766836166382,3.7049546241760254
7456,2020-09-01 02:42:03.848304,2.05739286036284,3.114766836166382,3.7049546241760254
7457,2020-09-01 02:42:04.854454,1.98634429834591,3.153231620788574,3.7257354259490967
7458,2020-09-01 02:42:05.691498,1.98634429834591,3.153231620788574,3.7257354259490967
7459,2020-09-01 02:42:06.539914,1.98634429834591,3.153231620788574,3.7257354259490967
7460,2020-09-01 02:42:07.616559,1.91536038024024,3.191617250442505,3.746420383453369
7461,2020-09-01 02:42:08.492338,1.91536038024024,3.191617250442505,3.746420383453369
7462,2020-09-01 02:42:09.363985,1.91536038024024,3.191617250442505,3.746420383453369
7463,2020-09-01 02:42:10.334852,1.84444108881297,3.2299232482910156,3.767009973526001
7464,2020-09-01 02:42:11.295323,1.84444108881297,3.2299232482910156,3.767009973526001
7465,2020-09-01 02:42:12.260546,1.84444108881297,3.2299232482910156,3.767009973526001
7466,2020-09-01 02:42:13.257792,1.84444108881297,3.2299232482910156,3.767009973526001
7467,2020-09-01 02:42:14.135349,1.77358640680302,3.2681500911712646,3.787503957748413
7468,2020-09-01 02:42:14.968192,1.77358640680302,3.2681500911712646,3.787503957748413
7469,2020-09-01 02:42:15.872186,1.77358640680302,3.2681500911712646,3.8079025745391846
7470,2020-09-01 02:42:16.785319,1.70279631692118,3.3062973022460938,3.8079025745391846
7471,2020-09-01 02:42:17.686562,1.70279631692118,3.3062973022460938,3.8079025745391846
7472,2020-09-01 02:42:18.584861,1.70279631692118,3.3062973022460938,3.8079025745391846
7473,2020-09-01 02:42:19.479099,1.63207080185011,3.344365358352661,3.8282058238983154
7474,2020-09-01 02:42:20.329229,1.63207080185011,3.344365358352661,3.8282058238983154
7475,2020-09-01 02:42:21.212092,1.63207080185011,3.344365358352661,3.8282058238983154
7476,2020-09-01 02:42:22.123921,1.56140984424442,3.3823537826538086,3.8484139442443848
7477,2020-09-01 02:42:22.994474,1.56140984424442,3.3823537826538086,3.8484139442443848
7478,2020-09-01 02:42:23.776762,1.56140984424442,3.3823537826538086,3.8484139442443848
7479,2020-09-01 02:42:24.655237,1.49081342673074,3.4202630519866943,3.8685266971588135
7480,2020-09-01 02:42:25.613478,1.49081342673074,3.4202630519866943,3.8685266971588135
7481,2020-09-01 02:42:26.563946,1.49081342673074,3.4202630519866943,3.8685266971588135
7482,2020-09-01 02:42:27.362950,1.49081342673074,3.4202630519866943,3.8885443210601807
7483,2020-09-01 02:42:28.317175,1.42028153190773,3.45809268951416,3.8885443210601807
7484,2020-09-01 02:42:29.166918,1.42028153190773,3.45809268951416,3.8885443210601807
7485,2020-09-01 02:42:30.049934,1.42028153190773,3.45809268951416,3.8885443210601807
7486,2020-09-01 02:42:30.979340,1.34965585000992,3.495523691177368,3.903752565383911
7487,2020-09-01 02:42:31.887554,1.34965585000992,3.495523691177368,3.903752565383911
7488,2020-09-01 02:42:32.795193,1.34965585000992,3.495523691177368,3.918870449066162
7489,2020-09-01 02:42:33.765800,1.27909318570816,3.5328750610351562,3.918870449066162
7490,2020-09-01 02:42:34.714279,1.27909318570816,3.5328750610351562,3.918870449066162
7491,2020-09-01 02:42:35.622069,1.27909318570816,3.5328750610351562,3.9338982105255127
7492,2020-09-01 02:42:36.461766,1.20859352101405,3.5701470375061035,3.9338982105255127
7493,2020-09-01 02:42:37.377675,1.20859352101405,3.5701470375061035,3.9338982105255127
7494,2020-09-01 02:42:38.256271,1.20859352101405,3.5701470375061035,3.9338982105255127
7495,2020-09-01 02:42:39.331022,1.13815683791599,3.607339382171631,3.948835849761963
7496,2020-09-01 02:42:40.174884,1.13815683791599,3.607339382171631,3.948835849761963
7497,2020-09-01 02:42:41.103720,1.13815683791599,3.607339382171631,3.948835849761963
7498,2020-09-01 02:42:42.064319,1.13815683791599,3.607339382171631,3.963683605194092
7499,2020-09-01 02:42:43.099321,1.06778311837928,3.6444523334503174,3.963683605194092
7500,2020-09-01 02:42:43.991987,1.06778311837928,3.6444523334503174,3.963683605194092
7501,2020-09-01 02:42:44.829467,1.06778311837928,3.6444523334503174,3.963683605194092
7502,2020-09-01 02:42:45.886653,0.997472344346235,3.681485652923584,3.9784412384033203
7503,2020-09-01 02:42:46.894602,0.997472344346235,3.681485652923584,3.9784412384033203
7504,2020-09-01 02:42:47.848991,0.997472344346235,3.681485652923584,3.9931089878082275
7505,2020-09-01 02:42:48.902459,0.927224497736219,3.7184395790100098,3.9931089878082275
7506,2020-09-01 02:42:49.753636,0.927224497736219,3.7184395790100098,3.9931089878082275
7507,2020-09-01 02:42:50.647265,0.927224497736219,3.7184395790100098,3.9931089878082275
7508,2020-09-01 02:42:51.513153,0.85703956044577,3.7184395790100098,4.007687091827393
7509,2020-09-01 02:42:52.406592,0.85703956044577,3.7553138732910156,4.007687091827393
7510,2020-09-01 02:42:53.283930,0.85703956044577,3.7553138732910156,4.007687091827393
7511,2020-09-01 02:42:54.207549,0.85703956044577,3.7553138732910156,4.022175312042236
7512,2020-09-01 02:42:55.028113,0.786917514348701,3.7921085357666016,4.022175312042236
7513,2020-09-01 02:42:55.959204,0.786917514348701,3.7921085357666016,4.022175312042236
7514,2020-09-01 02:42:56.839145,0.786917514348701,3.7921085357666016,4.022175312042236
7515,2020-09-01 02:42:57.724392,0.716858341296174,3.8288235664367676,4.036574363708496
7516,2020-09-01 02:42:58.518384,0.716858341296174,3.8288235664367676,4.036574363708496
7517,2020-09-01 02:42:59.413343,0.716858341296174,3.8288235664367676,4.036574363708496
7518,2020-09-01 02:43:00.301696,0.716858341296174,3.8288235664367676,4.0508832931518555
7519,2020-09-01 02:43:01.188096,0.646862023116796,3.8654589653015137,4.0508832931518555
7520,2020-09-01 02:43:02.119006,0.646862023116796,3.8654589653015137,4.0508832931518555
7521,2020-09-01 02:43:02.996552,0.646862023116796,3.8654589653015137,4.065103054046631
7522,2020-09-01 02:43:03.914800,0.576928541616724,3.902014970779419,4.065103054046631
7523,2020-09-01 02:43:04.741268,0.576928541616724,3.902014970779419,4.065103054046631
7524,2020-09-01 02:43:05.627557,0.576928541616724,3.902014970779419,4.065103054046631
7525,2020-09-01 02:43:06.468585,0.508031068878367,3.941362142562866,4.09830379486084
7526,2020-09-01 02:43:07.385972,0.508031068878367,3.941362142562866,4.09830379486084
7527,2020-09-01 02:43:08.270594,0.508031068878367,3.941362142562866,4.09830379486084
7528,2020-09-01 02:43:09.231044,0.508031068878367,3.941362142562866,4.131396293640137
7529,2020-09-01 02:43:10.113642,0.439202647404159,3.9806292057037354,4.131396293640137
7530,2020-09-01 02:43:11.022043,0.439202647404159,3.9806292057037354,4.131396293640137
7531,2020-09-01 02:43:12.065549,0.370443262010653,4.0198163986206055,4.164380073547363
7532,2020-09-01 02:43:12.870880,0.370443262010653,4.0198163986206055,4.164380073547363
7533,2020-09-01 02:43:13.755269,0.370443262010653,4.0198163986206055,4.164380073547363
7534,2020-09-01 02:43:14.617311,0.370443262010653,4.0198163986206055,4.197255611419678
7535,2020-09-01 02:43:15.580903,0.301752897476945,4.05892276763916,4.197255611419678
7536,2020-09-01 02:43:16.502645,0.301752897476945,4.05892276763916,4.197255611419678
7537,2020-09-01 02:43:17.335337,0.301752897476945,4.05892276763916,4.197255611419678
7538,2020-09-01 02:43:18.115384,0.317568556840229,4.101313591003418,4.234884262084961
7539,2020-09-01 02:43:18.993748,0.317568556840229,4.101313591003418,4.234884262084961
7540,2020-09-01 02:43:19.897761,0.317568556840229,4.101313591003418,4.234884262084961
7541,2020-09-01 02:43:20.872505,0.317568556840229,4.143680095672607,4.272482872009277
7542,2020-09-01 02:43:21.794572,0.333205205300288,4.143680095672607,4.272482872009277
7543,2020-09-01 02:43:22.725210,0.333205205300288,4.143680095672607,4.272482872009277
7544,2020-09-01 02:43:23.596475,0.333205205300288,4.143680095672607,4.272482872009277
7545,2020-09-01 02:43:24.529806,0.348663356499955,4.18602180480957,4.310051918029785
7546,2020-09-01 02:43:25.480463,0.348663356499955,4.18602180480957,4.310051918029785
7547,2020-09-01 02:43:26.358885,0.348663356499955,4.18602180480957,4.310051918029785
7548,2020-09-01 02:43:27.192225,0.363943525193889,4.228339672088623,4.347590446472168
7549,2020-09-01 02:43:28.094661,0.363943525193889,4.228339672088623,4.347590446472168
7550,2020-09-01 02:43:29.051854,0.363943525193889,4.228339672088623,4.347590446472168
7551,2020-09-01 02:43:29.995646,0.363943525193889,4.228339672088623,4.385098934173584
7552,2020-09-01 02:43:30.868593,0.379046227248438,4.270632743835449,4.385098934173584
7553,2020-09-01 02:43:31.797772,0.379046227248438,4.270632743835449,4.385098934173584
7554,2020-09-01 02:43:32.701994,0.379046227248438,4.270632743835449,4.422576904296875
7555,2020-09-01 02:43:33.677802,0.393971979641265,4.312901496887207,4.422576904296875
7556,2020-09-01 02:43:34.567741,0.393971979641265,4.312901496887207,4.422576904296875
7557,2020-09-01 02:43:35.383610,0.393971979641265,4.312901496887207,4.422576904296875
7558,2020-09-01 02:43:36.316032,0.40872130046084,4.355145454406738,4.460024356842041
7559,2020-09-01 02:43:37.158209,0.40872130046084,4.355145454406738,4.460024356842041
7560,2020-09-01 02:43:38.118545,0.40872130046084,4.355145454406738,4.460024356842041
7561,2020-09-01 02:43:39.088917,0.423294708905658,4.397364616394043,4.49744176864624
7562,2020-09-01 02:43:40.005824,0.423294708905658,4.397364616394043,4.49744176864624
7563,2020-09-01 02:43:40.967412,0.436020237360637,4.437514305114746,4.534876346588135
7564,2020-09-01 02:43:41.891640,0.436020237360637,4.437514305114746,4.534876346588135
7565,2020-09-01 02:43:42.814622,0.436020237360637,4.437514305114746,4.534876346588135
7566,2020-09-01 02:43:43.711624,0.436522277384086,4.4391188621521,4.536372184753418
7567,2020-09-01 02:43:44.571471,0.436522277384086,4.4391188621521,4.536372184753418
7568,2020-09-01 02:43:45.491578,0.436522277384086,4.4391188621521,4.536372184753418
7569,2020-09-01 02:43:46.404797,0.451264849610268,4.477695941925049,4.572360992431641
7570,2020-09-01 02:43:47.306112,0.451264849610268,4.477695941925049,4.572360992431641
7571,2020-09-01 02:43:48.116200,0.451264849610268,4.477695941925049,4.572360992431641
7572,2020-09-01 02:43:49.058077,0.451264849610268,4.477695941925049,4.572360992431641
7573,2020-09-01 02:43:49.966544,0.451264849610268,4.477695941925049,4.572360992431641
7574,2020-09-01 02:43:50.852149,0.451264849610268,4.477695941925049,4.572360992431641
7575,2020-09-01 02:43:51.716864,0.451264849610268,4.477695941925049,4.572360992431641
7576,2020-09-01 02:43:52.566266,0.451264849610268,4.477695941925049,4.572360992431641
7577,2020-09-01 02:43:53.522946,0.451264849610268,4.477695941925049,4.572360992431641
7578,2020-09-01 02:43:54.410946,0.451264849610268,4.477695941925049,4.47570276260376
7579,2020-09-01 02:43:55.364059,0.498909560851331,4.519500732421875,4.47570276260376
7580,2020-09-01 02:43:56.195115,0.498909560851331,4.519500732421875,4.47570276260376
7581,2020-09-01 02:43:57.179448,0.498909560851331,4.519500732421875,4.47570276260376
7582,2020-09-01 02:43:58.133939,0.54842592854007,4.561422824859619,4.379045486450195
7583,2020-09-01 02:43:58.945171,0.54842592854007,4.561422824859619,4.379045486450195
7584,2020-09-01 02:43:59.931601,0.54842592854007,4.561422824859619,4.379045486450195
7585,2020-09-01 02:44:00.867948,0.597680610126588,4.603334903717041,4.2823896408081055
7586,2020-09-01 02:44:01.661083,0.597680610126588,4.603334903717041,4.2823896408081055
7587,2020-09-01 02:44:02.497145,0.597680610126588,4.603334903717041,4.2823896408081055
7588,2020-09-01 02:44:03.473931,0.597680610126588,4.603334903717041,4.185734748840332
7589,2020-09-01 02:44:04.298384,0.646673986285535,4.645236015319824,4.185734748840332
7590,2020-09-01 02:44:05.138342,0.646673986285535,4.645236015319824,4.185734748840332
7591,2020-09-01 02:44:06.056010,0.646673986285535,4.645236015319824,4.089081287384033
7592,2020-09-01 02:44:06.828894,0.695406438819106,4.687126636505127,4.089081287384033
7593,2020-09-01 02:44:07.586600,0.695406438819106,4.687126636505127,4.089081287384033
7594,2020-09-01 02:44:08.418973,0.695406438819106,4.687126636505127,4.089081287384033
7595,2020-09-01 02:44:09.215036,0.695406438819106,4.687126636505127,4.089081287384033
7596,2020-09-01 02:44:10.089059,0.743878350653972,4.729006290435791,3.9924285411834717
7597,2020-09-01 02:44:10.989681,0.743878350653972,4.729006290435791,3.9924285411834717
7598,2020-09-01 02:44:11.866924,0.743878350653972,4.729006290435791,3.9924285411834717
7599,2020-09-01 02:44:12.784890,0.743878350653972,4.729006290435791,3.8957769870758057
7600,2020-09-01 02:44:13.643917,0.792090105837161,4.770875453948975,3.8957769870758057
7601,2020-09-01 02:44:14.678835,0.792090105837161,4.770875453948975,3.8957769870758057
7602,2020-09-01 02:44:15.639612,0.792090105837161,4.770875453948975,3.7991268634796143
7603,2020-09-01 02:44:16.552898,0.840042089530755,4.8127336502075195,3.7991268634796143
7604,2020-09-01 02:44:17.442313,0.840042089530755,4.8127336502075195,3.7991268634796143
7605,2020-09-01 02:44:18.307825,0.840042089530755,4.8127336502075195,3.7991268634796143
7606,2020-09-01 02:44:19.181754,0.887734688005281,4.854580879211426,3.7024776935577393
7607,2020-09-01 02:44:20.203528,0.887734688005281,4.854580879211426,3.7024776935577393
7608,2020-09-01 02:44:21.161562,0.887734688005281,4.854580879211426,3.7024776935577393
7609,2020-09-01 02:44:22.108427,0.887734688005281,4.854580879211426,3.6058294773101807
7610,2020-09-01 02:44:22.954833,0.938189489687929,4.89660120010376,3.6058294773101807
7611,2020-09-01 02:44:23.868277,0.938189489687929,4.89660120010376,3.6058294773101807
7612,2020-09-01 02:44:24.822035,0.938189489687929,4.89660120010376,3.6058294773101807
7613,2020-09-01 02:44:25.757893,0.988311793317052,4.939535140991211,3.5086615085601807
7614,2020-09-01 02:44:26.719515,0.988311793317052,4.939535140991211,3.5086615085601807
7615,2020-09-01 02:44:27.606929,0.988311793317052,4.939535140991211,3.5086615085601807
7616,2020-09-01 02:44:28.515459,1.03819274780322,4.98245906829834,3.411494731903076
7617,2020-09-01 02:44:29.456878,1.03819274780322,4.98245906829834,3.411494731903076
7618,2020-09-01 02:44:30.313199,1.03819274780322,4.98245906829834,3.411494731903076
7619,2020-09-01 02:44:31.246128,1.03819274780322,4.98245906829834,3.314329147338867
7620,2020-09-01 02:44:32.086386,1.08783279558567,5.025373935699463,3.314329147338867
7621,2020-09-01 02:44:33.010208,1.08783279558567,5.025373935699463,3.314329147338867
7622,2020-09-01 02:44:33.914932,1.08783279558567,5.025373935699463,3.314329147338867
7623,2020-09-01 02:44:34.899027,1.13723238049569,5.025373935699463,3.2171645164489746
7624,2020-09-01 02:44:35.800489,1.13723238049569,5.068278789520264,3.2171645164489746
7625,2020-09-01 02:44:36.569714,1.13723238049569,5.068278789520264,3.2171645164489746
7626,2020-09-01 02:44:37.520940,1.13723238049569,5.068278789520264,3.1200013160705566
7627,2020-09-01 02:44:38.408062,1.18639194776046,5.111173629760742,3.1200013160705566
7628,2020-09-01 02:44:39.326472,1.18639194776046,5.111173629760742,3.1200013160705566
7629,2020-09-01 02:44:40.198695,1.18639194776046,5.111173629760742,3.1200013160705566
7630,2020-09-01 02:44:41.087865,1.23531194400665,5.154058933258057,3.022839069366455
7631,2020-09-01 02:44:42.000255,1.23531194400665,5.154058933258057,3.022839069366455
7632,2020-09-01 02:44:42.987768,1.23531194400665,5.154058933258057,3.022839069366455
7633,2020-09-01 02:44:43.815568,1.28399281726365,5.196933746337891,2.925678014755249
7634,2020-09-01 02:44:44.782720,1.28399281726365,5.196933746337891,2.925678014755249
7635,2020-09-01 02:44:45.690474,1.28399281726365,5.196933746337891,2.925678014755249
7636,2020-09-01 02:44:46.593945,1.3324350169663,5.239798545837402,2.8285183906555176
7637,2020-09-01 02:44:47.433660,1.3324350169663,5.239798545837402,2.8285183906555176
7638,2020-09-01 02:44:48.361806,1.3324350169663,5.239798545837402,2.8285183906555176
7639,2020-09-01 02:44:49.308032,1.38063899395739,5.282653331756592,2.7313597202301025
7640,2020-09-01 02:44:50.218891,1.38063899395739,5.282653331756592,2.7313597202301025
7641,2020-09-01 02:44:51.077856,1.38063899395739,5.282653331756592,2.7313597202301025
7642,2020-09-01 02:44:51.962213,1.38063899395739,5.282653331756592,2.7313597202301025
7643,2020-09-01 02:44:52.941672,1.39624962268671,5.323842525482178,2.7713541984558105
7644,2020-09-01 02:44:53.825936,1.39624962268671,5.323842525482178,2.7713541984558105
7645,2020-09-01 02:44:54.734639,1.39624962268671,5.323842525482178,2.7713541984558105
7646,2020-09-01 02:44:55.655250,1.4117351519908,5.365009784698486,2.811318874359131
7647,2020-09-01 02:44:56.598218,1.4117351519908,5.365009784698486,2.811318874359131
7648,2020-09-01 02:44:57.496038,1.4117351519908,5.365009784698486,2.811318874359131
7649,2020-09-01 02:44:58.372443,1.4117351519908,5.365009784698486,2.8512535095214844
7650,2020-09-01 02:44:59.257156,1.42709610687929,5.406154632568359,2.8512535095214844
7651,2020-09-01 02:45:00.149054,1.42709610687929,5.406154632568359,2.8512535095214844
7652,2020-09-01 02:45:01.055988,1.42709610687929,5.406154632568359,2.8512535095214844
7653,2020-09-01 02:45:01.994197,1.46517673108605,5.37804651260376,2.8919479846954346
7654,2020-09-01 02:45:02.900638,1.46517673108605,5.37804651260376,2.8919479846954346
7655,2020-09-01 02:45:03.818278,1.46517673108605,5.37804651260376,2.8919479846954346
7656,2020-09-01 02:45:04.658450,1.50304854322468,5.349938869476318,2.9326250553131104
7657,2020-09-01 02:45:05.562281,1.50304854322468,5.349938869476318,2.9326250553131104
7658,2020-09-01 02:45:06.427851,1.50304854322468,5.349938869476318,2.9326250553131104
7659,2020-09-01 02:45:07.308464,1.54071204915255,5.321830749511719,2.973284959793091
7660,2020-09-01 02:45:08.213729,1.54071204915255,5.321830749511719,2.973284959793091
7661,2020-09-01 02:45:09.095899,1.54071204915255,5.321830749511719,2.973284959793091
7662,2020-09-01 02:45:09.974691,1.57816775622739,5.293723106384277,3.013927459716797
7663,2020-09-01 02:45:10.858464,1.57816775622739,5.293723106384277,3.013927459716797
7664,2020-09-01 02:45:11.774923,1.57816775622739,5.293723106384277,3.013927459716797
7665,2020-09-01 02:45:12.713875,1.61541617331146,5.265614986419678,3.0545520782470703
7666,2020-09-01 02:45:13.633671,1.61541617331146,5.265614986419678,3.0545520782470703
7667,2020-09-01 02:45:14.426890,1.61541617331146,5.265614986419678,3.0545520782470703
7668,2020-09-01 02:45:15.327866,1.61541617331146,5.265614986419678,3.0951592922210693
7669,2020-09-01 02:45:16.210838,1.65245781077557,5.237507343292236,3.0951592922210693
7670,2020-09-01 02:45:17.050705,1.65245781077557,5.237507343292236,3.0951592922210693
7671,2020-09-01 02:45:17.824218,1.65245781077557,5.237507343292236,3.0951592922210693
7672,2020-09-01 02:45:18.722548,1.68929318050304,5.209399700164795,3.1357486248016357
7673,2020-09-01 02:45:19.589468,1.68929318050304,5.209399700164795,3.1357486248016357
7674,2020-09-01 02:45:20.495437,1.68929318050304,5.209399700164795,3.1357486248016357
7675,2020-09-01 02:45:21.344385,1.72592279589341,5.209399700164795,3.1763203144073486
7676,2020-09-01 02:45:22.232921,1.72592279589341,5.181291580200195,3.1763203144073486
7677,2020-09-01 02:45:23.125896,1.72592279589341,5.181291580200195,3.1763203144073486
7678,2020-09-01 02:45:24.060429,1.76234717186608,5.181291580200195,3.2168736457824707
7679,2020-09-01 02:45:24.874537,1.76234717186608,5.153183937072754,3.2168736457824707
7680,2020-09-01 02:45:25.746847,1.76234717186608,5.153183937072754,3.2168736457824707
7681,2020-09-01 02:45:26.599678,1.76234717186608,5.153183937072754,3.2574093341827393
7682,2020-09-01 02:45:27.469171,1.7985668248638,5.125075817108154,3.2574093341827393
7683,2020-09-01 02:45:28.276660,1.7985668248638,5.125075817108154,3.2574093341827393
7684,2020-09-01 02:45:29.157152,1.7985668248638,5.125075817108154,3.2574093341827393
7685,2020-09-01 02:45:30.170382,1.83098505332332,5.125075817108154,3.297697067260742
7686,2020-09-01 02:45:30.922996,1.83098505332332,5.096968173980713,3.297697067260742
7687,2020-09-01 02:45:31.771616,1.83098505332332,5.096968173980713,3.297697067260742
7688,2020-09-01 02:45:32.624253,1.8631783967131,5.096968173980713,3.3379626274108887
7689,2020-09-01 02:45:33.565483,1.8631783967131,5.068860054016113,3.3379626274108887
7690,2020-09-01 02:45:34.489454,1.8631783967131,5.068860054016113,3.3379626274108887
7691,2020-09-01 02:45:35.387886,1.89535519202489,5.038712978363037,3.3667044639587402
7692,2020-09-01 02:45:36.193918,1.89535519202489,5.038712978363037,3.3667044639587402
7693,2020-09-01 02:45:37.154768,1.89535519202489,5.038712978363037,3.3667044639587402
7694,2020-09-01 02:45:38.115075,1.92730719781542,5.008565425872803,3.3954362869262695
7695,2020-09-01 02:45:39.052207,1.92730719781542,5.008565425872803,3.3954362869262695
7696,2020-09-01 02:45:40.084260,1.95903490521849,5.008565425872803,3.4241578578948975
7697,2020-09-01 02:45:40.962249,1.95903490521849,4.978418350219727,3.4241578578948975
7698,2020-09-01 02:45:41.787725,1.95903490521849,4.978418350219727,3.4241578578948975
7699,2020-09-01 02:45:42.746367,1.99053880676229,4.978418350219727,3.452869176864624
7700,2020-09-01 02:45:43.585589,1.99053880676229,4.94827127456665,3.452869176864624
7701,2020-09-01 02:45:44.414809,1.99053880676229,4.94827127456665,3.452869176864624
7702,2020-09-01 02:45:45.385151,2.02181939633697,4.94827127456665,3.481570243835449
7703,2020-09-01 02:45:46.270767,2.02181939633697,4.918123722076416,3.481570243835449
7704,2020-09-01 02:45:47.100510,2.02181939633697,4.918123722076416,3.481570243835449
7705,2020-09-01 02:45:47.868893,2.02181939633697,4.918123722076416,3.510260581970215
7706,2020-09-01 02:45:48.729445,2.05287716915474,4.88797664642334,3.510260581970215
7707,2020-09-01 02:45:49.572557,2.05287716915474,4.88797664642334,3.510260581970215
7708,2020-09-01 02:45:50.396458,2.05287716915474,4.88797664642334,3.510260581970215
7709,2020-09-01 02:45:51.299835,2.08371262170064,4.88797664642334,3.5389404296875
7710,2020-09-01 02:45:52.121495,2.08371262170064,4.857829570770264,3.5389404296875
7711,2020-09-01 02:45:52.971974,2.08371262170064,4.857829570770264,3.5389404296875
7712,2020-09-01 02:45:53.809505,2.08371262170064,4.857829570770264,3.5389404296875
7713,2020-09-01 02:45:54.701694,2.11432625167083,4.827682018280029,3.5676097869873047
7714,2020-09-01 02:45:55.494558,2.11432625167083,4.827682018280029,3.5676097869873047
7715,2020-09-01 02:45:56.478630,2.11432625167083,4.827682018280029,3.5676097869873047
7716,2020-09-01 02:45:57.365866,2.14471855789462,4.797534942626953,3.5962679386138916
7717,2020-09-01 02:45:58.271573,2.14471855789462,4.797534942626953,3.5962679386138916
7718,2020-09-01 02:45:59.193894,2.14471855789462,4.797534942626953,3.5962679386138916
7719,2020-09-01 02:46:00.132099,2.14471855789462,4.797534942626953,3.624915361404419
7720,2020-09-01 02:46:00.971035,2.17489004023381,4.767387866973877,3.624915361404419
7721,2020-09-01 02:46:01.849861,2.17489004023381,4.767387866973877,3.624915361404419
7722,2020-09-01 02:46:02.855450,2.17489004023381,4.767387866973877,3.6535518169403076
7723,2020-09-01 02:46:03.779021,2.20484119944977,4.737240314483643,3.6535518169403076
7724,2020-09-01 02:46:04.679475,2.20484119944977,4.737240314483643,3.6535518169403076
7725,2020-09-01 02:46:05.609346,2.20484119944977,4.737240314483643,3.6535518169403076
7726,2020-09-01 02:46:06.548810,2.23457253702234,4.707093238830566,3.6821768283843994
7727,2020-09-01 02:46:07.406885,2.23457253702234,4.707093238830566,3.6821768283843994
7728,2020-09-01 02:46:08.322768,2.23457253702234,4.707093238830566,3.6821768283843994
7729,2020-09-01 02:46:09.130274,2.26323638330439,4.707093238830566,3.709700584411621
7730,2020-09-01 02:46:09.971298,2.26323638330439,4.678460121154785,3.709700584411621
7731,2020-09-01 02:46:10.844747,2.26323638330439,4.678460121154785,3.709700584411621
7732,2020-09-01 02:46:11.666219,2.26323638330439,4.678460121154785,3.737213373184204
7733,2020-09-01 02:46:12.600081,2.2916796456154,4.649827003479004,3.737213373184204
7734,2020-09-01 02:46:13.476853,2.2916796456154,4.649827003479004,3.737213373184204
7735,2020-09-01 02:46:14.329620,2.2916796456154,4.649827003479004,3.737213373184204
7736,2020-09-01 02:46:15.282489,2.31990283140415,4.649827003479004,3.7647151947021484
7737,2020-09-01 02:46:16.121752,2.31990283140415,4.621193885803223,3.7647151947021484
7738,2020-09-01 02:46:17.004147,2.31990283140415,4.621193885803223,3.7647151947021484
7739,2020-09-01 02:46:17.881591,2.34790644928553,4.621193885803223,3.792205810546875
7740,2020-09-01 02:46:18.875895,2.34790644928553,4.592560291290283,3.792205810546875
7741,2020-09-01 02:46:19.848810,2.34790644928553,4.592560291290283,3.792205810546875
7742,2020-09-01 02:46:20.753727,2.34790644928553,4.592560291290283,3.8196849822998047
7743,2020-09-01 02:46:21.689821,2.37569100892365,4.563927173614502,3.8196849822998047
7744,2020-09-01 02:46:22.614399,2.37569100892365,4.563927173614502,3.8196849822998047
7745,2020-09-01 02:46:23.490769,2.37569100892365,4.563927173614502,3.8196849822998047
7746,2020-09-01 02:46:24.378881,2.40325702087472,4.535294055938721,3.8471527099609375
7747,2020-09-01 02:46:25.256395,2.40325702087472,4.535294055938721,3.8471527099609375
7748,2020-09-01 02:46:26.131007,2.40325702087472,4.535294055938721,3.8471527099609375
7749,2020-09-01 02:46:27.011947,2.40325702087472,4.535294055938721,3.8746089935302734
7750,2020-09-01 02:46:27.878583,2.43060499636817,4.5066609382629395,3.8746089935302734
7751,2020-09-01 02:46:28.654162,2.43060499636817,4.5066609382629395,3.8746089935302734
7752,2020-09-01 02:46:29.543035,2.43060499636817,4.5066609382629395,3.8746089935302734
7753,2020-09-01 02:46:30.371508,2.45773544698542,4.478027820587158,3.9020535945892334
7754,2020-09-01 02:46:31.248336,2.45773544698542,4.478027820587158,3.9020535945892334
7755,2020-09-01 02:46:32.134255,2.45773544698542,4.478027820587158,3.9020535945892334
7756,2020-09-01 02:46:32.995605,2.45773544698542,4.478027820587158,3.9294865131378174
7757,2020-09-01 02:46:33.900241,2.48464888415015,4.449394702911377,3.9294865131378174
7758,2020-09-01 02:46:34.818375,2.48464888415015,4.449394702911377,3.9294865131378174
7759,2020-09-01 02:46:35.693722,2.48464888415015,4.449394702911377,3.9294865131378174
7760,2020-09-01 02:46:36.547595,2.51134581821012,4.420761585235596,3.9569075107574463
7761,2020-09-01 02:46:37.441320,2.51134581821012,4.420761585235596,3.9569075107574463
7762,2020-09-01 02:46:38.330408,2.51134581821012,4.420761585235596,3.9569075107574463
7763,2020-09-01 02:46:39.309592,2.53782675629897,4.3921284675598145,3.98431658744812
7764,2020-09-01 02:46:40.289053,2.53782675629897,4.3921284675598145,3.98431658744812
7765,2020-09-01 02:46:41.202345,2.53782675629897,4.3921284675598145,3.98431658744812
7766,2020-09-01 02:46:42.058780,2.53782675629897,4.3921284675598145,4.01171350479126
7767,2020-09-01 02:46:42.992239,2.56409221625239,4.363495349884033,4.01171350479126
7768,2020-09-01 02:46:43.913575,2.56409221625239,4.363495349884033,4.01171350479126
7769,2020-09-01 02:46:44.760276,2.56409221625239,4.363495349884033,4.01171350479126
7770,2020-09-01 02:46:45.682217,2.56409221625239,4.363495349884033,4.01171350479126
7771,2020-09-01 02:46:46.615738,2.58401231380813,4.343392848968506,4.042483806610107
7772,2020-09-01 02:46:47.526774,2.58401231380813,4.343392848968506,4.042483806610107
7773,2020-09-01 02:46:48.389197,2.58401231380813,4.343392848968506,4.052920818328857
7774,2020-09-01 02:46:49.260361,2.59076682150074,4.336572647094727,4.052920818328857
7775,2020-09-01 02:46:50.228244,2.59076682150074,4.336572647094727,4.052920818328857
7776,2020-09-01 02:46:51.177683,2.59076682150074,4.336572647094727,4.094112396240234
7777,2020-09-01 02:46:51.992286,2.61737655953478,4.30964994430542,4.094112396240234
7778,2020-09-01 02:46:52.901146,2.61737655953478,4.30964994430542,4.094112396240234
7779,2020-09-01 02:46:53.785848,2.61737655953478,4.30964994430542,4.13527774810791
7780,2020-09-01 02:46:54.700395,2.64377775636858,4.282727241516113,4.13527774810791
7781,2020-09-01 02:46:55.628244,2.64377775636858,4.282727241516113,4.13527774810791
7782,2020-09-01 02:46:56.519286,2.66997104757604,4.255804538726807,4.176416873931885
7783,2020-09-01 02:46:57.416112,2.66997104757604,4.255804538726807,4.176416873931885
7784,2020-09-01 02:46:58.355524,2.66997104757604,4.255804538726807,4.176416873931885
7785,2020-09-01 02:46:59.281651,2.66997104757604,4.255804538726807,4.217529296875
7786,2020-09-01 02:47:00.123763,2.69595706928592,4.2288818359375,4.217529296875
7787,2020-09-01 02:47:01.010412,2.69595706928592,4.2288818359375,4.217529296875
7788,2020-09-01 02:47:01.914886,2.69595706928592,4.2288818359375,4.258615970611572
7789,2020-09-01 02:47:02.846885,2.72173645840084,4.201959133148193,4.258615970611572
7790,2020-09-01 02:47:03.705797,2.72173645840084,4.201959133148193,4.258615970611572
7791,2020-09-01 02:47:04.713689,2.74730985275647,4.175036430358887,4.299675464630127
7792,2020-09-01 02:47:05.665170,2.74730985275647,4.175036430358887,4.299675464630127
7793,2020-09-01 02:47:06.586517,2.74730985275647,4.175036430358887,4.299675464630127
7794,2020-09-01 02:47:07.408537,2.74730985275647,4.175036430358887,4.340471267700195
7795,2020-09-01 02:47:08.268308,2.76745152222232,4.14811372756958,4.340471267700195
7796,2020-09-01 02:47:09.229025,2.76745152222232,4.14811372756958,4.340471267700195
7797,2020-09-01 02:47:10.142555,2.76745152222232,4.14811372756958,4.340471267700195
7798,2020-09-01 02:47:11.045891,2.78737154708281,4.121191501617432,4.3812360763549805
7799,2020-09-01 02:47:11.893517,2.78737154708281,4.121191501617432,4.3812360763549805
7800,2020-09-01 02:47:12.803192,2.78737154708281,4.121191501617432,4.3812360763549805
7801,2020-09-01 02:47:13.679971,2.80707053234174,4.094268798828125,4.421969413757324
7802,2020-09-01 02:47:14.603745,2.80707053234174,4.094268798828125,4.421969413757324
7803,2020-09-01 02:47:15.566671,2.80707053234174,4.094268798828125,4.421969413757324
7804,2020-09-01 02:47:16.616394,2.82654908414149,4.067346096038818,4.462671756744385
7805,2020-09-01 02:47:17.455054,2.82654908414149,4.067346096038818,4.462671756744385
7806,2020-09-01 02:47:18.400369,2.82654908414149,4.067346096038818,4.462671756744385
7807,2020-09-01 02:47:19.403680,2.84580780961227,4.067346096038818,4.503343105316162
7808,2020-09-01 02:47:20.269235,2.84580780961227,4.040423393249512,4.503343105316162
7809,2020-09-01 02:47:21.101484,2.84580780961227,4.040423393249512,4.503343105316162
7810,2020-09-01 02:47:21.949047,2.84580780961227,4.040423393249512,4.503343105316162
7811,2020-09-01 02:47:22.761806,2.86529269527571,4.0121989250183105,4.543864727020264
7812,2020-09-01 02:47:23.699264,2.86529269527571,4.0121989250183105,4.543864727020264
7813,2020-09-01 02:47:24.580312,2.86529269527571,4.0121989250183105,4.543864727020264
7814,2020-09-01 02:47:25.592207,2.88455931995728,3.9839744567871094,4.584355354309082
7815,2020-09-01 02:47:26.492696,2.88455931995728,3.9839744567871094,4.584355354309082
7816,2020-09-01 02:47:27.386876,2.88455931995728,3.9839744567871094,4.584355354309082
7817,2020-09-01 02:47:28.279336,2.93446408747577,3.955749750137329,4.487620830535889
7818,2020-09-01 02:47:29.156928,2.93446408747577,3.955749750137329,4.487620830535889
7819,2020-09-01 02:47:30.083863,2.93446408747577,3.955749750137329,4.487620830535889
7820,2020-09-01 02:47:31.116662,2.93446408747577,3.955749750137329,4.390887260437012
7821,2020-09-01 02:47:32.066497,2.9840492393672,3.927525281906128,4.390887260437012
7822,2020-09-01 02:47:32.984613,2.9840492393672,3.927525281906128,4.390887260437012
7823,2020-09-01 02:47:33.873876,3.03331521040454,3.8993008136749268,4.294154644012451
7824,2020-09-01 02:47:34.770495,3.03331521040454,3.8993008136749268,4.294154644012451
7825,2020-09-01 02:47:35.582534,3.03331521040454,3.8993008136749268,4.294154644012451
7826,2020-09-01 02:47:36.665404,3.08226243654586,3.8993008136749268,4.197423458099365
7827,2020-09-01 02:47:37.557858,3.08226243654586,3.8710763454437256,4.197423458099365
7828,2020-09-01 02:47:38.405165,3.08226243654586,3.8710763454437256,4.197423458099365
7829,2020-09-01 02:47:39.268963,3.08226243654586,3.8710763454437256,4.197423458099365
7830,2020-09-01 02:47:40.108705,3.1308913549303,3.8428518772125244,4.100693225860596
7831,2020-09-01 02:47:40.979496,3.1308913549303,3.8428518772125244,4.100693225860596
7832,2020-09-01 02:47:41.878430,3.1308913549303,3.8428518772125244,4.100693225860596
7833,2020-09-01 02:47:42.717481,3.17920240386947,3.8146274089813232,4.003963947296143
7834,2020-09-01 02:47:43.743111,3.17920240386947,3.8146274089813232,4.003963947296143
7835,2020-09-01 02:47:44.697665,3.17920240386947,3.8146274089813232,4.003963947296143
7836,2020-09-01 02:47:45.558229,3.22719602283352,3.786402940750122,3.907236099243164
7837,2020-09-01 02:47:46.426392,3.22719602283352,3.786402940750122,3.907236099243164
7838,2020-09-01 02:47:47.271034,3.22719602283352,3.786402940750122,3.907236099243164
7839,2020-09-01 02:47:48.168419,3.22719602283352,3.786402940750122,3.810509204864502
7840,2020-09-01 02:47:49.035199,3.27487265243114,3.758178472518921,3.810509204864502
7841,2020-09-01 02:47:49.825785,3.27487265243114,3.758178472518921,3.810509204864502
7842,2020-09-01 02:47:50.844555,3.32223273438197,3.7299540042877197,3.7137835025787354
7843,2020-09-01 02:47:51.677332,3.32223273438197,3.7299540042877197,3.7137835025787354
7844,2020-09-01 02:47:52.522387,3.32223273438197,3.7299540042877197,3.7137835025787354
7845,2020-09-01 02:47:53.498398,3.32223273438197,3.7299540042877197,3.6170589923858643
7846,2020-09-01 02:47:54.381961,3.36927671148024,3.7017295360565186,3.6170589923858643
7847,2020-09-01 02:47:55.175452,3.36927671148024,3.7017295360565186,3.6170589923858643
7848,2020-09-01 02:47:56.031810,3.36927671148024,3.7017295360565186,3.6170589923858643
7849,2020-09-01 02:47:56.954378,3.41729643343091,3.6792516708374023,3.5301589965820312
7850,2020-09-01 02:47:57.893931,3.41729643343091,3.6792516708374023,3.5301589965820312
7851,2020-09-01 02:47:58.800522,3.41729643343091,3.6792516708374023,3.4432599544525146
7852,2020-09-01 02:47:59.667551,3.4650061575223,3.6567740440368652,3.4432599544525146
7853,2020-09-01 02:48:00.617848,3.4650061575223,3.6567740440368652,3.4432599544525146
7854,2020-09-01 02:48:01.647126,3.4650061575223,3.6567740440368652,3.4432599544525146
7855,2020-09-01 02:48:02.605779,3.5124064051214,3.6567740440368652,3.3563618659973145
7856,2020-09-01 02:48:03.521909,3.5124064051214,3.634296417236328,3.3563618659973145
7857,2020-09-01 02:48:04.405783,3.5124064051214,3.634296417236328,3.3563618659973145
7858,2020-09-01 02:48:05.332412,3.5124064051214,3.634296417236328,3.2694644927978516
7859,2020-09-01 02:48:06.223055,3.56225039352944,3.611818790435791,3.2694644927978516
7860,2020-09-01 02:48:07.005762,3.56225039352944,3.611818790435791,3.2694644927978516
7861,2020-09-01 02:48:07.966178,3.56225039352944,3.611818790435791,3.2694644927978516
7862,2020-09-01 02:48:08.921706,3.61180598993577,3.589340925216675,3.182568073272705
7863,2020-09-01 02:48:09.850663,3.61180598993577,3.589340925216675,3.182568073272705
7864,2020-09-01 02:48:10.798617,3.61180598993577,3.589340925216675,3.182568073272705
7865,2020-09-01 02:48:11.739324,3.6610738751593,3.5668632984161377,3.095672607421875
7866,2020-09-01 02:48:12.669398,3.6610738751593,3.5668632984161377,3.095672607421875
7867,2020-09-01 02:48:13.571642,3.6610738751593,3.5668632984161377,3.095672607421875
7868,2020-09-01 02:48:14.398811,3.7100547321932,3.5443856716156006,3.0087780952453613
7869,2020-09-01 02:48:15.252362,3.7100547321932,3.5443856716156006,3.0087780952453613
7870,2020-09-01 02:48:16.153544,3.7100547321932,3.5443856716156006,3.0087780952453613
7871,2020-09-01 02:48:16.980733,3.7100547321932,3.5443856716156006,3.0087780952453613
7872,2020-09-01 02:48:17.791751,3.75874924625643,3.5219078063964844,2.921884536743164
7873,2020-09-01 02:48:18.755763,3.75874924625643,3.5219078063964844,2.921884536743164
7874,2020-09-01 02:48:19.663758,3.75874924625643,3.5219078063964844,2.834991931915283
7875,2020-09-01 02:48:20.599000,3.80715810485975,3.4994301795959473,2.834991931915283
7876,2020-09-01 02:48:21.411491,3.80715810485975,3.4994301795959473,2.834991931915283
7877,2020-09-01 02:48:22.328825,3.80715810485975,3.4994301795959473,2.834991931915283
7878,2020-09-01 02:48:23.147899,3.85528199785968,3.47695255279541,2.7481000423431396
7879,2020-09-01 02:48:23.965711,3.85528199785968,3.47695255279541,2.7481000423431396
7880,2020-09-01 02:48:24.821113,3.85528199785968,3.47695255279541,2.7481000423431396
7881,2020-09-01 02:48:25.730646,3.85528199785968,3.47695255279541,2.8003432750701904
7882,2020-09-01 02:48:26.614540,3.872617982652,3.454474925994873,2.8003432750701904
7883,2020-09-01 02:48:27.494282,3.872617982652,3.454474925994873,2.8003432750701904
7884,2020-09-01 02:48:28.355838,3.872617982652,3.454474925994873,2.8003432750701904
7885,2020-09-01 02:48:29.202234,3.872617982652,3.454474925994873,2.8525447845458984
7886,2020-09-01 02:48:30.050813,3.88978723011937,3.431997060775757,2.8525447845458984
7887,2020-09-01 02:48:30.817374,3.88978723011937,3.431997060775757,2.8525447845458984
7888,2020-09-01 02:48:31.726019,3.88978723011937,3.431997060775757,2.912783145904541
7889,2020-09-01 02:48:32.577125,3.90783292049444,3.4080138206481934,2.912783145904541
7890,2020-09-01 02:48:33.447316,3.90783292049444,3.4080138206481934,2.912783145904541
7891,2020-09-01 02:48:34.384294,3.90783292049444,3.4080138206481934,2.912783145904541
7892,2020-09-01 02:48:35.205710,3.92571829183569,3.38403058052063,2.9729723930358887
7893,2020-09-01 02:48:36.184305,3.92571829183569,3.38403058052063,2.9729723930358887
7894,2020-09-01 02:48:37.072821,3.92571829183569,3.38403058052063,2.9729723930358887
7895,2020-09-01 02:48:37.921928,3.94344410600806,3.38403058052063,3.0331122875213623
7896,2020-09-01 02:48:38.726139,3.94344410600806,3.3600475788116455,3.0331122875213623
7897,2020-09-01 02:48:39.650428,3.94344410600806,3.3600475788116455,3.0331122875213623
7898,2020-09-01 02:48:40.584564,3.94344410600806,3.3600475788116455,3.093202829360962
7899,2020-09-01 02:48:41.490376,3.96101112538793,3.336064338684082,3.093202829360962
7900,2020-09-01 02:48:42.338844,3.96101112538793,3.336064338684082,3.093202829360962
7901,2020-09-01 02:48:43.169363,3.96101112538793,3.336064338684082,3.1532440185546875
7902,2020-09-01 02:48:44.081926,3.97842011272313,3.3120810985565186,3.1532440185546875
7903,2020-09-01 02:48:44.973601,3.97842011272313,3.3120810985565186,3.1532440185546875
7904,2020-09-01 02:48:45.898757,3.97842011272313,3.3120810985565186,3.1532440185546875
7905,2020-09-01 02:48:46.790388,3.97842011272313,3.3120810985565186,3.1532440185546875
7906,2020-09-01 02:48:47.725813,3.99567183093949,3.288097858428955,3.21323561668396
7907,2020-09-01 02:48:48.584624,3.99567183093949,3.288097858428955,3.21323561668396
7908,2020-09-01 02:48:49.413146,3.99567183093949,3.288097858428955,3.2731776237487793
7909,2020-09-01 02:48:50.314669,4.01276704285503,3.2641146183013916,3.2731776237487793
7910,2020-09-01 02:48:51.156572,4.01276704285503,3.2641146183013916,3.2731776237487793
7911,2020-09-01 02:48:52.075020,4.01276704285503,3.2641146183013916,3.2731776237487793
7912,2020-09-01 02:48:53.008478,4.02970651071296,3.240131378173828,3.3330698013305664
7913,2020-09-01 02:48:53.827108,4.02970651071296,3.240131378173828,3.3330698013305664
7914,2020-09-01 02:48:54.728355,4.02970651071296,3.240131378173828,3.3330698013305664
7915,2020-09-01 02:48:55.655783,4.02970651071296,3.240131378173828,3.3929123878479004
7916,2020-09-01 02:48:56.507834,4.04649099527454,3.2161481380462646,3.3929123878479004
7917,2020-09-01 02:48:57.387723,4.04649099527454,3.2161481380462646,3.3929123878479004
7918,2020-09-01 02:48:58.240665,4.04649099527454,3.2161481380462646,3.3929123878479004
7919,2020-09-01 02:48:59.046972,4.0631212531086,3.192164897918701,3.4527053833007812
7920,2020-09-01 02:48:59.958031,4.0631212531086,3.192164897918701,3.4527053833007812
7921,2020-09-01 02:49:00.833612,4.0631212531086,3.192164897918701,3.4527053833007812
7922,2020-09-01 02:49:01.631484,4.07959808601595,3.1681816577911377,3.512448310852051
7923,2020-09-01 02:49:02.568985,4.07959808601595,3.1681816577911377,3.512448310852051
7924,2020-09-01 02:49:03.465593,4.07959808601595,3.1681816577911377,3.512448310852051
7925,2020-09-01 02:49:04.370861,4.07959808601595,3.1681816577911377,3.572141408920288
7926,2020-09-01 02:49:05.194290,4.09592235896467,3.144198417663574,3.572141408920288
7927,2020-09-01 02:49:06.102419,4.09592235896467,3.144198417663574,3.572141408920288
7928,2020-09-01 02:49:07.026207,4.09592235896467,3.144198417663574,3.6228768825531006
7929,2020-09-01 02:49:07.918427,4.11142925133403,3.1181681156158447,3.6228768825531006
7930,2020-09-01 02:49:08.878691,4.11142925133403,3.1181681156158447,3.6228768825531006
7931,2020-09-01 02:49:09.763300,4.11142925133403,3.1181681156158447,3.6228768825531006
7932,2020-09-01 02:49:10.571031,4.12678163361343,3.092137575149536,3.6735706329345703
7933,2020-09-01 02:49:11.416187,4.12678163361343,3.092137575149536,3.6735706329345703
7934,2020-09-01 02:49:12.253705,4.12678163361343,3.092137575149536,3.6735706329345703
7935,2020-09-01 02:49:13.084434,4.12678163361343,3.092137575149536,3.6735706329345703
7936,2020-09-01 02:49:13.923553,4.14198028765124,3.0661070346832275,3.7242228984832764
7937,2020-09-01 02:49:14.770364,4.14198028765124,3.0661070346832275,3.7242228984832764
7938,2020-09-01 02:49:15.602379,4.14198028765124,3.0661070346832275,3.7242228984832764
7939,2020-09-01 02:49:16.493873,4.15702599441805,3.040076732635498,3.7748336791992188
7940,2020-09-01 02:49:17.430390,4.15702599441805,3.040076732635498,3.7748336791992188
7941,2020-09-01 02:49:18.322429,4.15702599441805,3.040076732635498,3.7748336791992188
7942,2020-09-01 02:49:19.182201,4.17191953267991,3.0140461921691895,3.8254024982452393
7943,2020-09-01 02:49:20.139301,4.17191953267991,3.0140461921691895,3.8254024982452393
7944,2020-09-01 02:49:21.038146,4.17191953267991,3.0140461921691895,3.8254024982452393
7945,2020-09-01 02:49:22.002119,4.17191953267991,3.0140461921691895,3.8758203983306885
7946,2020-09-01 02:49:22.883561,4.18263299440343,2.988015651702881,3.8758203983306885
7947,2020-09-01 02:49:23.779039,4.18263299440343,2.988015651702881,3.8758203983306885
7948,2020-09-01 02:49:24.655656,4.18263299440343,2.988015651702881,3.8758203983306885
7949,2020-09-01 02:49:25.563058,4.19317413360331,2.9619851112365723,3.9261929988861084
7950,2020-09-01 02:49:26.458958,4.19317413360331,2.9619851112365723,3.9261929988861084
7951,2020-09-01 02:49:27.326027,4.19317413360331,2.9619851112365723,3.9261929988861084
7952,2020-09-01 02:49:28.215603,4.2035437645788,2.9359548091888428,3.97652006149292
7953,2020-09-01 02:49:29.012683,4.2035437645788,2.9359548091888428,3.97652006149292
7954,2020-09-01 02:49:29.895066,4.2035437645788,2.9359548091888428,3.97652006149292
7955,2020-09-01 02:49:30.796087,4.18600289308743,2.980931520462036,4.026017189025879
7956,2020-09-01 02:49:31.651245,4.18600289308743,2.980931520462036,4.026017189025879
7957,2020-09-01 02:49:32.598877,4.18600289308743,2.980931520462036,4.026017189025879
7958,2020-09-01 02:49:33.504963,4.18600289308743,2.980931520462036,4.026017189025879
7959,2020-09-01 02:49:34.328686,4.16847634265874,3.0258641242980957,4.075445175170898
7960,2020-09-01 02:49:35.168523,4.16847634265874,3.0258641242980957,4.075445175170898
7961,2020-09-01 02:49:36.031821,4.16847634265874,3.0258641242980957,4.075445175170898
7962,2020-09-01 02:49:36.991656,4.15096417673674,3.0707526206970215,4.12480354309082
7963,2020-09-01 02:49:37.883398,4.15096417673674,3.0707526206970215,4.12480354309082
7964,2020-09-01 02:49:38.674033,4.15096417673674,3.0707526206970215,4.12480354309082
7965,2020-09-01 02:49:39.535268,4.15096417673674,3.0707526206970215,4.12480354309082
7966,2020-09-01 02:49:40.380105,4.13346645797976,3.1155967712402344,4.174091815948486
7967,2020-09-01 02:49:41.194947,4.13346645797976,3.1155967712402344,4.174091815948486
7968,2020-09-01 02:49:42.053905,4.13346645797976,3.1155967712402344,4.174091815948486
7969,2020-09-01 02:49:42.906418,4.13346645797976,3.1155967712402344,4.174091815948486
7970,2020-09-01 02:49:43.787155,4.11726603166912,3.163410186767578,4.226181507110596
7971,2020-09-01 02:49:44.661839,4.11726603166912,3.163410186767578,4.226181507110596
7972,2020-09-01 02:49:45.554017,4.11726603166912,3.163410186767578,4.226181507110596
7973,2020-09-01 02:49:46.432647,4.10107993782751,3.2111778259277344,4.278200149536133
7974,2020-09-01 02:49:47.346588,4.10107993782751,3.2111778259277344,4.278200149536133
7975,2020-09-01 02:49:48.160146,4.10107993782751,3.2111778259277344,4.278200149536133
7976,2020-09-01 02:49:48.984642,4.08490824846122,3.2589004039764404,4.330147743225098
7977,2020-09-01 02:49:49.835752,4.08490824846122,3.2589004039764404,4.330147743225098
7978,2020-09-01 02:49:50.676434,4.08490824846122,3.2589004039764404,4.330147743225098
7979,2020-09-01 02:49:51.617825,4.0687510348184,3.306577682495117,4.38202428817749
7980,2020-09-01 02:49:52.547960,4.0687510348184,3.306577682495117,4.38202428817749
7981,2020-09-01 02:49:53.378304,4.0687510348184,3.306577682495117,4.38202428817749
7982,2020-09-01 02:49:54.256233,4.052608367394,3.306577682495117,4.4338297843933105
7983,2020-09-01 02:49:55.150239,4.052608367394,3.3542096614837646,4.4338297843933105
7984,2020-09-01 02:49:56.054511,4.052608367394,3.3542096614837646,4.4338297843933105
7985,2020-09-01 02:49:56.885728,4.052608367394,3.3542096614837646,4.4338297843933105
7986,2020-09-01 02:49:57.829999,4.0364803159346,3.4017961025238037,4.485564231872559
7987,2020-09-01 02:49:58.738616,4.0364803159346,3.4017961025238037,4.485564231872559
7988,2020-09-01 02:49:59.633993,4.0364803159346,3.4017961025238037,4.485564231872559
7989,2020-09-01 02:50:00.499014,4.02810136535908,3.4265177249908447,4.512429237365723
7990,2020-09-01 02:50:01.412248,4.02810136535908,3.4265177249908447,4.512429237365723
7991,2020-09-01 02:50:02.302022,4.02810136535908,3.4265177249908447,4.512429237365723
7992,2020-09-01 02:50:03.266867,4.02159273548384,3.449352264404297,4.537248134613037
7993,2020-09-01 02:50:04.135207,4.02159273548384,3.449352264404297,4.537248134613037
7994,2020-09-01 02:50:05.031922,4.02159273548384,3.449352264404297,4.537248134613037
7995,2020-09-01 02:50:05.870073,4.02159273548384,3.449352264404297,4.537248134613037
7996,2020-09-01 02:50:06.819035,4.02159273548384,3.449352264404297,4.537248134613037
7997,2020-09-01 02:50:07.686036,4.02159273548384,3.449352264404297,4.537248134613037
7998,2020-09-01 02:50:08.669441,4.02159273548384,3.449352264404297,4.537248134613037
7999,2020-09-01 02:50:09.603408,4.0080448286691,3.496903419494629,4.588922023773193
8000,2020-09-01 02:50:10.486405,4.0080448286691,3.496903419494629,4.588922023773193
8001,2020-09-01 02:50:11.394060,4.0080448286691,3.496903419494629,4.588922023773193
8002,2020-09-01 02:50:12.263786,4.03281672815078,3.5452661514282227,4.50420618057251
8003,2020-09-01 02:50:13.156737,4.03281672815078,3.5452661514282227,4.50420618057251
8004,2020-09-01 02:50:14.045556,4.03281672815078,3.5452661514282227,4.50420618057251
8005,2020-09-01 02:50:14.932521,4.05740695937233,3.5936059951782227,4.419489860534668
8006,2020-09-01 02:50:15.825919,4.05740695937233,3.5936059951782227,4.419489860534668
8007,2020-09-01 02:50:16.731362,4.05740695937233,3.5936059951782227,4.419489860534668
8008,2020-09-01 02:50:17.695174,4.05740695937233,3.5936059951782227,4.334774017333984
8009,2020-09-01 02:50:18.560630,4.08181637848675,3.641922950744629,4.334774017333984
8010,2020-09-01 02:50:19.428088,4.08181637848675,3.641922950744629,4.334774017333984
8011,2020-09-01 02:50:20.310040,4.08181637848675,3.641922950744629,4.250057697296143
8012,2020-09-01 02:50:21.092501,4.10604584283229,3.6902172565460205,4.250057697296143
8013,2020-09-01 02:50:22.897908,4.10604584283229,3.6902172565460205,4.250057697296143
8014,2020-09-01 02:50:23.950752,4.10604584283229,3.6902172565460205,4.250057697296143
8015,2020-09-01 02:50:24.783563,4.13153692094264,3.6902172565460205,4.180971145629883
8016,2020-09-01 02:50:25.664973,4.13153692094264,3.7409799098968506,4.180971145629883
8017,2020-09-01 02:50:26.505677,4.13153692094264,3.7409799098968506,4.180971145629883
8018,2020-09-01 02:50:27.475645,4.13153692094264,3.7409799098968506,4.180971145629883
8019,2020-09-01 02:50:28.315686,4.15685842039071,3.7917189598083496,4.111884117126465
8020,2020-09-01 02:50:29.229978,4.15685842039071,3.7917189598083496,4.111884117126465
8021,2020-09-01 02:50:30.187366,4.18201118244649,3.7917189598083496,4.042797088623047
8022,2020-09-01 02:50:31.118822,4.18201118244649,3.8424341678619385,4.042797088623047
8023,2020-09-01 02:50:31.945936,4.18201118244649,3.8424341678619385,4.042797088623047
8024,2020-09-01 02:50:32.843223,4.18201118244649,3.8424341678619385,3.973710298538208
8025,2020-09-01 02:50:33.720245,4.20699604921663,3.8931257724761963,3.973710298538208
8026,2020-09-01 02:50:34.618423,4.20699604921663,3.8931257724761963,3.973710298538208
8027,2020-09-01 02:50:35.510770,4.20699604921663,3.8931257724761963,3.973710298538208
8028,2020-09-01 02:50:36.438009,4.23181386362651,3.943793535232544,3.904623508453369
8029,2020-09-01 02:50:37.350147,4.23181386362651,3.943793535232544,3.904623508453369
8030,2020-09-01 02:50:38.308130,4.23181386362651,3.943793535232544,3.904623508453369
8031,2020-09-01 02:50:39.248271,4.25646546940179,3.9944374561309814,3.8355367183685303
8032,2020-09-01 02:50:40.078717,4.25646546940179,3.9944374561309814,3.8355367183685303
8033,2020-09-01 02:50:40.968376,4.25646546940179,3.9944374561309814,3.8355367183685303
8034,2020-09-01 02:50:41.896797,4.27540149627579,4.033583641052246,3.782109498977661
8035,2020-09-01 02:50:42.766964,4.27540149627579,4.033583641052246,3.782109498977661
8036,2020-09-01 02:50:43.674550,4.27540149627579,4.033583641052246,3.782109498977661
8037,2020-09-01 02:50:44.570134,4.28094192903856,4.045053958892822,3.7664499282836914
8038,2020-09-01 02:50:45.488387,4.28094192903856,4.045053958892822,3.7664499282836914
8039,2020-09-01 02:50:46.330660,4.28094192903856,4.045053958892822,3.7664499282836914
8040,2020-09-01 02:50:47.253565,4.28094192903856,4.045053958892822,3.6973628997802734
8041,2020-09-01 02:50:48.237868,4.30534850847991,4.0956525802612305,3.6973628997802734
8042,2020-09-01 02:50:49.132553,4.30534850847991,4.0956525802612305,3.6973628997802734
8043,2020-09-01 02:50:50.044132,4.32959398612572,4.1462273597717285,3.6282761096954346
8044,2020-09-01 02:50:50.876177,4.32959398612572,4.1462273597717285,3.6282761096954346
8045,2020-09-01 02:50:51.688778,4.32959398612572,4.1462273597717285,3.6282761096954346
8046,2020-09-01 02:50:52.568737,4.32959398612572,4.1462273597717285,3.5591893196105957
8047,2020-09-01 02:50:53.435539,4.3536792126132,4.196778297424316,3.5591893196105957
8048,2020-09-01 02:50:54.346510,4.3536792126132,4.196778297424316,3.5591893196105957
8049,2020-09-01 02:50:55.220671,4.3536792126132,4.196778297424316,3.5591893196105957
8050,2020-09-01 02:50:56.033125,4.37760503918396,4.247304916381836,3.490102529525757
8051,2020-09-01 02:50:56.853162,4.37760503918396,4.247304916381836,3.490102529525757
8052,2020-09-01 02:50:57.693986,4.37760503918396,4.247304916381836,3.490102529525757
8053,2020-09-01 02:50:58.572394,4.40137231765752,4.2978081703186035,3.421015501022339
8054,2020-09-01 02:50:59.573088,4.40137231765752,4.2978081703186035,3.421015501022339
8055,2020-09-01 02:51:00.438264,4.40137231765752,4.2978081703186035,3.421015501022339
8056,2020-09-01 02:51:01.326443,4.40137231765752,4.2978081703186035,3.358952522277832
8057,2020-09-01 02:51:02.207848,4.42540975683002,4.34973669052124,3.358952522277832
8058,2020-09-01 02:51:03.176296,4.42540975683002,4.34973669052124,3.358952522277832
8059,2020-09-01 02:51:04.002199,4.42540975683002,4.34973669052124,3.358952522277832
8060,2020-09-01 02:51:04.908901,4.44929122162782,4.40164041519165,3.296889305114746
8061,2020-09-01 02:51:05.792056,4.44929122162782,4.40164041519165,3.296889305114746
8062,2020-09-01 02:51:06.637097,4.44929122162782,4.40164041519165,3.296889305114746
8063,2020-09-01 02:51:07.509834,4.47301755745487,4.453519344329834,3.23482608795166
8064,2020-09-01 02:51:08.453049,4.47301755745487,4.453519344329834,3.23482608795166
8065,2020-09-01 02:51:09.379707,4.47301755745487,4.453519344329834,3.172762870788574
8066,2020-09-01 02:51:10.230576,4.49658961002956,4.505373001098633,3.172762870788574
8067,2020-09-01 02:51:11.152222,4.49658961002956,4.505373001098633,3.172762870788574
8068,2020-09-01 02:51:12.075147,4.49658961002956,4.505373001098633,3.172762870788574
8069,2020-09-01 02:51:12.983258,4.52000822534237,4.557201385498047,3.1106996536254883
8070,2020-09-01 02:51:13.931932,4.52000822534237,4.557201385498047,3.1106996536254883
8071,2020-09-01 02:51:14.792212,4.52000822534237,4.557201385498047,3.0486366748809814
8072,2020-09-01 02:51:15.632126,4.54327424960924,4.609004974365234,3.0486366748809814
8073,2020-09-01 02:51:16.534394,4.54327424960924,4.609004974365234,3.0486366748809814
8074,2020-09-01 02:51:17.505190,4.54327424960924,4.609004974365234,3.0486366748809814
8075,2020-09-01 02:51:18.526194,4.54327424960924,4.609004974365234,3.0486366748809814
8076,2020-09-01 02:51:19.447681,4.55513957980868,4.635584831237793,3.016777515411377
8077,2020-09-01 02:51:20.265736,4.55513957980868,4.635584831237793,3.016777515411377
8078,2020-09-01 02:51:21.119384,4.55513957980868,4.635584831237793,3.016777515411377
8079,2020-09-01 02:51:21.947228,4.55513957980868,4.635584831237793,2.9865734577178955
8080,2020-09-01 02:51:22.858922,4.56695125319567,4.660796165466309,2.9865734577178955
8081,2020-09-01 02:51:23.698736,4.56695125319567,4.660796165466309,2.9865734577178955
8082,2020-09-01 02:51:24.666044,4.56695125319567,4.660796165466309,2.9865734577178955
8083,2020-09-01 02:51:25.434823,4.59117910695258,4.712589740753174,2.9245102405548096
8084,2020-09-01 02:51:26.432031,4.59117910695258,4.712589740753174,2.9245102405548096
8085,2020-09-01 02:51:27.306571,4.59117910695258,4.712589740753174,2.9245102405548096
8086,2020-09-01 02:51:28.166730,4.59117910695258,4.712589740753174,2.8624470233917236
8087,2020-09-01 02:51:29.101066,4.61531946648083,4.7643609046936035,2.8624470233917236
8088,2020-09-01 02:51:29.977650,4.61531946648083,4.7643609046936035,2.8624470233917236
8089,2020-09-01 02:51:30.813786,4.61531946648083,4.7643609046936035,2.9367246627807617
8090,2020-09-01 02:51:31.713605,4.60268391297299,4.815293788909912,2.9367246627807617
8091,2020-09-01 02:51:32.644222,4.60268391297299,4.815293788909912,2.9367246627807617
8092,2020-09-01 02:51:33.587970,4.60268391297299,4.815293788909912,2.9367246627807617
8093,2020-09-01 02:51:34.454215,4.59019850408856,4.866183757781982,3.0109171867370605
8094,2020-09-01 02:51:35.341878,4.59019850408856,4.866183757781982,3.0109171867370605
8095,2020-09-01 02:51:36.233961,4.59019850408856,4.866183757781982,3.0109171867370605
8096,2020-09-01 02:51:37.100089,4.59019850408856,4.866183757781982,3.085024356842041
8097,2020-09-01 02:51:37.925582,4.57786218232505,4.9170308113098145,3.085024356842041
8098,2020-09-01 02:51:38.941618,4.57786218232505,4.9170308113098145,3.085024356842041
8099,2020-09-01 02:51:39.890169,4.57786218232505,4.9170308113098145,3.1586856842041016
8100,2020-09-01 02:51:40.750540,4.56549673361019,4.967480659484863,3.1586856842041016
8101,2020-09-01 02:51:41.644997,4.56549673361019,4.967480659484863,3.1586856842041016
8102,2020-09-01 02:51:42.478303,4.56549673361019,4.967480659484863,3.1586856842041016
8103,2020-09-01 02:51:43.387214,4.55327779629175,4.967480659484863,3.232262372970581
8104,2020-09-01 02:51:44.303110,4.55327779629175,5.017888069152832,3.232262372970581
8105,2020-09-01 02:51:45.183514,4.55327779629175,5.017888069152832,3.232262372970581
8106,2020-09-01 02:51:46.106824,4.55327779629175,5.017888069152832,3.232262372970581
8107,2020-09-01 02:51:47.184245,4.54120433080412,5.0682525634765625,3.3057544231414795
8108,2020-09-01 02:51:48.114353,4.54120433080412,5.0682525634765625,3.3057544231414795
8109,2020-09-01 02:51:49.018938,4.54120433080412,5.0682525634765625,3.3057544231414795
8110,2020-09-01 02:51:49.955468,4.52927530316511,5.118574619293213,3.379161834716797
8111,2020-09-01 02:51:50.919686,4.52927530316511,5.118574619293213,3.379161834716797
8112,2020-09-01 02:51:51.876993,4.52927530316511,5.118574619293213,3.379161834716797
8113,2020-09-01 02:51:52.809836,4.52927530316511,5.118574619293213,3.452484607696533
8114,2020-09-01 02:51:53.713000,4.51748968497664,5.168854236602783,3.452484607696533
8115,2020-09-01 02:51:54.641074,4.51748968497664,5.168854236602783,3.452484607696533
8116,2020-09-01 02:51:55.549937,4.51748968497664,5.168854236602783,3.452484607696533
8117,2020-09-01 02:51:56.466879,4.50584645342695,5.219091415405273,3.5257232189178467
8118,2020-09-01 02:51:57.373255,4.50584645342695,5.219091415405273,3.5257232189178467
8119,2020-09-01 02:51:58.276311,4.50584645342695,5.219091415405273,3.5257232189178467
8120,2020-09-01 02:51:59.290404,4.49434459129476,5.269285678863525,3.598877429962158
8121,2020-09-01 02:52:00.134956,4.49434459129476,5.269285678863525,3.598877429962158
8122,2020-09-01 02:52:00.981869,4.49434459129476,5.269285678863525,3.598877429962158
8123,2020-09-01 02:52:01.870062,4.49434459129476,5.269285678863525,3.6719472408294678
8124,2020-09-01 02:52:02.718547,4.48298308695584,5.3194379806518555,3.6719472408294678
8125,2020-09-01 02:52:03.565396,4.48298308695584,5.3194379806518555,3.6719472408294678
8126,2020-09-01 02:52:04.517108,4.48298308695584,5.3194379806518555,3.7449331283569336
8127,2020-09-01 02:52:05.380234,4.4717609343928,5.3695478439331055,3.7449331283569336
8128,2020-09-01 02:52:06.220486,4.4717609343928,5.3695478439331055,3.7449331283569336
8129,2020-09-01 02:52:07.051515,4.4717609343928,5.3695478439331055,3.8178350925445557
8130,2020-09-01 02:52:08.056793,4.46067713320907,5.419615268707275,3.8178350925445557
8131,2020-09-01 02:52:08.991713,4.46067713320907,5.419615268707275,3.8178350925445557
8132,2020-09-01 02:52:09.832322,4.46067713320907,5.419615268707275,3.8178350925445557
8133,2020-09-01 02:52:10.688979,4.47560054900538,5.403428554534912,3.8913328647613525
8134,2020-09-01 02:52:11.646506,4.47560054900538,5.403428554534912,3.8913328647613525
8135,2020-09-01 02:52:12.551741,4.47560054900538,5.403428554534912,3.8913328647613525
8136,2020-09-01 02:52:13.400894,4.47560054900538,5.403428554534912,3.8913328647613525
8137,2020-09-01 02:52:14.328501,4.49048264512922,5.387241840362549,3.964768648147583
8138,2020-09-01 02:52:15.316449,4.49048264512922,5.387241840362549,3.964768648147583
8139,2020-09-01 02:52:16.190820,4.49048264512922,5.387241840362549,3.964768648147583
8140,2020-09-01 02:52:17.226941,4.50403870494222,5.368439674377441,4.019561290740967
8141,2020-09-01 02:52:18.139863,4.50403870494222,5.368439674377441,4.019561290740967
8142,2020-09-01 02:52:19.179889,4.50403870494222,5.368439674377441,4.019561290740967
8143,2020-09-01 02:52:20.073352,4.51754317262311,5.349637508392334,4.074309349060059
8144,2020-09-01 02:52:20.957332,4.51754317262311,5.349637508392334,4.074309349060059
8145,2020-09-01 02:52:21.806818,4.51754317262311,5.349637508392334,4.074309349060059
8146,2020-09-01 02:52:22.745685,4.53099649752654,5.330835342407227,4.1290130615234375
8147,2020-09-01 02:52:23.586122,4.53099649752654,5.330835342407227,4.1290130615234375
8148,2020-09-01 02:52:24.467589,4.53099649752654,5.330835342407227,4.1290130615234375
8149,2020-09-01 02:52:25.333265,4.54439912573314,5.312032699584961,4.183672904968262
8150,2020-09-01 02:52:26.230614,4.54439912573314,5.312032699584961,4.183672904968262
8151,2020-09-01 02:52:27.093950,4.54439912573314,5.312032699584961,4.183672904968262
8152,2020-09-01 02:52:28.054375,4.55775150006404,5.2932305335998535,4.238287925720215
8153,2020-09-01 02:52:28.933550,4.55775150006404,5.2932305335998535,4.238287925720215
8154,2020-09-01 02:52:29.871436,4.55775150006404,5.2932305335998535,4.238287925720215
8155,2020-09-01 02:52:30.792460,4.57105406009478,5.2932305335998535,4.292859077453613
8156,2020-09-01 02:52:31.694780,4.57105406009478,5.274428367614746,4.292859077453613
8157,2020-09-01 02:52:32.604511,4.57105406009478,5.274428367614746,4.292859077453613
8158,2020-09-01 02:52:33.479357,4.57105406009478,5.274428367614746,4.292859077453613
8159,2020-09-01 02:52:34.368917,4.58430724217121,5.255626201629639,4.347385883331299
8160,2020-09-01 02:52:35.233343,4.58430724217121,5.255626201629639,4.347385883331299
8161,2020-09-01 02:52:36.223563,4.58430724217121,5.255626201629639,4.347385883331299
8162,2020-09-01 02:52:37.093763,4.58430724217121,5.255626201629639,4.4018683433532715
8163,2020-09-01 02:52:38.007638,4.59751147942268,5.236823558807373,4.4018683433532715
8164,2020-09-01 02:52:38.916116,4.59751147942268,5.236823558807373,4.4018683433532715
8165,2020-09-01 02:52:39.831776,4.59751147942268,5.236823558807373,4.4018683433532715
8166,2020-09-01 02:52:40.709187,4.61066720177665,5.218021392822266,4.456306457519531
8167,2020-09-01 02:52:41.562457,4.61066720177665,5.218021392822266,4.456306457519531
8168,2020-09-01 02:52:42.382110,4.61066720177665,5.218021392822266,4.456306457519531
8169,2020-09-01 02:52:43.310551,4.61066720177665,5.218021392822266,4.456306457519531
8170,2020-09-01 02:52:44.286004,4.62377483597291,5.199219226837158,4.510700225830078
8171,2020-09-01 02:52:45.107945,4.62377483597291,5.199219226837158,4.510700225830078
8172,2020-09-01 02:52:45.958739,4.62377483597291,5.199219226837158,4.565049648284912
8173,2020-09-01 02:52:46.822329,4.63683480557765,5.180416584014893,4.565049648284912
8174,2020-09-01 02:52:47.709626,4.63683480557765,5.180416584014893,4.565049648284912
8175,2020-09-01 02:52:48.687123,4.63683480557765,5.180416584014893,4.619354248046875
8176,2020-09-01 02:52:49.501448,4.64984753099742,5.161614418029785,4.619354248046875
8177,2020-09-01 02:52:50.447809,4.64984753099742,5.161614418029785,4.619354248046875
8178,2020-09-01 02:52:51.385287,4.64984753099742,5.161614418029785,4.51978063583374
8179,2020-09-01 02:52:52.308002,4.69166227104594,5.132097244262695,4.51978063583374
8180,2020-09-01 02:52:53.120427,4.69166227104594,5.132097244262695,4.51978063583374
8181,2020-09-01 02:52:54.044717,4.73327265908253,5.1025800704956055,4.420207977294922
8182,2020-09-01 02:52:54.859590,4.73327265908253,5.1025800704956055,4.420207977294922
8183,2020-09-01 02:52:55.785761,4.73327265908253,5.1025800704956055,4.420207977294922
8184,2020-09-01 02:52:56.686019,4.73327265908253,5.1025800704956055,4.32063627243042
8185,2020-09-01 02:52:57.581960,4.7734671903177,5.073062896728516,4.32063627243042
8186,2020-09-01 02:52:58.460245,4.7734671903177,5.073062896728516,4.32063627243042
8187,2020-09-01 02:52:59.309784,4.7734671903177,5.073062896728516,4.221065998077393
8188,2020-09-01 02:53:00.226934,4.81339740299761,5.043545722961426,4.221065998077393
8189,2020-09-01 02:53:01.039991,4.81339740299761,5.043545722961426,4.221065998077393
8190,2020-09-01 02:53:01.929624,4.85306407413648,5.014028549194336,4.12149715423584
8191,2020-09-01 02:53:02.830701,4.85306407413648,5.014028549194336,4.12149715423584
8192,2020-09-01 02:53:03.660084,4.85306407413648,5.014028549194336,4.12149715423584
8193,2020-09-01 02:53:04.565412,4.85306407413648,5.014028549194336,4.0219292640686035
8194,2020-09-01 02:53:05.455679,4.89246798409488,4.984511375427246,4.0219292640686035
8195,2020-09-01 02:53:06.310564,4.89246798409488,4.984511375427246,4.0219292640686035
8196,2020-09-01 02:53:07.177984,4.89246798409488,4.984511375427246,4.0219292640686035
8197,2020-09-01 02:53:08.104949,4.93160991660353,4.954994201660156,3.922362804412842
8198,2020-09-01 02:53:08.990996,4.93160991660353,4.954994201660156,3.922362804412842
8199,2020-09-01 02:53:09.820588,4.93160991660353,4.954994201660156,3.922362804412842
8200,2020-09-01 02:53:10.636237,4.93160991660353,4.954994201660156,3.8227972984313965
8201,2020-09-01 02:53:11.501677,4.97049065878568,4.925477027893066,3.8227972984313965
8202,2020-09-01 02:53:12.393027,4.97049065878568,4.925477027893066,3.8227972984313965
8203,2020-09-01 02:53:13.263681,4.97049065878568,4.925477027893066,3.8227972984313965
8204,2020-09-01 02:53:14.154125,5.00911100124083,4.895959854125977,3.723233222961426
8205,2020-09-01 02:53:15.050018,5.00911100124083,4.895959854125977,3.723233222961426
8206,2020-09-01 02:53:15.926570,5.00911100124083,4.895959854125977,3.723233222961426
8207,2020-09-01 02:53:16.854477,5.00911100124083,4.895959854125977,3.6236701011657715
8208,2020-09-01 02:53:17.774196,5.04747173803862,4.866442680358887,3.6236701011657715
8209,2020-09-01 02:53:18.573808,5.04747173803862,4.866442680358887,3.6236701011657715
8210,2020-09-01 02:53:19.532176,5.04747173803862,4.866442680358887,3.6236701011657715
8211,2020-09-01 02:53:20.577651,5.08557366671069,4.866442680358887,3.524108409881592
8212,2020-09-01 02:53:21.512979,5.08557366671069,4.836925506591797,3.524108409881592
8213,2020-09-01 02:53:22.407524,5.08557366671069,4.836925506591797,3.524108409881592
8214,2020-09-01 02:53:23.337822,5.12341758827232,4.836925506591797,3.4245479106903076
8215,2020-09-01 02:53:24.141925,5.12341758827232,4.807408332824707,3.4245479106903076
8216,2020-09-01 02:53:24.982551,5.12341758827232,4.807408332824707,3.4245479106903076
8217,2020-09-01 02:53:25.795847,5.12341758827232,4.807408332824707,3.304175853729248
8218,2020-09-01 02:53:26.645762,5.15859454218662,4.772886276245117,3.304175853729248
8219,2020-09-01 02:53:27.502739,5.15859454218662,4.772886276245117,3.304175853729248
8220,2020-09-01 02:53:28.386957,5.15859454218662,4.772886276245117,3.183805465698242
8221,2020-09-01 02:53:29.293420,5.19349371511134,4.738363742828369,3.183805465698242
8222,2020-09-01 02:53:30.188640,5.19349371511134,4.738363742828369,3.183805465698242
8223,2020-09-01 02:53:31.004558,5.19349371511134,4.738363742828369,3.0634372234344482
8224,2020-09-01 02:53:31.847721,5.22811590717795,4.703841686248779,3.0634372234344482
8225,2020-09-01 02:53:32.800027,5.22811590717795,4.703841686248779,3.0634372234344482
8226,2020-09-01 02:53:33.618607,5.22811590717795,4.703841686248779,3.0634372234344482
8227,2020-09-01 02:53:34.533793,5.26246192246201,4.669319152832031,2.943070888519287
8228,2020-09-01 02:53:35.394934,5.26246192246201,4.669319152832031,2.943070888519287
8229,2020-09-01 02:53:36.250118,5.26246192246201,4.669319152832031,2.943070888519287
8230,2020-09-01 02:53:37.130545,5.26246192246201,4.669319152832031,2.943070888519287
8231,2020-09-01 02:53:37.995058,5.29653256905108,4.634797096252441,2.822706460952759
8232,2020-09-01 02:53:38.857434,5.29653256905108,4.634797096252441,2.822706460952759
8233,2020-09-01 02:53:39.788501,5.29653256905108,4.634797096252441,2.822706460952759
8234,2020-09-01 02:53:40.629840,5.33032865911163,4.600275039672852,2.7023439407348633
8235,2020-09-01 02:53:41.534667,5.33032865911163,4.600275039672852,2.7023439407348633
8236,2020-09-01 02:53:42.374260,5.33032865911163,4.600275039672852,2.7023439407348633
8237,2020-09-01 02:53:43.342195,5.33032865911163,4.600275039672852,2.7251429557800293
8238,2020-09-01 02:53:44.209424,5.32870457885581,4.5657525062561035,2.7251429557800293
8239,2020-09-01 02:53:45.066695,5.32870457885581,4.5657525062561035,2.7251429557800293
8240,2020-09-01 02:53:45.987977,5.32870457885581,4.5657525062561035,2.7251429557800293
8241,2020-09-01 02:53:46.829836,5.32698722668023,4.531230449676514,2.7479162216186523
8242,2020-09-01 02:53:47.794207,5.32698722668023,4.531230449676514,2.7479162216186523
8243,2020-09-01 02:53:48.701540,5.32698722668023,4.531230449676514,2.7479162216186523
8244,2020-09-01 02:53:49.618365,5.3251777561393,4.496707916259766,2.7706642150878906
8245,2020-09-01 02:53:50.516544,5.3251777561393,4.496707916259766,2.7706642150878906
8246,2020-09-01 02:53:51.456346,5.3251777561393,4.496707916259766,2.7706642150878906
8247,2020-09-01 02:53:52.374925,5.32327730402309,4.462185859680176,2.793386220932007
8248,2020-09-01 02:53:53.271560,5.32327730402309,4.462185859680176,2.793386220932007
8249,2020-09-01 02:53:54.186533,5.32327730402309,4.462185859680176,2.793386220932007
8250,2020-09-01 02:53:55.000464,5.3212869922437,4.462185859680176,2.81608247756958
8251,2020-09-01 02:53:55.852099,5.3212869922437,4.427663326263428,2.81608247756958
8252,2020-09-01 02:53:56.818813,5.3212869922437,4.427663326263428,2.81608247756958
8253,2020-09-01 02:53:57.759940,5.31920797533031,4.393141269683838,2.8387529850006104
8254,2020-09-01 02:53:58.599839,5.31920797533031,4.393141269683838,2.8387529850006104
8255,2020-09-01 02:53:59.512218,5.31920797533031,4.393141269683838,2.8387529850006104
8256,2020-09-01 02:54:00.459064,5.31512664721077,4.358306407928467,2.842816114425659
8257,2020-09-01 02:54:01.380100,5.31512664721077,4.358306407928467,2.842816114425659
8258,2020-09-01 02:54:02.276069,5.31512664721077,4.358306407928467,2.842816114425659
8259,2020-09-01 02:54:03.204105,5.31512664721077,4.358306407928467,2.846869945526123
8260,2020-09-01 02:54:04.084602,5.31095711109762,4.323471546173096,2.846869945526123
8261,2020-09-01 02:54:05.010472,5.31095711109762,4.323471546173096,2.846869945526123
8262,2020-09-01 02:54:05.873628,5.31095711109762,4.323471546173096,2.850914239883423
8263,2020-09-01 02:54:06.699677,5.30670041488496,4.288636684417725,2.850914239883423
8264,2020-09-01 02:54:07.582791,5.30670041488496,4.288636684417725,2.850914239883423
8265,2020-09-01 02:54:08.518187,5.30670041488496,4.288636684417725,2.850914239883423
8266,2020-09-01 02:54:09.440376,5.29567157514177,4.2538018226623535,2.8548312187194824
8267,2020-09-01 02:54:10.329690,5.29567157514177,4.2538018226623535,2.8548312187194824
8268,2020-09-01 02:54:11.192455,5.29567157514177,4.2538018226623535,2.8548312187194824
8269,2020-09-01 02:54:12.131194,5.28455872951014,4.218966960906982,2.8587305545806885
8270,2020-09-01 02:54:12.960906,5.28455872951014,4.218966960906982,2.8587305545806885
8271,2020-09-01 02:54:13.886180,5.28455872951014,4.218966960906982,2.862612247467041
8272,2020-09-01 02:54:14.782266,5.27336279904108,4.184132099151611,2.862612247467041
8273,2020-09-01 02:54:15.641556,5.27336279904108,4.184132099151611,2.862612247467041
8274,2020-09-01 02:54:16.603910,5.27336279904108,4.184132099151611,2.866476058959961
8275,2020-09-01 02:54:17.518711,5.26208469633062,4.14929723739624,2.866476058959961
8276,2020-09-01 02:54:18.407927,5.26208469633062,4.14929723739624,2.866476058959961
8277,2020-09-01 02:54:19.274801,5.26208469633062,4.14929723739624,2.866476058959961
8278,2020-09-01 02:54:20.228431,5.25072532560064,4.114462375640869,2.8703222274780273
8279,2020-09-01 02:54:21.097845,5.25072532560064,4.114462375640869,2.8703222274780273
8280,2020-09-01 02:54:21.899144,5.25072532560064,4.114462375640869,2.874150514602661
8281,2020-09-01 02:54:22.837912,5.23928558277859,4.079627513885498,2.874150514602661
8282,2020-09-01 02:54:23.765690,5.23928558277859,4.079627513885498,2.874150514602661
8283,2020-09-01 02:54:24.692623,5.23928558277859,4.079627513885498,2.874150514602661
8284,2020-09-01 02:54:25.616536,5.22776635557598,4.044792652130127,2.8779609203338623
8285,2020-09-01 02:54:26.571864,5.22776635557598,4.044792652130127,2.8779609203338623
8286,2020-09-01 02:54:27.403302,5.22776635557598,4.044792652130127,2.8779609203338623
8287,2020-09-01 02:54:28.356559,5.21616852356586,4.044792652130127,2.8817532062530518
8288,2020-09-01 02:54:29.210208,5.21616852356586,4.009957790374756,2.8817532062530518
8289,2020-09-01 02:54:30.102295,5.21616852356586,4.009957790374756,2.8817532062530518
8290,2020-09-01 02:54:30.976788,5.21616852356586,4.009957790374756,2.8817532062530518
8291,2020-09-01 02:54:31.938857,5.20449295825918,3.9751229286193848,2.8855276107788086
8292,2020-09-01 02:54:32.862574,5.20449295825918,3.9751229286193848,2.8855276107788086
8293,2020-09-01 02:54:33.821612,5.20449295825918,3.9751229286193848,2.8894615173339844
8294,2020-09-01 02:54:34.726703,5.19340510590179,3.9375193119049072,2.8894615173339844
8295,2020-09-01 02:54:35.630037,5.19340510590179,3.9375193119049072,2.8894615173339844
8296,2020-09-01 02:54:36.550479,5.19340510590179,3.9375193119049072,2.8894615173339844
8297,2020-09-01 02:54:37.516336,5.18223927531886,3.8999156951904297,2.8933777809143066
8298,2020-09-01 02:54:38.467686,5.18223927531886,3.8999156951904297,2.8933777809143066
8299,2020-09-01 02:54:39.295467,5.18223927531886,3.8999156951904297,2.8953402042388916
8300,2020-09-01 02:54:40.149508,5.17658032947379,3.880988597869873,2.8953402042388916
8301,2020-09-01 02:54:40.893849,5.17658032947379,3.880988597869873,2.8953402042388916
8302,2020-09-01 02:54:41.829101,5.17658032947379,3.880988597869873,2.8953402042388916
8303,2020-09-01 02:54:42.683419,5.17100038158019,3.862312078475952,2.8972725868225098
8304,2020-09-01 02:54:43.569579,5.17100038158019,3.862312078475952,2.8972725868225098
8305,2020-09-01 02:54:44.482027,5.17100038158019,3.862312078475952,2.8972725868225098
8306,2020-09-01 02:54:45.384673,5.15972786221656,3.8247084617614746,2.9011547565460205
8307,2020-09-01 02:54:46.201253,5.15972786221656,3.8247084617614746,2.9011547565460205
8308,2020-09-01 02:54:47.063097,5.15972786221656,3.8247084617614746,2.9011547565460205
8309,2020-09-01 02:54:47.956107,5.15972786221656,3.8247084617614746,2.9050192832946777
8310,2020-09-01 02:54:48.897965,5.14837979344227,3.787104845046997,2.9050192832946777
8311,2020-09-01 02:54:49.832854,5.14837979344227,3.787104845046997,2.9050192832946777
8312,2020-09-01 02:54:50.649143,5.15596143765052,3.7495012283325195,2.909090995788574
8313,2020-09-01 02:54:51.529689,5.15596143765052,3.7495012283325195,2.909090995788574
8314,2020-09-01 02:54:52.432629,5.15596143765052,3.7495012283325195,2.909090995788574
8315,2020-09-01 02:54:53.367753,5.15596143765052,3.7495012283325195,2.909090995788574
8316,2020-09-01 02:54:54.374494,5.16347237240215,3.711897611618042,2.9131650924682617
8317,2020-09-01 02:54:55.283854,5.16347237240215,3.711897611618042,2.9131650924682617
8318,2020-09-01 02:54:56.151472,5.16347237240215,3.711897611618042,2.9172418117523193
8319,2020-09-01 02:54:57.013121,5.17091316230416,3.6742939949035645,2.9172418117523193
8320,2020-09-01 02:54:57.848236,5.17091316230416,3.6742939949035645,2.9172418117523193
8321,2020-09-01 02:54:58.697486,5.17091316230416,3.6742939949035645,2.9172418117523193
8322,2020-09-01 02:54:59.651428,5.17828436929842,3.636690378189087,2.921320676803589
8323,2020-09-01 02:55:00.519170,5.17828436929842,3.636690378189087,2.921320676803589
8324,2020-09-01 02:55:01.456512,5.17828436929842,3.636690378189087,2.9254016876220703
8325,2020-09-01 02:55:02.373664,5.18558655267661,3.5990867614746094,2.9254016876220703
8326,2020-09-01 02:55:03.174955,5.18558655267661,3.5990867614746094,2.9254016876220703
8327,2020-09-01 02:55:04.029396,5.18558655267661,3.5990867614746094,2.9254016876220703
8328,2020-09-01 02:55:04.930762,5.19282026907608,3.561483383178711,2.9294850826263428
8329,2020-09-01 02:55:05.713199,5.19282026907608,3.561483383178711,2.9294850826263428
8330,2020-09-01 02:55:06.607808,5.19282026907608,3.561483383178711,2.9294850826263428
8331,2020-09-01 02:55:07.566286,5.19998607246642,3.5238797664642334,2.933570384979248
8332,2020-09-01 02:55:08.514288,5.19998607246642,3.5238797664642334,2.933570384979248
8333,2020-09-01 02:55:09.489738,5.19998607246642,3.5238797664642334,2.933570384979248
8334,2020-09-01 02:55:10.323197,5.20831611747784,3.491607904434204,2.951167583465576
8335,2020-09-01 02:55:11.179646,5.20831611747784,3.491607904434204,2.951167583465576
8336,2020-09-01 02:55:12.022301,5.20831611747784,3.491607904434204,2.951167583465576
8337,2020-09-01 02:55:12.950109,5.20831611747784,3.491607904434204,2.951167583465576
8338,2020-09-01 02:55:13.860843,5.21658903105498,3.459336042404175,2.9687540531158447
8339,2020-09-01 02:55:14.777377,5.21658903105498,3.459336042404175,2.9687540531158447
8340,2020-09-01 02:55:15.530222,5.21658903105498,3.459336042404175,2.9687540531158447
8341,2020-09-01 02:55:16.426595,5.21658903105498,3.459336042404175,2.986330032348633
8342,2020-09-01 02:55:17.317248,5.22480529753557,3.4270644187927246,2.986330032348633
8343,2020-09-01 02:55:18.250231,5.22480529753557,3.4270644187927246,2.986330032348633
8344,2020-09-01 02:55:19.170239,5.22480529753557,3.4270644187927246,3.0038950443267822
8345,2020-09-01 02:55:20.130896,5.23296539844185,3.3947925567626953,3.0038950443267822
8346,2020-09-01 02:55:21.018203,5.23296539844185,3.3947925567626953,3.0038950443267822
8347,2020-09-01 02:55:21.902382,5.23296539844185,3.3947925567626953,3.021449327468872
8348,2020-09-01 02:55:22.747712,5.2410698124767,3.362520694732666,3.021449327468872
8349,2020-09-01 02:55:23.540195,5.2410698124767,3.362520694732666,3.021449327468872
8350,2020-09-01 02:55:24.375134,5.2410698124767,3.362520694732666,3.021449327468872
8351,2020-09-01 02:55:25.229782,5.24911901551923,3.3302488327026367,3.0389931201934814
8352,2020-09-01 02:55:26.110653,5.24911901551923,3.3302488327026367,3.0389931201934814
8353,2020-09-01 02:55:26.970451,5.24911901551923,3.3302488327026367,3.0389931201934814
8354,2020-09-01 02:55:28.021412,5.25711348061959,3.2979772090911865,3.056525945663452
8355,2020-09-01 02:55:28.857040,5.25711348061959,3.2979772090911865,3.056525945663452
8356,2020-09-01 02:55:29.783206,5.25711348061959,3.2979772090911865,3.056525945663452
8357,2020-09-01 02:55:30.628982,5.2650536779926,3.2657053470611572,3.074047803878784
8358,2020-09-01 02:55:31.457417,5.2650536779926,3.2657053470611572,3.074047803878784
8359,2020-09-01 02:55:32.372915,5.2650536779926,3.2657053470611572,3.074047803878784
8360,2020-09-01 02:55:33.231787,5.2650536779926,3.2657053470611572,3.0915589332580566
8361,2020-09-01 02:55:34.102985,5.27294007500961,3.233433485031128,3.0915589332580566
8362,2020-09-01 02:55:34.946716,5.27294007500961,3.233433485031128,3.0915589332580566
8363,2020-09-01 02:55:35.810330,5.27294007500961,3.233433485031128,3.0915589332580566
8364,2020-09-01 02:55:36.732747,5.28077313618765,3.2011618614196777,3.1090590953826904
8365,2020-09-01 02:55:37.678334,5.28077313618765,3.2011618614196777,3.1090590953826904
8366,2020-09-01 02:55:38.559597,5.28077313618765,3.2011618614196777,3.1090590953826904
8367,2020-09-01 02:55:39.359805,5.28077313618765,3.2011618614196777,3.1265485286712646
8368,2020-09-01 02:55:40.264875,5.28855332317359,3.1688899993896484,3.1265485286712646
8369,2020-09-01 02:55:41.187466,5.28855332317359,3.1688899993896484,3.1265485286712646
8370,2020-09-01 02:55:42.102883,5.28855332317359,3.1688899993896484,3.1265485286712646
8371,2020-09-01 02:55:43.026855,5.29628109471913,3.136618137359619,3.144026756286621
8372,2020-09-01 02:55:44.003760,5.29628109471913,3.136618137359619,3.144026756286621
8373,2020-09-01 02:55:44.819016,5.29628109471913,3.136618137359619,3.144026756286621
8374,2020-09-01 02:55:45.699440,5.30551938903395,3.136618137359619,3.1667137145996094
8375,2020-09-01 02:55:46.575579,5.30551938903395,3.107133388519287,3.1667137145996094
8376,2020-09-01 02:55:47.474914,5.30551938903395,3.107133388519287,3.1667137145996094
8377,2020-09-01 02:55:48.389434,5.30551938903395,3.107133388519287,3.1893858909606934
8378,2020-09-01 02:55:49.245146,5.3147184433638,3.077648401260376,3.1893858909606934
8379,2020-09-01 02:55:49.979015,5.3147184433638,3.077648401260376,3.1893858909606934
8380,2020-09-01 02:55:50.874521,5.3147184433638,3.077648401260376,3.1893858909606934
8381,2020-09-01 02:55:51.670102,5.32387859690415,3.048163652420044,3.212043285369873
8382,2020-09-01 02:55:52.511371,5.32387859690415,3.048163652420044,3.212043285369873
8383,2020-09-01 02:55:53.296717,5.32387859690415,3.048163652420044,3.212043285369873
8384,2020-09-01 02:55:54.205846,5.33300018634368,3.048163652420044,3.2346861362457275
8385,2020-09-01 02:55:55.087978,5.33300018634368,3.018678665161133,3.2346861362457275
8386,2020-09-01 02:55:55.911307,5.33300018634368,3.018678665161133,3.2346861362457275
8387,2020-09-01 02:55:56.770894,5.33300018634368,3.018678665161133,3.2346861362457275
8388,2020-09-01 02:55:57.652245,5.34208354587967,2.989193916320801,3.2573142051696777
8389,2020-09-01 02:55:58.529900,5.34208354587967,2.989193916320801,3.2573142051696777
8390,2020-09-01 02:55:59.355310,5.34208354587967,2.989193916320801,3.2573142051696777
8391,2020-09-01 02:56:00.245515,5.3511290072333,2.9597089290618896,3.2799274921417236
8392,2020-09-01 02:56:01.096104,5.3511290072333,2.9597089290618896,3.2799274921417236
8393,2020-09-01 02:56:01.972535,5.3511290072333,2.9597089290618896,3.2799274921417236
8394,2020-09-01 02:56:02.854722,5.36013689966286,2.9302241802215576,3.3025262355804443
8395,2020-09-01 02:56:03.746779,5.36013689966286,2.9302241802215576,3.3025262355804443
8396,2020-09-01 02:56:04.725863,5.36013689966286,2.9302241802215576,3.3025262355804443
8397,2020-09-01 02:56:05.610231,5.36013689966286,2.9302241802215576,3.3242809772491455
8398,2020-09-01 02:56:06.456276,5.34092673657928,2.9736077785491943,3.3242809772491455
8399,2020-09-01 02:56:07.393728,5.34092673657928,2.9736077785491943,3.3242809772491455
8400,2020-09-01 02:56:08.331575,5.34092673657928,2.9736077785491943,3.3242809772491455
8401,2020-09-01 02:56:09.256503,5.32185280899579,3.016950845718384,3.345998764038086
8402,2020-09-01 02:56:10.115259,5.32185280899579,3.016950845718384,3.345998764038086
8403,2020-09-01 02:56:11.023556,5.32185280899579,3.016950845718384,3.345998764038086
8404,2020-09-01 02:56:11.872268,5.3029142314212,3.060253381729126,3.3676795959472656
8405,2020-09-01 02:56:12.756029,5.3029142314212,3.060253381729126,3.3676795959472656
8406,2020-09-01 02:56:13.650518,5.3029142314212,3.060253381729126,3.3676795959472656
8407,2020-09-01 02:56:14.491624,5.28411012316981,3.103515148162842,3.3893234729766846
8408,2020-09-01 02:56:15.365266,5.28411012316981,3.103515148162842,3.3893234729766846
8409,2020-09-01 02:56:16.216892,5.28411012316981,3.103515148162842,3.3893234729766846
8410,2020-09-01 02:56:17.026227,5.28411012316981,3.103515148162842,3.4109303951263428
8411,2020-09-01 02:56:17.911401,5.26543960834954,3.1467366218566895,3.4109303951263428
8412,2020-09-01 02:56:18.779893,5.26543960834954,3.1467366218566895,3.4109303951263428
8413,2020-09-01 02:56:19.626299,5.26543960834954,3.1467366218566895,3.4109303951263428
8414,2020-09-01 02:56:20.493771,5.26543960834954,3.1467366218566895,3.4486875534057617
8415,2020-09-01 02:56:21.460198,5.24789169515243,3.1905906200408936,3.4486875534057617
8416,2020-09-01 02:56:22.304474,5.24789169515243,3.1905906200408936,3.4486875534057617
8417,2020-09-01 02:56:23.162999,5.24789169515243,3.1905906200408936,3.4863927364349365
8418,2020-09-01 02:56:24.081888,5.23048268691132,3.2344048023223877,3.4863927364349365
8419,2020-09-01 02:56:24.872246,5.23048268691132,3.2344048023223877,3.4863927364349365
8420,2020-09-01 02:56:25.677248,5.23048268691132,3.2344048023223877,3.4863927364349365
8421,2020-09-01 02:56:26.649585,5.21321171424651,3.2781786918640137,3.524045705795288
8422,2020-09-01 02:56:27.501335,5.21321171424651,3.2781786918640137,3.524045705795288
8423,2020-09-01 02:56:28.375518,5.21321171424651,3.2781786918640137,3.524045705795288
8424,2020-09-01 02:56:29.197125,5.21321171424651,3.2781786918640137,3.5616469383239746
8425,2020-09-01 02:56:30.063023,5.19607791239901,3.3219127655029297,3.5616469383239746
8426,2020-09-01 02:56:30.940608,5.19607791239901,3.3219127655029297,3.5616469383239746
8427,2020-09-01 02:56:31.992321,5.17908042121744,3.3219127655029297,3.599196434020996
8428,2020-09-01 02:56:32.899665,5.17908042121744,3.3656070232391357,3.599196434020996
8429,2020-09-01 02:56:33.817040,5.17908042121744,3.3656070232391357,3.599196434020996
8430,2020-09-01 02:56:34.829488,5.17908042121744,3.3656070232391357,3.6366941928863525
8431,2020-09-01 02:56:35.678077,5.16221838514504,3.4092612266540527,3.6366941928863525
8432,2020-09-01 02:56:36.599443,5.16221838514504,3.4092612266540527,3.6366941928863525
8433,2020-09-01 02:56:37.480523,5.16221838514504,3.4092612266540527,3.674140453338623
8434,2020-09-01 02:56:38.394382,5.14549095320663,3.4528756141662598,3.674140453338623
8435,2020-09-01 02:56:39.286525,5.14549095320663,3.4528756141662598,3.674140453338623
8436,2020-09-01 02:56:40.191095,5.14549095320663,3.4528756141662598,3.7115354537963867
8437,2020-09-01 02:56:41.103848,5.12889727899552,3.496450424194336,3.7115354537963867
8438,2020-09-01 02:56:42.004025,5.12889727899552,3.496450424194336,3.7115354537963867
8439,2020-09-01 02:56:42.874032,5.12889727899552,3.496450424194336,3.7115354537963867
8440,2020-09-01 02:56:43.802380,5.11243652066037,3.5399856567382812,3.7488789558410645
8441,2020-09-01 02:56:44.717117,5.11243652066037,3.5399856567382812,3.7488789558410645
8442,2020-09-01 02:56:45.573442,5.11243652066037,3.5399856567382812,3.7488789558410645
8443,2020-09-01 02:56:46.501287,5.09610784089205,3.5834810733795166,3.7861711978912354
8444,2020-09-01 02:56:47.389502,5.09610784089205,3.5834810733795166,3.7861711978912354
8445,2020-09-01 02:56:48.292934,5.09610784089205,3.5834810733795166,3.7861711978912354
8446,2020-09-01 02:56:49.184982,5.0799104069105,3.626936912536621,3.8234121799468994
8447,2020-09-01 02:56:50.112783,5.0799104069105,3.626936912536621,3.8234121799468994
8448,2020-09-01 02:56:51.092499,5.0799104069105,3.626936912536621,3.8234121799468994
8449,2020-09-01 02:56:52.044135,5.06384339045147,3.626936912536621,3.860602378845215
8450,2020-09-01 02:56:52.893470,5.06384339045147,3.670353412628174,3.860602378845215
8451,2020-09-01 02:56:53.737313,5.06384339045147,3.670353412628174,3.860602378845215
8452,2020-09-01 02:56:54.629888,5.04777034329987,3.713608741760254,3.8906848430633545
8453,2020-09-01 02:56:55.443617,5.04777034329987,3.713608741760254,3.8906848430633545
8454,2020-09-01 02:56:56.339667,5.04777034329987,3.713608741760254,3.8906848430633545
8455,2020-09-01 02:56:57.100463,5.04777034329987,3.713608741760254,3.8906848430633545
8456,2020-09-01 02:56:57.969718,5.03182491656827,3.7568247318267822,3.9207234382629395
8457,2020-09-01 02:56:58.771719,5.03182491656827,3.7568247318267822,3.9207234382629395
8458,2020-09-01 02:56:59.716818,5.03182491656827,3.7568247318267822,3.9207234382629395
8459,2020-09-01 02:57:00.536256,5.03182491656827,3.7568247318267822,3.9207234382629395
8460,2020-09-01 02:57:01.355625,5.016006296192,3.800001382827759,3.950718402862549
8461,2020-09-01 02:57:02.336161,5.016006296192,3.800001382827759,3.950718402862549
8462,2020-09-01 02:57:03.172507,5.016006296192,3.800001382827759,3.950718402862549
8463,2020-09-01 02:57:04.019246,5.016006296192,3.800001382827759,3.9806699752807617
8464,2020-09-01 02:57:04.892381,5.00031367258973,3.8431386947631836,3.9806699752807617
8465,2020-09-01 02:57:05.780240,5.00031367258973,3.8431386947631836,3.9806699752807617
8466,2020-09-01 02:57:06.679425,5.00031367258973,3.8431386947631836,4.010578155517578
8467,2020-09-01 02:57:07.512376,4.98474624064976,3.8862369060516357,4.010578155517578
8468,2020-09-01 02:57:08.448520,4.98474624064976,3.8862369060516357,4.010578155517578
8469,2020-09-01 02:57:09.327159,4.98474624064976,3.8862369060516357,4.010578155517578
8470,2020-09-01 02:57:10.263284,4.96930319971642,3.929295539855957,4.040442943572998
8471,2020-09-01 02:57:11.122503,4.96930319971642,3.929295539855957,4.040442943572998
8472,2020-09-01 02:57:11.906894,4.96930319971642,3.929295539855957,4.040442943572998
8473,2020-09-01 02:57:12.737577,4.96930319971642,3.929295539855957,4.040442943572998
8474,2020-09-01 02:57:13.633842,4.95398375357644,3.9723153114318848,4.0702643394470215
8475,2020-09-01 02:57:14.481792,4.95398375357644,3.9723153114318848,4.0702643394470215
8476,2020-09-01 02:57:15.350221,4.95398375357644,3.9723153114318848,4.0702643394470215
8477,2020-09-01 02:57:16.252488,4.93878711044511,4.01529598236084,4.100042819976807
8478,2020-09-01 02:57:17.171659,4.93878711044511,4.01529598236084,4.100042819976807
8479,2020-09-01 02:57:18.161552,4.93878711044511,4.01529598236084,4.100042819976807
8480,2020-09-01 02:57:19.005999,4.92371248295262,4.058237075805664,4.1297783851623535
8481,2020-09-01 02:57:19.903225,4.92371248295262,4.058237075805664,4.1297783851623535
8482,2020-09-01 02:57:20.738871,4.92371248295262,4.058237075805664,4.1297783851623535
8483,2020-09-01 02:57:21.580237,4.92371248295262,4.058237075805664,4.1297783851623535
8484,2020-09-01 02:57:22.502947,4.90875908813025,4.101139545440674,4.159470558166504
8485,2020-09-01 02:57:23.402103,4.90875908813025,4.101139545440674,4.159470558166504
8486,2020-09-01 02:57:24.210022,4.90875908813025,4.101139545440674,4.159470558166504
8487,2020-09-01 02:57:25.074986,4.90875908813025,4.101139545440674,4.189120292663574
8488,2020-09-01 02:57:25.943155,4.8939261473965,4.144003391265869,4.189120292663574
8489,2020-09-01 02:57:26.803676,4.8939261473965,4.144003391265869,4.189120292663574
8490,2020-09-01 02:57:27.684888,4.8939261473965,4.144003391265869,4.189120292663574
8491,2020-09-01 02:57:28.489260,4.87921288654327,4.186828136444092,4.2187275886535645
8492,2020-09-01 02:57:29.305986,4.87921288654327,4.186828136444092,4.2187275886535645
8493,2020-09-01 02:57:30.197434,4.87921288654327,4.186828136444092,4.2187275886535645
8494,2020-09-01 02:57:31.099844,4.87921288654327,4.186828136444092,4.2187275886535645
8495,2020-09-01 02:57:31.972073,4.86541369357207,4.232930660247803,4.252293109893799
8496,2020-09-01 02:57:32.896411,4.86541369357207,4.232930660247803,4.252293109893799
8497,2020-09-01 02:57:33.815264,4.86541369357207,4.232930660247803,4.252293109893799
8498,2020-09-01 02:57:34.707715,4.85173304417548,4.278992652893066,4.285813331604004
8499,2020-09-01 02:57:35.588170,4.85173304417548,4.278992652893066,4.285813331604004
8500,2020-09-01 02:57:36.432084,4.85173304417548,4.278992652893066,4.285813331604004
8501,2020-09-01 02:57:37.341227,4.83817018308901,4.325014114379883,4.319287300109863
8502,2020-09-01 02:57:38.172725,4.83817018308901,4.325014114379883,4.319287300109863
8503,2020-09-01 02:57:39.051656,4.83817018308901,4.325014114379883,4.319287300109863
8504,2020-09-01 02:57:39.951024,4.83817018308901,4.325014114379883,4.319287300109863
8505,2020-09-01 02:57:40.779366,4.83817018308901,4.325014114379883,4.350041389465332
8506,2020-09-01 02:57:41.684246,4.82580002522843,4.367316722869873,4.350041389465332
8507,2020-09-01 02:57:42.620899,4.82580002522843,4.367316722869873,4.350041389465332
8508,2020-09-01 02:57:43.491222,4.82580002522843,4.367316722869873,4.350041389465332
8509,2020-09-01 02:57:44.457782,4.82489623618751,4.370995044708252,4.352716445922852
8510,2020-09-01 02:57:45.391542,4.82489623618751,4.370995044708252,4.352716445922852
8511,2020-09-01 02:57:46.254912,4.82489623618751,4.370995044708252,4.352716445922852
8512,2020-09-01 02:57:47.153177,4.81361028886452,4.416973114013672,4.386153697967529
8513,2020-09-01 02:57:48.054436,4.81361028886452,4.416973114013672,4.386153697967529
8514,2020-09-01 02:57:48.914774,4.81361028886452,4.416973114013672,4.386153697967529
8515,2020-09-01 02:57:49.790799,4.81361028886452,4.416973114013672,4.419547080993652
8516,2020-09-01 02:57:50.672283,4.80246705101123,4.462912082672119,4.419547080993652
8517,2020-09-01 02:57:51.538237,4.80246705101123,4.462912082672119,4.419547080993652
8518,2020-09-01 02:57:52.440769,4.80246705101123,4.462912082672119,4.419547080993652
8519,2020-09-01 02:57:53.313897,4.791465626852,4.50881290435791,4.452898025512695
8520,2020-09-01 02:57:54.171005,4.791465626852,4.50881290435791,4.452898025512695
8521,2020-09-01 02:57:55.093165,4.791465626852,4.50881290435791,4.452898025512695
8522,2020-09-01 02:57:55.890735,4.7806051249175,4.5546746253967285,4.4862060546875
8523,2020-09-01 02:57:56.833088,4.7806051249175,4.5546746253967285,4.4862060546875
8524,2020-09-01 02:57:57.688150,4.7806051249175,4.5546746253967285,4.4862060546875
8525,2020-09-01 02:57:58.668434,4.76988465803581,4.5546746253967285,4.519470691680908
8526,2020-09-01 02:57:59.531137,4.76988465803581,4.600498199462891,4.519470691680908
8527,2020-09-01 02:58:00.421293,4.76988465803581,4.600498199462891,4.519470691680908
8528,2020-09-01 02:58:01.297650,4.76988465803581,4.600498199462891,4.552692890167236
8529,2020-09-01 02:58:02.255981,4.75930334332351,4.646283149719238,4.552692890167236
8530,2020-09-01 02:58:03.169719,4.75930334332351,4.646283149719238,4.552692890167236
8531,2020-09-01 02:58:04.081122,4.74886030217682,4.6920294761657715,4.585872650146484
8532,2020-09-01 02:58:05.050019,4.74886030217682,4.6920294761657715,4.585872650146484
8533,2020-09-01 02:58:05.986466,4.74886030217682,4.6920294761657715,4.585872650146484
8534,2020-09-01 02:58:06.939901,4.7764807859013,4.6920294761657715,4.479905605316162
8535,2020-09-01 02:58:07.884089,4.7764807859013,4.738646984100342,4.479905605316162
8536,2020-09-01 02:58:08.710876,4.7764807859013,4.738646984100342,4.479905605316162
8537,2020-09-01 02:58:09.602325,4.7764807859013,4.738646984100342,4.479905605316162
8538,2020-09-01 02:58:10.458155,4.80416150359414,4.783261775970459,4.394235134124756
8539,2020-09-01 02:58:11.326013,4.80416150359414,4.783261775970459,4.394235134124756
8540,2020-09-01 02:58:12.279105,4.80416150359414,4.783261775970459,4.393077373504639
8541,2020-09-01 02:58:13.176680,4.80456240504724,4.783865928649902,4.393077373504639
8542,2020-09-01 02:58:13.961338,4.80456240504724,4.783865928649902,4.393077373504639
8543,2020-09-01 02:58:14.868328,4.80456240504724,4.783865928649902,4.393077373504639
8544,2020-09-01 02:58:15.759012,4.80456240504724,4.783865928649902,4.393077373504639
8545,2020-09-01 02:58:16.647043,4.80456240504724,4.783865928649902,4.393077373504639
8546,2020-09-01 02:58:17.554222,4.80456240504724,4.783865928649902,4.393077373504639
8547,2020-09-01 02:58:18.473795,4.80456240504724,4.783865928649902,4.393077373504639
8548,2020-09-01 02:58:19.324863,4.80456240504724,4.783865928649902,4.393077373504639
8549,2020-09-01 02:58:20.192278,4.80456240504724,4.783865928649902,4.393077373504639
8550,2020-09-01 02:58:21.121475,4.83462936209946,4.783865928649902,4.306249618530273
8551,2020-09-01 02:58:21.900787,4.83462936209946,4.8291473388671875,4.306249618530273
8552,2020-09-01 02:58:22.867858,4.83462936209946,4.8291473388671875,4.306249618530273
8553,2020-09-01 02:58:23.871520,4.86687014120812,4.874505043029785,4.219421863555908
8554,2020-09-01 02:58:24.733305,4.86687014120812,4.874505043029785,4.219421863555908
8555,2020-09-01 02:58:25.560480,4.86687014120812,4.874505043029785,4.219421863555908
8556,2020-09-01 02:58:26.471487,4.86687014120812,4.874505043029785,4.132594108581543
8557,2020-09-01 02:58:27.474004,4.89907429492048,4.919851779937744,4.132594108581543
8558,2020-09-01 02:58:28.397694,4.89907429492048,4.919851779937744,4.132594108581543
8559,2020-09-01 02:58:29.322154,4.89907429492048,4.919851779937744,4.132594108581543
8560,2020-09-01 02:58:30.310170,4.93124194289513,4.9651875495910645,4.045766830444336
8561,2020-09-01 02:58:31.211713,4.93124194289513,4.9651875495910645,4.045766830444336
8562,2020-09-01 02:58:31.962089,4.93124194289513,4.9651875495910645,4.045766830444336
8563,2020-09-01 02:58:32.854876,4.96337320429744,5.010512351989746,3.958940267562866
8564,2020-09-01 02:58:33.757994,4.96337320429744,5.010512351989746,3.958940267562866
8565,2020-09-01 02:58:34.725389,4.96337320429744,5.010512351989746,3.958940267562866
8566,2020-09-01 02:58:35.564343,4.99546819780107,5.010512351989746,3.872114896774292
8567,2020-09-01 02:58:36.419776,4.99546819780107,5.055826663970947,3.872114896774292
8568,2020-09-01 02:58:37.395202,4.99546819780107,5.055826663970947,3.872114896774292
8569,2020-09-01 02:58:38.229152,4.99546819780107,5.055826663970947,3.872114896774292
8570,2020-09-01 02:58:39.137747,4.99546819780107,5.055826663970947,3.785290479660034
8571,2020-09-01 02:58:39.908690,5.02752704158951,5.101129531860352,3.785290479660034
8572,2020-09-01 02:58:40.818455,5.02752704158951,5.101129531860352,3.785290479660034
8573,2020-09-01 02:58:41.699495,5.05954985335751,5.146421909332275,3.6984670162200928
8574,2020-09-01 02:58:42.582025,5.05954985335751,5.146421909332275,3.6984670162200928
8575,2020-09-01 02:58:43.519942,5.05954985335751,5.146421909332275,3.6984670162200928
8576,2020-09-01 02:58:44.429959,5.09153675031267,5.191702842712402,3.6116442680358887
8577,2020-09-01 02:58:45.273963,5.09153675031267,5.191702842712402,3.6116442680358887
8578,2020-09-01 02:58:46.238808,5.09153675031267,5.191702842712402,3.6116442680358887
8579,2020-09-01 02:58:47.199048,5.09153675031267,5.191702842712402,3.524822473526001
8580,2020-09-01 02:58:48.071454,5.1234878491769,5.236973285675049,3.524822473526001
8581,2020-09-01 02:58:48.915586,5.1234878491769,5.236973285675049,3.524822473526001
8582,2020-09-01 02:58:49.796214,5.1234878491769,5.236973285675049,3.524822473526001
8583,2020-09-01 02:58:50.680609,5.15540326618789,5.282232761383057,3.4380016326904297
8584,2020-09-01 02:58:51.472922,5.15540326618789,5.282232761383057,3.4380016326904297
8585,2020-09-01 02:58:52.365402,5.15540326618789,5.282232761383057,3.4380016326904297
8586,2020-09-01 02:58:53.257421,5.18607488226853,5.325387954711914,3.332879066467285
8587,2020-09-01 02:58:54.127028,5.18607488226853,5.325387954711914,3.332879066467285
8588,2020-09-01 02:58:55.018652,5.18607488226853,5.325387954711914,3.332879066467285
8589,2020-09-01 02:58:55.927848,5.21671115656888,5.368533134460449,3.227757692337036
8590,2020-09-01 02:58:56.795021,5.21671115656888,5.368533134460449,3.227757692337036
8591,2020-09-01 02:58:57.683828,5.21671115656888,5.368533134460449,3.227757692337036
8592,2020-09-01 02:58:58.518025,5.24731220870534,5.411667823791504,3.1226377487182617
8593,2020-09-01 02:58:59.414996,5.24731220870534,5.411667823791504,3.1226377487182617
8594,2020-09-01 02:59:00.327043,5.24731220870534,5.411667823791504,3.1226377487182617
8595,2020-09-01 02:59:01.265236,5.30016329077137,5.382729530334473,3.017519235610962
8596,2020-09-01 02:59:02.172356,5.30016329077137,5.382729530334473,3.017519235610962
8597,2020-09-01 02:59:03.077952,5.30016329077137,5.382729530334473,3.017519235610962
8598,2020-09-01 02:59:03.930505,5.35290352602816,5.3537917137146,2.9124021530151367
8599,2020-09-01 02:59:04.933263,5.35290352602816,5.3537917137146,2.9124021530151367
8600,2020-09-01 02:59:05.880690,5.35290352602816,5.3537917137146,2.9124021530151367
8601,2020-09-01 02:59:06.830582,5.40157791322342,5.3537917137146,2.807286500930786
8602,2020-09-01 02:59:07.774864,5.40157791322342,5.324853420257568,2.807286500930786
8603,2020-09-01 02:59:08.765987,5.40157791322342,5.324853420257568,2.807286500930786
8604,2020-09-01 02:59:09.711686,5.4501140235103,5.295915126800537,2.70217227935791
8605,2020-09-01 02:59:10.702767,5.4501140235103,5.295915126800537,2.70217227935791
8606,2020-09-01 02:59:11.600061,5.4501140235103,5.295915126800537,2.70217227935791
8607,2020-09-01 02:59:12.537862,5.46559614072878,5.266977310180664,2.739448308944702
8608,2020-09-01 02:59:13.487858,5.46559614072878,5.266977310180664,2.739448308944702
8609,2020-09-01 02:59:14.421930,5.46559614072878,5.266977310180664,2.739448308944702
8610,2020-09-01 02:59:15.349268,5.46559614072878,5.266977310180664,2.7767021656036377
8611,2020-09-01 02:59:16.226771,5.48106807973686,5.238039016723633,2.7767021656036377
8612,2020-09-01 02:59:17.227465,5.48106807973686,5.238039016723633,2.7767021656036377
8613,2020-09-01 02:59:18.261667,5.48106807973686,5.238039016723633,2.7767021656036377
8614,2020-09-01 02:59:19.254736,5.49652987939216,5.20910120010376,2.8139336109161377
8615,2020-09-01 02:59:20.174914,5.49652987939216,5.20910120010376,2.8139336109161377
8616,2020-09-01 02:59:21.051319,5.49652987939216,5.20910120010376,2.8139336109161377
8617,2020-09-01 02:59:22.041346,5.51198157828448,5.1801629066467285,2.851142406463623
8618,2020-09-01 02:59:22.984808,5.51198157828448,5.1801629066467285,2.851142406463623
8619,2020-09-01 02:59:23.829938,5.51198157828448,5.1801629066467285,2.851142406463623
8620,2020-09-01 02:59:24.890592,5.52742321473744,5.1801629066467285,2.888328790664673
8621,2020-09-01 02:59:25.847111,5.52742321473744,5.151224613189697,2.888328790664673
8622,2020-09-01 02:59:26.823054,5.52742321473744,5.151224613189697,2.888328790664673
8623,2020-09-01 02:59:27.867727,5.54331676847343,5.122753143310547,2.924783945083618
8624,2020-09-01 02:59:28.832437,5.54331676847343,5.122753143310547,2.924783945083618
8625,2020-09-01 02:59:29.758153,5.54331676847343,5.122753143310547,2.924783945083618
8626,2020-09-01 02:59:30.683939,5.54331676847343,5.122753143310547,2.9591012001037598
8627,2020-09-01 02:59:31.575182,5.49930666912965,5.0942816734313965,2.9591012001037598
8628,2020-09-01 02:59:32.520155,5.49930666912965,5.0942816734313965,2.9591012001037598
8629,2020-09-01 02:59:33.425113,5.49930666912965,5.0942816734313965,2.9591012001037598
8630,2020-09-01 02:59:34.283237,5.45532155347711,5.065809726715088,2.9933390617370605
8631,2020-09-01 02:59:35.239411,5.45532155347711,5.065809726715088,2.9933390617370605
8632,2020-09-01 02:59:36.059720,5.45532155347711,5.065809726715088,2.9933390617370605
8633,2020-09-01 02:59:36.868126,5.41136140934208,5.0373382568359375,3.0274970531463623
8634,2020-09-01 02:59:37.715534,5.41136140934208,5.0373382568359375,3.0274970531463623
8635,2020-09-01 02:59:38.663102,5.41136140934208,5.0373382568359375,3.0615756511688232
8636,2020-09-01 02:59:39.588118,5.36742622453166,5.008866786956787,3.0615756511688232
8637,2020-09-01 02:59:40.483639,5.36742622453166,5.008866786956787,3.0615756511688232
8638,2020-09-01 02:59:41.423825,5.3235159868337,4.980395317077637,3.0955748558044434
8639,2020-09-01 02:59:42.265698,5.3235159868337,4.980395317077637,3.0955748558044434
8640,2020-09-01 02:59:43.220373,5.3235159868337,4.980395317077637,3.0955748558044434
8641,2020-09-01 02:59:44.131388,5.27963068401681,4.951923370361328,3.1294944286346436
8642,2020-09-01 02:59:45.079482,5.27963068401681,4.951923370361328,3.1294944286346436
8643,2020-09-01 02:59:45.929568,5.27963068401681,4.951923370361328,3.1294944286346436
8644,2020-09-01 02:59:46.833162,5.23577030383035,4.951923370361328,3.163334608078003
8645,2020-09-01 02:59:47.689878,5.23577030383035,4.923451900482178,3.163334608078003
8646,2020-09-01 02:59:48.570363,5.23577030383035,4.923451900482178,3.163334608078003
8647,2020-09-01 02:59:49.522739,5.19193483400443,4.923451900482178,3.1970953941345215
8648,2020-09-01 02:59:50.326473,5.19193483400443,4.894980430603027,3.1970953941345215
8649,2020-09-01 02:59:51.142610,5.19193483400443,4.894980430603027,3.1970953941345215
8650,2020-09-01 02:59:52.086196,5.19193483400443,4.894980430603027,3.1970953941345215
8651,2020-09-01 02:59:52.938435,5.14812426224987,4.866508483886719,3.2307770252227783
8652,2020-09-01 02:59:53.825956,5.14812426224987,4.866508483886719,3.2307770252227783
8653,2020-09-01 02:59:54.668024,5.14812426224987,4.866508483886719,3.2307770252227783
8654,2020-09-01 02:59:55.568567,5.1043385762582,4.838037014007568,3.2643790245056152
8655,2020-09-01 02:59:56.471387,5.1043385762582,4.838037014007568,3.2643790245056152
8656,2020-09-01 02:59:57.348222,5.1043385762582,4.838037014007568,3.2643790245056152
8657,2020-09-01 02:59:58.273771,5.1043385762582,4.838037014007568,3.2979021072387695
8658,2020-09-01 02:59:59.085986,5.06057776370167,4.809565544128418,3.2979021072387695
8659,2020-09-01 02:59:59.985046,5.06057776370167,4.809565544128418,3.2979021072387695
8660,2020-09-01 03:00:00.882449,5.06057776370167,4.809565544128418,3.2979021072387695
8661,2020-09-01 03:00:01.742814,5.06057776370167,4.809565544128418,3.3329899311065674
8662,2020-09-01 03:00:02.673774,5.01688750167627,4.784219741821289,3.3329899311065674
8663,2020-09-01 03:00:03.575690,5.01688750167627,4.784219741821289,3.3329899311065674
8664,2020-09-01 03:00:04.552453,4.97322258834427,4.758874416351318,3.36799693107605
8665,2020-09-01 03:00:05.487244,4.97322258834427,4.758874416351318,3.36799693107605
8666,2020-09-01 03:00:06.392488,4.97322258834427,4.758874416351318,3.36799693107605
8667,2020-09-01 03:00:07.322685,4.97322258834427,4.758874416351318,3.402923345565796
8668,2020-09-01 03:00:08.263295,4.92958301149088,4.7335286140441895,3.402923345565796
8669,2020-09-01 03:00:09.180679,4.92958301149088,4.7335286140441895,3.402923345565796
8670,2020-09-01 03:00:10.061673,4.92958301149088,4.7335286140441895,3.402923345565796
8671,2020-09-01 03:00:10.956280,4.88596875888126,4.708183288574219,3.4377689361572266
8672,2020-09-01 03:00:11.827681,4.88596875888126,4.708183288574219,3.4377689361572266
8673,2020-09-01 03:00:12.759266,4.88596875888126,4.708183288574219,3.4377689361572266
8674,2020-09-01 03:00:13.549001,4.84237981826058,4.68283748626709,3.472533941268921
8675,2020-09-01 03:00:14.506797,4.84237981826058,4.68283748626709,3.472533941268921
8676,2020-09-01 03:00:15.470800,4.84237981826058,4.68283748626709,3.472533941268921
8677,2020-09-01 03:00:16.330122,4.84237981826058,4.68283748626709,3.489182472229004
8678,2020-09-01 03:00:17.226527,4.8214692706254,4.670671463012695,3.489182472229004
8679,2020-09-01 03:00:18.090662,4.8214692706254,4.670671463012695,3.489182472229004
8680,2020-09-01 03:00:18.994066,4.8214692706254,4.670671463012695,3.489182472229004
8681,2020-09-01 03:00:19.905609,4.79882248767125,4.657491683959961,3.5071980953216553
8682,2020-09-01 03:00:20.837188,4.79882248767125,4.657491683959961,3.5071980953216553
8683,2020-09-01 03:00:21.737960,4.79882248767125,4.657491683959961,3.5071980953216553
8684,2020-09-01 03:00:22.622594,4.7552841256414,4.63214635848999,3.541801929473877
8685,2020-09-01 03:00:23.633968,4.7552841256414,4.63214635848999,3.541801929473877
8686,2020-09-01 03:00:24.591411,4.7552841256414,4.63214635848999,3.541801929473877
8687,2020-09-01 03:00:25.532339,4.7552841256414,4.63214635848999,3.5763251781463623
8688,2020-09-01 03:00:26.344330,4.7117710387198,4.606800556182861,3.5763251781463623
8689,2020-09-01 03:00:27.299124,4.7117710387198,4.606800556182861,3.5763251781463623
8690,2020-09-01 03:00:28.205923,4.7117710387198,4.606800556182861,3.5763251781463623
8691,2020-09-01 03:00:29.101751,4.66828321457137,4.581455230712891,3.6107678413391113
8692,2020-09-01 03:00:30.021781,4.66828321457137,4.581455230712891,3.6107678413391113
8693,2020-09-01 03:00:30.853286,4.66828321457137,4.581455230712891,3.6107678413391113
8694,2020-09-01 03:00:31.824385,4.66828321457137,4.581455230712891,3.645130157470703
8695,2020-09-01 03:00:32.793184,4.62482064084094,4.556109428405762,3.645130157470703
8696,2020-09-01 03:00:33.677892,4.62482064084094,4.556109428405762,3.645130157470703
8697,2020-09-01 03:00:34.660255,4.62482064084094,4.556109428405762,3.6794118881225586
8698,2020-09-01 03:00:35.612899,4.5813833051532,4.530764102935791,3.6794118881225586
8699,2020-09-01 03:00:36.569774,4.5813833051532,4.530764102935791,3.6794118881225586
8700,2020-09-01 03:00:37.514204,4.5813833051532,4.530764102935791,3.6794118881225586
8701,2020-09-01 03:00:38.319816,4.53797119511276,4.505418300628662,3.713613271713257
8702,2020-09-01 03:00:39.241559,4.53797119511276,4.505418300628662,3.713613271713257
8703,2020-09-01 03:00:40.082455,4.53797119511276,4.505418300628662,3.713613271713257
8704,2020-09-01 03:00:41.009245,4.53797119511276,4.505418300628662,3.741645574569702
8705,2020-09-01 03:00:41.906289,4.49442032512989,4.4774651527404785,3.741645574569702
8706,2020-09-01 03:00:42.866068,4.49442032512989,4.4774651527404785,3.741645574569702
8707,2020-09-01 03:00:43.691865,4.49442032512989,4.4774651527404785,3.769603729248047
8708,2020-09-01 03:00:44.648179,4.45089278556402,4.449512004852295,3.769603729248047
8709,2020-09-01 03:00:45.511490,4.45089278556402,4.449512004852295,3.769603729248047
8710,2020-09-01 03:00:46.450818,4.45089278556402,4.449512004852295,3.769603729248047
8711,2020-09-01 03:00:47.334540,4.40738856341694,4.421558856964111,3.797487258911133
8712,2020-09-01 03:00:48.324237,4.40738856341694,4.421558856964111,3.797487258911133
8713,2020-09-01 03:00:49.216954,4.40738856341694,4.421558856964111,3.797487258911133
8714,2020-09-01 03:00:50.179394,4.40738856341694,4.421558856964111,3.797487258911133
8715,2020-09-01 03:00:51.104078,4.36390764567302,4.393605709075928,3.8252968788146973
8716,2020-09-01 03:00:52.053994,4.36390764567302,4.393605709075928,3.8252968788146973
8717,2020-09-01 03:00:52.945527,4.36390764567302,4.393605709075928,3.8252968788146973
8718,2020-09-01 03:00:53.867524,4.32045001929919,4.393605709075928,3.853031873703003
8719,2020-09-01 03:00:54.734309,4.32045001929919,4.365652561187744,3.853031873703003
8720,2020-09-01 03:00:55.590606,4.32045001929919,4.365652561187744,3.853031873703003
8721,2020-09-01 03:00:56.558418,4.32045001929919,4.365652561187744,3.853031873703003
8722,2020-09-01 03:00:57.394289,4.27701567124491,4.3376994132995605,3.880692958831787
8723,2020-09-01 03:00:58.258610,4.27701567124491,4.3376994132995605,3.880692958831787
8724,2020-09-01 03:00:59.158362,4.27701567124491,4.3376994132995605,3.880692958831787
8725,2020-09-01 03:00:59.983019,4.27701567124491,4.3376994132995605,3.9082796573638916
8726,2020-09-01 03:01:00.919484,4.23360458844223,4.309746265411377,3.9082796573638916
8727,2020-09-01 03:01:01.735035,4.23360458844223,4.309746265411377,3.9082796573638916
8728,2020-09-01 03:01:02.622098,4.19021675780574,4.281793117523193,3.9357924461364746
8729,2020-09-01 03:01:03.558053,4.19021675780574,4.281793117523193,3.9357924461364746
8730,2020-09-01 03:01:04.427750,4.19021675780574,4.281793117523193,3.9357924461364746
8731,2020-09-01 03:01:05.382736,4.14685216623259,4.25383996963501,3.963231086730957
8732,2020-09-01 03:01:06.275348,4.14685216623259,4.25383996963501,3.963231086730957
8733,2020-09-01 03:01:07.180967,4.14685216623259,4.25383996963501,3.963231086730957
8734,2020-09-01 03:01:08.142377,4.14685216623259,4.25383996963501,3.990595817565918
8735,2020-09-01 03:01:09.039799,4.10351080060246,4.225886821746826,3.990595817565918
8736,2020-09-01 03:01:09.969098,4.10351080060246,4.225886821746826,3.990595817565918
8737,2020-09-01 03:01:10.857261,4.06019264777758,4.197933673858643,4.017886638641357
8738,2020-09-01 03:01:11.750398,4.06019264777758,4.197933673858643,4.017886638641357
8739,2020-09-01 03:01:12.558849,4.06019264777758,4.197933673858643,4.017886638641357
8740,2020-09-01 03:01:13.416272,4.01689769460275,4.197933673858643,4.045103073120117
8741,2020-09-01 03:01:14.273843,4.01689769460275,4.169980049133301,4.045103073120117
8742,2020-09-01 03:01:15.172485,4.01689769460275,4.169980049133301,4.045103073120117
8743,2020-09-01 03:01:16.121993,4.01689769460275,4.169980049133301,4.063673496246338
8744,2020-09-01 03:01:17.016619,3.97341728444518,4.141512393951416,4.063673496246338
8745,2020-09-01 03:01:17.921676,3.97341728444518,4.141512393951416,4.063673496246338
8746,2020-09-01 03:01:18.854414,3.97341728444518,4.141512393951416,4.082178115844727
8747,2020-09-01 03:01:19.745697,3.92995738412669,4.113044738769531,4.082178115844727
8748,2020-09-01 03:01:20.593086,3.92995738412669,4.113044738769531,4.082178115844727
8749,2020-09-01 03:01:21.385705,3.92995738412669,4.113044738769531,4.082178115844727
8750,2020-09-01 03:01:22.254328,3.88651798007201,4.084576606750488,4.1006178855896
8751,2020-09-01 03:01:23.143068,3.88651798007201,4.084576606750488,4.1006178855896
8752,2020-09-01 03:01:24.066134,3.88651798007201,4.084576606750488,4.1006178855896
8753,2020-09-01 03:01:25.045706,3.84309905869277,4.0561089515686035,4.118991851806641
8754,2020-09-01 03:01:25.906981,3.84309905869277,4.0561089515686035,4.118991851806641
8755,2020-09-01 03:01:26.785965,3.84309905869277,4.0561089515686035,4.118991851806641
8756,2020-09-01 03:01:27.666129,3.84309905869277,4.0561089515686035,4.118991851806641
8757,2020-09-01 03:01:28.540828,3.79970060638759,4.0276408195495605,4.137300968170166
8758,2020-09-01 03:01:29.361779,3.79970060638759,4.0276408195495605,4.137300968170166
8759,2020-09-01 03:01:30.134542,3.79970060638759,4.0276408195495605,4.137300968170166
8760,2020-09-01 03:01:31.006593,3.75632260954204,3.999173164367676,4.155544757843018
8761,2020-09-01 03:01:31.889951,3.75632260954204,3.999173164367676,4.155544757843018
8762,2020-09-01 03:01:32.771973,3.75632260954204,3.999173164367676,4.155544757843018
8763,2020-09-01 03:01:33.725452,3.71296505452865,3.999173164367676,4.1737236976623535
8764,2020-09-01 03:01:34.598348,3.71296505452865,3.970705270767212,4.1737236976623535
8765,2020-09-01 03:01:35.517722,3.71296505452865,3.970705270767212,4.1737236976623535
8766,2020-09-01 03:01:36.503115,3.66962792770697,3.942237377166748,4.191836833953857
8767,2020-09-01 03:01:37.430173,3.66962792770697,3.942237377166748,4.191836833953857
8768,2020-09-01 03:01:38.301682,3.66962792770697,3.942237377166748,4.191836833953857
8769,2020-09-01 03:01:39.162336,3.62631121542353,3.942237377166748,4.209885597229004
8770,2020-09-01 03:01:39.968454,3.62631121542353,3.913769483566284,4.209885597229004
8771,2020-09-01 03:01:40.884397,3.62631121542353,3.913769483566284,4.209885597229004
8772,2020-09-01 03:01:41.876439,3.62631121542353,3.913769483566284,4.227869033813477
8773,2020-09-01 03:01:42.765560,3.58301490401185,3.8853015899658203,4.227869033813477
8774,2020-09-01 03:01:43.608972,3.58301490401185,3.8853015899658203,4.227869033813477
8775,2020-09-01 03:01:44.506240,3.58301490401185,3.8853015899658203,4.227869033813477
8776,2020-09-01 03:01:45.382033,3.53973897979249,3.8568336963653564,4.245787620544434
8777,2020-09-01 03:01:46.190666,3.53973897979249,3.8568336963653564,4.245787620544434
8778,2020-09-01 03:01:47.058790,3.53973897979249,3.8568336963653564,4.245787620544434
8779,2020-09-01 03:01:47.948891,3.49648342907302,3.8283658027648926,4.263640880584717
8780,2020-09-01 03:01:48.765337,3.49648342907302,3.8283658027648926,4.263640880584717
8781,2020-09-01 03:01:49.727221,3.49648342907302,3.8283658027648926,4.263640880584717
8782,2020-09-01 03:01:50.651730,3.49648342907302,3.8283658027648926,4.3009467124938965
8783,2020-09-01 03:01:51.559647,3.4537568417077,3.801377773284912,4.3009467124938965
8784,2020-09-01 03:01:52.487905,3.4537568417077,3.801377773284912,4.3009467124938965
8785,2020-09-01 03:01:53.409194,3.4537568417077,3.801377773284912,4.3009467124938965
8786,2020-09-01 03:01:54.301602,3.41105670628072,3.7743895053863525,4.338167667388916
8787,2020-09-01 03:01:55.120521,3.41105670628072,3.7743895053863525,4.338167667388916
8788,2020-09-01 03:01:56.001011,3.41105670628072,3.7743895053863525,4.338167667388916
8789,2020-09-01 03:01:56.869353,3.36838301048184,3.747401475906372,4.375304698944092
8790,2020-09-01 03:01:57.737390,3.36838301048184,3.747401475906372,4.375304698944092
8791,2020-09-01 03:01:58.585471,3.36838301048184,3.747401475906372,4.375304698944092
8792,2020-09-01 03:01:59.480772,3.36838301048184,3.747401475906372,4.375304698944092
8793,2020-09-01 03:02:00.367900,3.32573574197828,3.7204132080078125,4.412357330322266
8794,2020-09-01 03:02:01.255233,3.32573574197828,3.7204132080078125,4.412357330322266
8795,2020-09-01 03:02:02.144542,3.32573574197828,3.7204132080078125,4.412357330322266
8796,2020-09-01 03:02:03.082959,3.28311488841473,3.693425178527832,4.449326038360596
8797,2020-09-01 03:02:03.942084,3.28311488841473,3.693425178527832,4.449326038360596
8798,2020-09-01 03:02:04.820488,3.28311488841473,3.693425178527832,4.449326038360596
8799,2020-09-01 03:02:05.801939,3.24052043741334,3.6664369106292725,4.486210346221924
8800,2020-09-01 03:02:06.587060,3.24052043741334,3.6664369106292725,4.486210346221924
8801,2020-09-01 03:02:07.537632,3.24052043741334,3.6664369106292725,4.486210346221924
8802,2020-09-01 03:02:08.384334,3.24052043741334,3.6664369106292725,4.523010730743408
8803,2020-09-01 03:02:09.259229,3.19795237657365,3.639448881149292,4.523010730743408
8804,2020-09-01 03:02:10.189731,3.19795237657365,3.639448881149292,4.523010730743408
8805,2020-09-01 03:02:11.114923,3.19795237657365,3.639448881149292,4.523010730743408
8806,2020-09-01 03:02:12.116852,3.15541069347265,3.6124606132507324,4.559727191925049
8807,2020-09-01 03:02:12.893222,3.15541069347265,3.6124606132507324,4.559727191925049
8808,2020-09-01 03:02:13.758668,3.15541069347265,3.6124606132507324,4.5963592529296875
8809,2020-09-01 03:02:14.678666,3.11289537566468,3.585472583770752,4.5963592529296875
8810,2020-09-01 03:02:15.469597,3.11289537566468,3.585472583770752,4.5963592529296875
8811,2020-09-01 03:02:16.390408,3.11289537566468,3.585472583770752,4.5963592529296875
8812,2020-09-01 03:02:17.221641,3.11289537566468,3.5584843158721924,4.497501850128174
8813,2020-09-01 03:02:18.112279,3.11289537566468,3.5584843158721924,4.497501850128174
8814,2020-09-01 03:02:18.953269,3.11289537566468,3.5584843158721924,4.497501850128174
8815,2020-09-01 03:02:19.852860,3.11289537566468,3.5584843158721924,4.497501850128174
8816,2020-09-01 03:02:20.872361,3.11289537566468,3.531496286392212,4.398646354675293
8817,2020-09-01 03:02:21.766816,3.11289537566468,3.531496286392212,4.398646354675293
8818,2020-09-01 03:02:22.634282,3.11289537566468,3.531496286392212,4.398646354675293
8819,2020-09-01 03:02:23.545580,3.11289537566468,3.5045080184936523,4.29979133605957
8820,2020-09-01 03:02:24.416349,3.11289537566468,3.5045080184936523,4.29979133605957
8821,2020-09-01 03:02:25.328334,3.11289537566468,3.5045080184936523,4.29979133605957
8822,2020-09-01 03:02:26.185565,3.11289537566468,3.5045080184936523,4.202049732208252
8823,2020-09-01 03:02:27.043799,3.11289537566468,3.4813666343688965,4.202049732208252
8824,2020-09-01 03:02:27.871982,3.11289537566468,3.4813666343688965,4.202049732208252
8825,2020-09-01 03:02:28.734963,3.11289537566468,3.4813666343688965,4.202049732208252
8826,2020-09-01 03:02:29.659279,3.11289537566468,3.4582252502441406,4.10430908203125
8827,2020-09-01 03:02:30.513705,3.11289537566468,3.4582252502441406,4.10430908203125
8828,2020-09-01 03:02:31.415450,3.11289537566468,3.4582252502441406,4.10430908203125
8829,2020-09-01 03:02:32.388226,3.11289537566468,3.4582252502441406,4.0065693855285645
8830,2020-09-01 03:02:33.174194,3.11289537566468,3.4350838661193848,4.0065693855285645
8831,2020-09-01 03:02:33.987814,3.11289537566468,3.4350838661193848,4.0065693855285645
8832,2020-09-01 03:02:34.933577,3.11289537566468,3.4350838661193848,4.0065693855285645
8833,2020-09-01 03:02:35.871019,3.11289537566468,3.41194224357605,3.9088313579559326
8834,2020-09-01 03:02:36.800570,3.11289537566468,3.41194224357605,3.9088313579559326
8835,2020-09-01 03:02:37.720248,3.11289537566468,3.41194224357605,3.9088313579559326
8836,2020-09-01 03:02:38.539867,3.11289537566468,3.388800859451294,3.811094284057617
8837,2020-09-01 03:02:39.440092,3.11289537566468,3.388800859451294,3.811094284057617
8838,2020-09-01 03:02:40.357822,3.11289537566468,3.388800859451294,3.811094284057617
8839,2020-09-01 03:02:41.172010,3.11289537566468,3.388800859451294,3.811094284057617
8840,2020-09-01 03:02:42.105785,3.11289537566468,3.365659475326538,3.713358163833618
8841,2020-09-01 03:02:42.990462,3.11289537566468,3.365659475326538,3.713358163833618
8842,2020-09-01 03:02:43.922455,3.11289537566468,3.365659475326538,3.713358163833618
8843,2020-09-01 03:02:44.756463,3.11289537566468,3.3425180912017822,3.6156234741210938
8844,2020-09-01 03:02:45.651331,3.11289537566468,3.3425180912017822,3.6156234741210938
8845,2020-09-01 03:02:46.549150,3.11289537566468,3.3425180912017822,3.6156234741210938
8846,2020-09-01 03:02:47.396933,3.11289537566468,3.3425180912017822,3.5178897380828857
8847,2020-09-01 03:02:48.304636,3.11289537566468,3.3193767070770264,3.5178897380828857
8848,2020-09-01 03:02:49.192692,3.11289537566468,3.3193767070770264,3.5178897380828857
8849,2020-09-01 03:02:50.105756,3.11289537566468,3.3193767070770264,3.5178897380828857
8850,2020-09-01 03:02:51.001070,3.11289537566468,3.2962353229522705,3.4201574325561523
8851,2020-09-01 03:02:51.837591,3.11289537566468,3.2962353229522705,3.4201574325561523
8852,2020-09-01 03:02:52.729698,3.11289537566468,3.2962353229522705,3.3224260807037354
8853,2020-09-01 03:02:53.559964,3.11289537566468,3.2730939388275146,3.3224260807037354
8854,2020-09-01 03:02:54.416691,3.11289537566468,3.2730939388275146,3.3224260807037354
8855,2020-09-01 03:02:55.283977,3.11289537566468,3.2730939388275146,3.3224260807037354
8856,2020-09-01 03:02:56.070281,3.11289537566468,3.2730939388275146,3.224696159362793
8857,2020-09-01 03:02:56.939680,3.11289537566468,3.2499523162841797,3.224696159362793
8858,2020-09-01 03:02:57.865719,3.11289537566468,3.2499523162841797,3.224696159362793
8859,2020-09-01 03:02:58.669094,3.11289537566468,3.2499523162841797,3.126967191696167
8860,2020-09-01 03:02:59.559171,3.11289537566468,3.226810932159424,3.126967191696167
8861,2020-09-01 03:03:00.415972,3.11289537566468,3.226810932159424,3.126967191696167
8862,2020-09-01 03:03:01.405939,3.11289537566468,3.226810932159424,3.047302484512329
8863,2020-09-01 03:03:02.328813,3.11289537566468,3.2047126293182373,3.047302484512329
8864,2020-09-01 03:03:03.221861,3.11289537566468,3.2047126293182373,3.047302484512329
8865,2020-09-01 03:03:04.096301,3.11289537566468,3.2047126293182373,2.9676384925842285
8866,2020-09-01 03:03:04.989185,3.11289537566468,3.182614326477051,2.9676384925842285
8867,2020-09-01 03:03:05.854751,3.11289537566468,3.182614326477051,2.9676384925842285
8868,2020-09-01 03:03:06.697589,3.11289537566468,3.182614326477051,2.9676384925842285
8869,2020-09-01 03:03:07.529338,3.11289537566468,3.1605160236358643,2.8879752159118652
8870,2020-09-01 03:03:08.410546,3.11289537566468,3.1605160236358643,2.8879752159118652
8871,2020-09-01 03:03:09.288649,3.11289537566468,3.1605160236358643,2.8879752159118652
8872,2020-09-01 03:03:10.135768,3.11289537566468,3.1384177207946777,2.8083126544952393
8873,2020-09-01 03:03:11.005717,3.11289537566468,3.1384177207946777,2.8083126544952393
8874,2020-09-01 03:03:11.874903,3.11289537566468,3.1384177207946777,2.8083126544952393
8875,2020-09-01 03:03:12.639280,3.11289537566468,3.1384177207946777,2.8641395568847656
8876,2020-09-01 03:03:13.497752,3.07038029497605,3.116319417953491,2.8641395568847656
8877,2020-09-01 03:03:14.496399,3.07038029497605,3.116319417953491,2.8641395568847656
8878,2020-09-01 03:03:15.381041,3.07038029497605,3.116319417953491,2.8641395568847656
8879,2020-09-01 03:03:16.243739,3.0278972152539,3.0942211151123047,2.9198646545410156
8880,2020-09-01 03:03:17.111002,3.0278972152539,3.0942211151123047,2.9198646545410156
8881,2020-09-01 03:03:17.962529,3.0278972152539,3.0942211151123047,2.9198646545410156
8882,2020-09-01 03:03:18.781391,3.0278972152539,3.0942211151123047,2.9198646545410156
8883,2020-09-01 03:03:19.550706,2.9854461276735,3.072122812271118,2.97548770904541
8884,2020-09-01 03:03:20.380153,2.9854461276735,3.072122812271118,2.97548770904541
8885,2020-09-01 03:03:21.262635,2.9854461276735,3.072122812271118,2.97548770904541
8886,2020-09-01 03:03:22.154827,2.9854461276735,3.072122812271118,3.031008720397949
8887,2020-09-01 03:03:22.995358,2.94302702338319,3.0500247478485107,3.031008720397949
8888,2020-09-01 03:03:23.829709,2.94302702338319,3.0500247478485107,3.031008720397949
8889,2020-09-01 03:03:24.763947,2.94302702338319,3.0500247478485107,3.031008720397949
8890,2020-09-01 03:03:25.633267,2.90063989350445,3.027926445007324,3.086428165435791
8891,2020-09-01 03:03:26.574629,2.90063989350445,3.027926445007324,3.086428165435791
8892,2020-09-01 03:03:27.461214,2.90063989350445,3.027926445007324,3.086428165435791
8893,2020-09-01 03:03:28.254213,2.85828472913167,3.027926445007324,3.1417453289031982
8894,2020-09-01 03:03:29.165840,2.85828472913167,3.0058281421661377,3.1417453289031982
8895,2020-09-01 03:03:30.097895,2.85828472913167,3.0058281421661377,3.1417453289031982
8896,2020-09-01 03:03:31.033530,2.81596152133226,3.0058281421661377,3.196960926055908
8897,2020-09-01 03:03:32.006074,2.81596152133226,2.983729839324951,3.196960926055908
8898,2020-09-01 03:03:32.959261,2.81596152133226,2.983729839324951,3.196960926055908
8899,2020-09-01 03:03:33.873651,2.77945006670521,2.983729839324951,3.244542360305786
8900,2020-09-01 03:03:34.682604,2.77945006670521,2.964651584625244,3.244542360305786
8901,2020-09-01 03:03:35.627452,2.77945006670521,2.964651584625244,3.244542360305786
8902,2020-09-01 03:03:36.427513,2.77945006670521,2.964651584625244,3.2520625591278076
8903,2020-09-01 03:03:37.273803,2.77367402926845,2.9616315364837646,3.2520625591278076
8904,2020-09-01 03:03:38.068980,2.77367402926845,2.9616315364837646,3.2520625591278076
8905,2020-09-01 03:03:38.913421,2.77367402926845,2.9616315364837646,3.2520625591278076
8906,2020-09-01 03:03:39.920184,2.70310831470242,3.004092216491699,3.293720006942749
8907,2020-09-01 03:03:40.715516,2.70310831470242,3.004092216491699,3.293720006942749
8908,2020-09-01 03:03:41.589239,2.63261376587879,3.004092216491699,3.3352622985839844
8909,2020-09-01 03:03:42.508824,2.63261376587879,3.0464730262756348,3.3352622985839844
8910,2020-09-01 03:03:43.290535,2.63261376587879,3.0464730262756348,3.3352622985839844
8911,2020-09-01 03:03:44.209481,2.63261376587879,3.0464730262756348,3.3766894340515137
8912,2020-09-01 03:03:45.094816,2.56219036993244,3.088773488998413,3.3766894340515137
8913,2020-09-01 03:03:46.014503,2.56219036993244,3.088773488998413,3.3766894340515137
8914,2020-09-01 03:03:46.829654,2.56219036993244,3.088773488998413,3.418001174926758
8915,2020-09-01 03:03:47.762845,2.4918381139592,3.1309938430786133,3.418001174926758
8916,2020-09-01 03:03:48.620864,2.4918381139592,3.1309938430786133,3.418001174926758
8917,2020-09-01 03:03:49.566193,2.4918381139592,3.1309938430786133,3.418001174926758
8918,2020-09-01 03:03:50.462776,2.4215569850158,3.1731340885162354,3.459197998046875
8919,2020-09-01 03:03:51.364184,2.4215569850158,3.1731340885162354,3.459197998046875
8920,2020-09-01 03:03:52.295018,2.4215569850158,3.1731340885162354,3.500279664993286
8921,2020-09-01 03:03:53.206747,2.35134697011979,3.2151939868927,3.500279664993286
8922,2020-09-01 03:03:54.099894,2.35134697011979,3.2151939868927,3.500279664993286
8923,2020-09-01 03:03:55.004517,2.35134697011979,3.2151939868927,3.500279664993286
8924,2020-09-01 03:03:55.894436,2.28120805624955,3.257173776626587,3.5412464141845703
8925,2020-09-01 03:03:56.694914,2.28120805624955,3.257173776626587,3.5412464141845703
8926,2020-09-01 03:03:57.499612,2.28120805624955,3.257173776626587,3.5412464141845703
8927,2020-09-01 03:03:58.314648,2.21114023034418,3.257173776626587,3.5820980072021484
8928,2020-09-01 03:03:59.210016,2.21114023034418,3.2990732192993164,3.5820980072021484
8929,2020-09-01 03:04:00.118262,2.21114023034418,3.2990732192993164,3.5820980072021484
8930,2020-09-01 03:04:01.045401,2.21114023034418,3.2990732192993164,3.5820980072021484
8931,2020-09-01 03:04:02.009754,2.14114347930345,3.3408925533294678,3.6228349208831787
8932,2020-09-01 03:04:02.792763,2.14114347930345,3.3408925533294678,3.6228349208831787
8933,2020-09-01 03:04:03.674302,2.14114347930345,3.3408925533294678,3.663456678390503
8934,2020-09-01 03:04:04.506336,2.07121778998776,3.382631778717041,3.663456678390503
8935,2020-09-01 03:04:05.342200,2.07121778998776,3.382631778717041,3.663456678390503
8936,2020-09-01 03:04:06.199022,2.07121778998776,3.382631778717041,3.663456678390503
8937,2020-09-01 03:04:07.102540,2.00136314921807,3.424290657043457,3.7039639949798584
8938,2020-09-01 03:04:08.030175,2.00136314921807,3.424290657043457,3.7039639949798584
8939,2020-09-01 03:04:08.867798,2.00136314921807,3.424290657043457,3.744356155395508
8940,2020-09-01 03:04:09.833904,1.93157954377588,3.465869426727295,3.744356155395508
8941,2020-09-01 03:04:10.709761,1.93157954377588,3.465869426727295,3.744356155395508
8942,2020-09-01 03:04:11.613025,1.93157954377588,3.465869426727295,3.744356155395508
8943,2020-09-01 03:04:12.515636,1.86255145216117,3.465869426727295,3.79681396484375
8944,2020-09-01 03:04:13.370641,1.86255145216117,3.508929491043091,3.79681396484375
8945,2020-09-01 03:04:14.211171,1.86255145216117,3.508929491043091,3.79681396484375
8946,2020-09-01 03:04:15.086152,1.86255145216117,3.508929491043091,3.8491451740264893
8947,2020-09-01 03:04:16.049576,1.79359826125076,3.5519089698791504,3.8491451740264893
8948,2020-09-01 03:04:16.904152,1.79359826125076,3.5519089698791504,3.8491451740264893
8949,2020-09-01 03:04:17.843772,1.79359826125076,3.5519089698791504,3.9013493061065674
8950,2020-09-01 03:04:18.797888,1.72471996108496,3.594808340072632,3.9013493061065674
8951,2020-09-01 03:04:19.711475,1.72471996108496,3.594808340072632,3.9013493061065674
8952,2020-09-01 03:04:20.629800,1.72471996108496,3.594808340072632,3.9013493061065674
8953,2020-09-01 03:04:21.438096,1.72471996108496,3.594808340072632,3.9013493061065674
8954,2020-09-01 03:04:22.341842,1.72471996108496,3.594808340072632,3.9013493061065674
8955,2020-09-01 03:04:23.275953,1.72471996108496,3.594808340072632,3.9013493061065674
8956,2020-09-01 03:04:24.125763,1.72471996108496,3.594808340072632,3.9013493061065674
8957,2020-09-01 03:04:24.983432,1.72471996108496,3.594808340072632,3.9181878566741943
8958,2020-09-01 03:04:25.860654,1.70247352213786,3.6086530685424805,3.9181878566741943
8959,2020-09-01 03:04:26.791214,1.70247352213786,3.6086530685424805,3.9181878566741943
8960,2020-09-01 03:04:27.820379,1.65593291476253,3.6086530685424805,3.953399181365967
8961,2020-09-01 03:04:28.690656,1.65593291476253,3.6376094818115234,3.953399181365967
8962,2020-09-01 03:04:29.604172,1.65593291476253,3.6376094818115234,3.953399181365967
8963,2020-09-01 03:04:30.426985,1.65593291476253,3.6376094818115234,3.953399181365967
8964,2020-09-01 03:04:31.290879,1.65593291476253,3.6376094818115234,3.953399181365967
8965,2020-09-01 03:04:32.232058,1.65593291476253,3.6376094818115234,3.953399181365967
8966,2020-09-01 03:04:33.198861,1.65593291476253,3.6376094818115234,3.953399181365967
8967,2020-09-01 03:04:34.038023,1.5872043408428,3.6803479194641113,4.005350112915039
8968,2020-09-01 03:04:34.902301,1.5872043408428,3.6803479194641113,4.005350112915039
8969,2020-09-01 03:04:35.809353,1.5872043408428,3.6803479194641113,4.005350112915039
8970,2020-09-01 03:04:36.669215,1.5872043408428,3.6803479194641113,4.057174205780029
8971,2020-09-01 03:04:37.438420,1.51855062753347,3.723005771636963,4.057174205780029
8972,2020-09-01 03:04:38.358897,1.51855062753347,3.723005771636963,4.057174205780029
8973,2020-09-01 03:04:39.293809,1.51855062753347,3.723005771636963,4.057174205780029
8974,2020-09-01 03:04:40.223457,1.4499717647019,3.7655832767486572,4.108871936798096
8975,2020-09-01 03:04:41.065017,1.4499717647019,3.7655832767486572,4.108871936798096
8976,2020-09-01 03:04:41.892037,1.4499717647019,3.7655832767486572,4.108871936798096
8977,2020-09-01 03:04:42.806370,1.38146774217191,3.7655832767486572,4.16044282913208
8978,2020-09-01 03:04:43.719073,1.38146774217191,3.8080801963806152,4.16044282913208
8979,2020-09-01 03:04:44.601117,1.38146774217191,3.8080801963806152,4.16044282913208
8980,2020-09-01 03:04:45.511975,1.38146774217191,3.8080801963806152,4.211887359619141
8981,2020-09-01 03:04:46.485432,1.31303854972367,3.850496768951416,4.211887359619141
8982,2020-09-01 03:04:47.416587,1.31303854972367,3.850496768951416,4.211887359619141
8983,2020-09-01 03:04:48.350198,1.31303854972367,3.850496768951416,4.211887359619141
8984,2020-09-01 03:04:49.145115,1.24468417709365,3.8928329944610596,4.263205528259277
8985,2020-09-01 03:04:50.051411,1.24468417709365,3.8928329944610596,4.263205528259277
8986,2020-09-01 03:04:50.974422,1.24468417709365,3.8928329944610596,4.263205528259277
8987,2020-09-01 03:04:51.894072,1.17640461397441,3.935088634490967,4.314396858215332
8988,2020-09-01 03:04:52.791704,1.17640461397441,3.935088634490967,4.314396858215332
8989,2020-09-01 03:04:53.700554,1.17640461397441,3.935088634490967,4.314396858215332
8990,2020-09-01 03:04:54.626629,1.17640461397441,3.935088634490967,4.365462303161621
8991,2020-09-01 03:04:55.534921,1.10819985001459,3.9772636890411377,4.365462303161621
8992,2020-09-01 03:04:56.447395,1.10819985001459,3.9772636890411377,4.365462303161621
8993,2020-09-01 03:04:57.349914,1.10819985001459,3.9772636890411377,4.365462303161621
8994,2020-09-01 03:04:58.169613,1.04138191019814,4.023204803466797,4.430771827697754
8995,2020-09-01 03:04:59.041901,1.04138191019814,4.023204803466797,4.430771827697754
8996,2020-09-01 03:04:59.942584,1.04138191019814,4.023204803466797,4.430771827697754
8997,2020-09-01 03:05:00.779325,0.97464378739258,4.023204803466797,4.495941162109375
8998,2020-09-01 03:05:01.750037,0.97464378739258,4.069064617156982,4.495941162109375
8999,2020-09-01 03:05:02.726855,0.97464378739258,4.069064617156982,4.495941162109375
9000,2020-09-01 03:05:03.676702,0.907985476651291,4.114841938018799,4.560969829559326
9001,2020-09-01 03:05:04.573896,0.907985476651291,4.114841938018799,4.560969829559326
9002,2020-09-01 03:05:05.477068,0.907985476651291,4.114841938018799,4.560969829559326
9003,2020-09-01 03:05:06.375474,0.907985476651291,4.114841938018799,4.625857830047607
9004,2020-09-01 03:05:07.291323,0.841406972985823,4.1605377197265625,4.625857830047607
9005,2020-09-01 03:05:08.169743,0.841406972985823,4.1605377197265625,4.625857830047607
9006,2020-09-01 03:05:09.094572,0.841406972985823,4.1605377197265625,4.690605640411377
9007,2020-09-01 03:05:10.013396,0.774908271365717,4.206151485443115,4.690605640411377
9008,2020-09-01 03:05:10.861838,0.774908271365717,4.206151485443115,4.690605640411377
9009,2020-09-01 03:05:11.758702,0.774908271365717,4.206151485443115,4.690605640411377
9010,2020-09-01 03:05:12.714811,0.746938673182228,4.254307746887207,4.62902307510376
9011,2020-09-01 03:05:13.609923,0.746938673182228,4.254307746887207,4.62902307510376
9012,2020-09-01 03:05:14.459600,0.746938673182228,4.254307746887207,4.62902307510376
9013,2020-09-01 03:05:15.411510,0.718993908862018,4.3024067878723145,4.567440509796143
9014,2020-09-01 03:05:16.374934,0.718993908862018,4.3024067878723145,4.567440509796143
9015,2020-09-01 03:05:17.479369,0.718993908862018,4.3024067878723145,4.567440509796143
9016,2020-09-01 03:05:18.476133,0.691073976378647,4.350449085235596,4.505858421325684
9017,2020-09-01 03:05:19.483898,0.691073976378647,4.350449085235596,4.505858421325684
9018,2020-09-01 03:05:20.498426,0.691073976378647,4.350449085235596,4.505858421325684
9019,2020-09-01 03:05:21.518830,0.663178873701639,4.398434638977051,4.444275856018066
9020,2020-09-01 03:05:22.407436,0.663178873701639,4.398434638977051,4.444275856018066
9021,2020-09-01 03:05:23.316617,0.663178873701639,4.398434638977051,4.444275856018066
9022,2020-09-01 03:05:24.373846,0.635308598796485,4.4463629722595215,4.382693290710449
9023,2020-09-01 03:05:25.347756,0.635308598796485,4.4463629722595215,4.382693290710449
9024,2020-09-01 03:05:26.227336,0.635308598796485,4.4463629722595215,4.382693290710449
9025,2020-09-01 03:05:27.310849,0.607463149624579,4.494234561920166,4.321110725402832
9026,2020-09-01 03:05:28.295519,0.607463149624579,4.494234561920166,4.321110725402832
9027,2020-09-01 03:05:29.232590,0.607463149624579,4.494234561920166,4.321110725402832
9028,2020-09-01 03:05:30.256040,0.579642524143296,4.542049407958984,4.259528636932373
9029,2020-09-01 03:05:31.167258,0.579642524143296,4.542049407958984,4.259528636932373
9030,2020-09-01 03:05:32.131622,0.579642524143296,4.542049407958984,4.259528636932373
9031,2020-09-01 03:05:33.128179,0.579642524143296,4.542049407958984,4.191281318664551
9032,2020-09-01 03:05:34.009274,0.551921415595203,4.590122699737549,4.191281318664551
9033,2020-09-01 03:05:35.010206,0.551921415595203,4.590122699737549,4.191281318664551
9034,2020-09-01 03:05:36.079060,0.524225206006022,4.638138771057129,4.123034477233887
9035,2020-09-01 03:05:37.101697,0.524225206006022,4.638138771057129,4.123034477233887
9036,2020-09-01 03:05:38.141346,0.524225206006022,4.638138771057129,4.123034477233887
9037,2020-09-01 03:05:39.034616,0.496553893380366,4.686097621917725,4.054787635803223
9038,2020-09-01 03:05:39.884354,0.496553893380366,4.686097621917725,4.054787635803223
9039,2020-09-01 03:05:40.847983,0.496553893380366,4.686097621917725,4.054787635803223
9040,2020-09-01 03:05:41.757901,0.496553893380366,4.686097621917725,3.9865407943725586
9041,2020-09-01 03:05:42.797634,0.468907475718794,4.733999729156494,3.9865407943725586
9042,2020-09-01 03:05:43.762182,0.468907475718794,4.733999729156494,3.9865407943725586
9043,2020-09-01 03:05:44.619910,0.468907475718794,4.733999729156494,3.9865407943725586
9044,2020-09-01 03:05:45.602644,0.441285951017832,4.781844615936279,3.9182939529418945
9045,2020-09-01 03:05:46.390279,0.441285951017832,4.781844615936279,3.9182939529418945
9046,2020-09-01 03:05:47.310023,0.441285951017832,4.781844615936279,3.9182939529418945
9047,2020-09-01 03:05:48.173769,0.501867511946315,4.832612991333008,3.8500471115112305
9048,2020-09-01 03:05:49.113080,0.501867511946315,4.832612991333008,3.8500471115112305
9049,2020-09-01 03:05:49.956962,0.501867511946315,4.832612991333008,3.8500471115112305
9050,2020-09-01 03:05:50.969487,0.562202502822288,4.883371353149414,3.7818002700805664
9051,2020-09-01 03:05:51.842432,0.562202502822288,4.883371353149414,3.7818002700805664
9052,2020-09-01 03:05:52.645073,0.562202502822288,4.883371353149414,3.7818002700805664
9053,2020-09-01 03:05:53.533176,0.562202502822288,4.883371353149414,3.7818002700805664
9054,2020-09-01 03:05:54.379751,0.622291327172874,4.934118747711182,3.7135534286499023
9055,2020-09-01 03:05:55.224188,0.622291327172874,4.934118747711182,3.7135534286499023
9056,2020-09-01 03:05:56.198118,0.622291327172874,4.934118747711182,3.7135534286499023
9057,2020-09-01 03:05:57.102446,0.682134389479941,4.9848551750183105,3.6453065872192383
9058,2020-09-01 03:05:57.930764,0.682134389479941,4.9848551750183105,3.6453065872192383
9059,2020-09-01 03:05:58.859743,0.682134389479941,4.9848551750183105,3.6453065872192383
9060,2020-09-01 03:05:59.852405,0.682134389479941,4.9848551750183105,3.577059507369995
9061,2020-09-01 03:06:00.711724,0.741732095176005,5.035581111907959,3.577059507369995
9062,2020-09-01 03:06:01.649064,0.741732095176005,5.035581111907959,3.577059507369995
9063,2020-09-01 03:06:02.552150,0.741732095176005,5.035581111907959,3.577059507369995
9064,2020-09-01 03:06:03.383959,0.801084850639313,5.086296081542969,3.508812665939331
9065,2020-09-01 03:06:04.270530,0.801084850639313,5.086296081542969,3.508812665939331
9066,2020-09-01 03:06:05.261755,0.801084850639313,5.086296081542969,3.508812665939331
9067,2020-09-01 03:06:06.104974,0.857817838074752,5.136834621429443,3.440565824508667
9068,2020-09-01 03:06:06.965815,0.857817838074752,5.136834621429443,3.440565824508667
9069,2020-09-01 03:06:07.916289,0.857817838074752,5.136834621429443,3.440565824508667
9070,2020-09-01 03:06:08.740998,0.857817838074752,5.136834621429443,3.3751609325408936
9071,2020-09-01 03:06:09.628397,0.913657618259549,5.18602991104126,3.3751609325408936
9072,2020-09-01 03:06:10.492658,0.913657618259549,5.18602991104126,3.3751609325408936
9073,2020-09-01 03:06:11.315230,0.913657618259549,5.18602991104126,3.3751609325408936
9074,2020-09-01 03:06:12.151894,0.969234487817104,5.18602991104126,3.30975604057312
9075,2020-09-01 03:06:13.017972,0.969234487817104,5.2352118492126465,3.30975604057312
9076,2020-09-01 03:06:13.918248,0.969234487817104,5.2352118492126465,3.30975604057312
9077,2020-09-01 03:06:14.754354,0.969234487817104,5.2352118492126465,3.244351387023926
9078,2020-09-01 03:06:15.590331,1.0245488042728,5.284380912780762,3.244351387023926
9079,2020-09-01 03:06:16.477461,1.0245488042728,5.284380912780762,3.244351387023926
9080,2020-09-01 03:06:17.349448,1.0245488042728,5.284380912780762,3.244351387023926
9081,2020-09-01 03:06:18.148382,1.07960092580699,5.3335371017456055,3.1789464950561523
9082,2020-09-01 03:06:18.982446,1.07960092580699,5.3335371017456055,3.1789464950561523
9083,2020-09-01 03:06:19.856771,1.07960092580699,5.3335371017456055,3.1789464950561523
9084,2020-09-01 03:06:20.834800,1.07960092580699,5.3335371017456055,3.1789464950561523
9085,2020-09-01 03:06:21.796145,1.13439121121704,5.382680416107178,3.113541603088379
9086,2020-09-01 03:06:22.594474,1.13439121121704,5.382680416107178,3.113541603088379
9087,2020-09-01 03:06:23.487766,1.13439121121704,5.382680416107178,3.113541603088379
9088,2020-09-01 03:06:24.314891,1.18892001987302,5.431809902191162,3.0481367111206055
9089,2020-09-01 03:06:25.117669,1.18892001987302,5.431809902191162,3.0481367111206055
9090,2020-09-01 03:06:26.056385,1.18892001987302,5.431809902191162,3.0481367111206055
9091,2020-09-01 03:06:26.914520,1.26142282047344,5.414388179779053,2.982731819152832
9092,2020-09-01 03:06:27.889305,1.26142282047344,5.414388179779053,2.982731819152832
9093,2020-09-01 03:06:28.821998,1.26142282047344,5.414388179779053,2.982731819152832
9094,2020-09-01 03:06:29.717840,1.33361014637451,5.396966934204102,2.9173271656036377
9095,2020-09-01 03:06:30.570054,1.33361014637451,5.396966934204102,2.9173271656036377
9096,2020-09-01 03:06:31.411298,1.33361014637451,5.396966934204102,2.9173271656036377
9097,2020-09-01 03:06:32.301306,1.33361014637451,5.396966934204102,2.8519222736358643
9098,2020-09-01 03:06:33.175540,1.4054824747558,5.379545211791992,2.8519222736358643
9099,2020-09-01 03:06:34.118125,1.4054824747558,5.379545211791992,2.8519222736358643
9100,2020-09-01 03:06:34.993422,1.4054824747558,5.379545211791992,2.8519222736358643
9101,2020-09-01 03:06:35.861485,1.44936525911672,5.362123489379883,2.9222450256347656
9102,2020-09-01 03:06:36.769901,1.44936525911672,5.362123489379883,2.9222450256347656
9103,2020-09-01 03:06:37.659334,1.44936525911672,5.362123489379883,2.9222450256347656
9104,2020-09-01 03:06:38.554907,1.44936525911672,5.362123489379883,2.9925224781036377
9105,2020-09-01 03:06:39.411571,1.49302118831224,5.344701766967773,2.9925224781036377
9106,2020-09-01 03:06:40.350430,1.49302118831224,5.344701766967773,2.9925224781036377
9107,2020-09-01 03:06:41.339058,1.49302118831224,5.344701766967773,3.0627546310424805
9108,2020-09-01 03:06:42.258244,1.53645067977551,5.327280521392822,3.0627546310424805
9109,2020-09-01 03:06:43.187038,1.53645067977551,5.327280521392822,3.0627546310424805
9110,2020-09-01 03:06:44.079149,1.5789704762802,5.307269096374512,3.12198543548584
9111,2020-09-01 03:06:44.973216,1.5789704762802,5.307269096374512,3.12198543548584
9112,2020-09-01 03:06:45.835505,1.5789704762802,5.307269096374512,3.12198543548584
9113,2020-09-01 03:06:46.700825,1.6212618905967,5.287257671356201,3.1811816692352295
9114,2020-09-01 03:06:47.539164,1.6212618905967,5.287257671356201,3.1811816692352295
9115,2020-09-01 03:06:48.388205,1.6212618905967,5.287257671356201,3.1811816692352295
9116,2020-09-01 03:06:49.309825,1.66332534728978,5.267246246337891,3.240342855453491
9117,2020-09-01 03:06:50.198212,1.66332534728978,5.267246246337891,3.240342855453491
9118,2020-09-01 03:06:51.213974,1.66332534728978,5.267246246337891,3.240342855453491
9119,2020-09-01 03:06:52.113193,1.7051612719619,5.267246246337891,3.299469232559204
9120,2020-09-01 03:06:53.002244,1.7051612719619,5.247235298156738,3.299469232559204
9121,2020-09-01 03:06:53.998795,1.7051612719619,5.247235298156738,3.299469232559204
9122,2020-09-01 03:06:54.875554,1.7051612719619,5.247235298156738,3.35856032371521
9123,2020-09-01 03:06:55.792617,1.74677009123106,5.227223873138428,3.35856032371521
9124,2020-09-01 03:06:56.720473,1.74677009123106,5.227223873138428,3.35856032371521
9125,2020-09-01 03:06:57.634315,1.74677009123106,5.227223873138428,3.35856032371521
9126,2020-09-01 03:06:58.504481,1.78815223270556,5.207212448120117,3.417616367340088
9127,2020-09-01 03:06:59.328514,1.78815223270556,5.207212448120117,3.417616367340088
9128,2020-09-01 03:07:00.148226,1.78815223270556,5.207212448120117,3.417616367340088
9129,2020-09-01 03:07:00.977599,1.81929352450761,5.192070484161377,3.462275266647339
9130,2020-09-01 03:07:01.847249,1.81929352450761,5.192070484161377,3.462275266647339
9131,2020-09-01 03:07:02.739788,1.81929352450761,5.192070484161377,3.462275266647339
9132,2020-09-01 03:07:03.582077,1.81929352450761,5.192070484161377,3.476633310317993
9133,2020-09-01 03:07:04.490436,1.82930732660829,5.187201023101807,3.476633310317993
9134,2020-09-01 03:07:05.369235,1.82930732660829,5.187201023101807,3.476633310317993
9135,2020-09-01 03:07:06.227465,1.82930732660829,5.187201023101807,3.535630941390991
9136,2020-09-01 03:07:07.171544,1.87040560920279,5.167189598083496,3.535630941390991
9137,2020-09-01 03:07:08.098043,1.87040560920279,5.167189598083496,3.535630941390991
9138,2020-09-01 03:07:09.042713,1.87040560920279,5.167189598083496,3.5945935249328613
9139,2020-09-01 03:07:09.862339,1.91128039499259,5.147178649902344,3.5945935249328613
9140,2020-09-01 03:07:10.669715,1.91128039499259,5.147178649902344,3.5945935249328613
9141,2020-09-01 03:07:11.570157,1.95193212193666,5.147178649902344,3.653520345687866
9142,2020-09-01 03:07:12.487322,1.95193212193666,5.127167224884033,3.653520345687866
9143,2020-09-01 03:07:13.414705,1.95193212193666,5.127167224884033,3.653520345687866
9144,2020-09-01 03:07:14.265884,1.99236122888108,5.127167224884033,3.712411880493164
9145,2020-09-01 03:07:15.142298,1.99236122888108,5.107155799865723,3.712411880493164
9146,2020-09-01 03:07:16.052380,1.99236122888108,5.107155799865723,3.712411880493164
9147,2020-09-01 03:07:16.960238,1.99236122888108,5.107155799865723,3.771267890930176
9148,2020-09-01 03:07:17.895589,2.03256815550691,5.087144374847412,3.771267890930176
9149,2020-09-01 03:07:18.843664,2.03256815550691,5.087144374847412,3.771267890930176
9150,2020-09-01 03:07:19.780198,2.03256815550691,5.087144374847412,3.771267890930176
9151,2020-09-01 03:07:20.780770,2.06901519881023,5.061513423919678,3.811352252960205
9152,2020-09-01 03:07:21.652361,2.06901519881023,5.061513423919678,3.811352252960205
9153,2020-09-01 03:07:22.515241,2.06901519881023,5.061513423919678,3.811352252960205
9154,2020-09-01 03:07:23.326011,2.06901519881023,5.061513423919678,3.851417303085327
9155,2020-09-01 03:07:24.278099,2.10523163387202,5.035882472991943,3.851417303085327
9156,2020-09-01 03:07:25.171202,2.10523163387202,5.035882472991943,3.851417303085327
9157,2020-09-01 03:07:26.045641,2.10523163387202,5.035882472991943,3.891462802886963
9158,2020-09-01 03:07:26.965642,2.14121791789346,5.010251045227051,3.891462802886963
9159,2020-09-01 03:07:27.841937,2.14121791789346,5.010251045227051,3.891462802886963
9160,2020-09-01 03:07:28.714630,2.14121791789346,5.010251045227051,3.891462802886963
9161,2020-09-01 03:07:29.589246,2.17697450961082,5.010251045227051,3.9314889907836914
9162,2020-09-01 03:07:30.467434,2.17697450961082,4.984620094299316,3.9314889907836914
9163,2020-09-01 03:07:31.361896,2.17697450961082,4.984620094299316,3.9314889907836914
9164,2020-09-01 03:07:32.188166,2.17697450961082,4.984620094299316,3.9314889907836914
9165,2020-09-01 03:07:33.017977,2.21250186930047,4.958989143371582,3.9714951515197754
9166,2020-09-01 03:07:33.841352,2.21250186930047,4.958989143371582,3.9714951515197754
9167,2020-09-01 03:07:34.728600,2.21250186930047,4.958989143371582,3.9714951515197754
9168,2020-09-01 03:07:35.680820,2.21250186930047,4.958989143371582,3.9714951515197754
9169,2020-09-01 03:07:36.567101,2.25122221564472,4.9333577156066895,4.011715412139893
9170,2020-09-01 03:07:37.397848,2.25122221564472,4.9333577156066895,4.011715412139893
9171,2020-09-01 03:07:38.256410,2.25122221564472,4.9333577156066895,4.011715412139893
9172,2020-09-01 03:07:39.217692,2.28973220310931,4.907726764678955,4.051919460296631
9173,2020-09-01 03:07:40.040620,2.28973220310931,4.907726764678955,4.051919460296631
9174,2020-09-01 03:07:40.939084,2.28973220310931,4.907726764678955,4.051919460296631
9175,2020-09-01 03:07:41.752080,2.28973220310931,4.907726764678955,4.092106819152832
9176,2020-09-01 03:07:42.648800,2.32803233444268,4.882095813751221,4.092106819152832
9177,2020-09-01 03:07:43.545281,2.32803233444268,4.882095813751221,4.092106819152832
9178,2020-09-01 03:07:44.421625,2.32803233444268,4.882095813751221,4.092106819152832
9179,2020-09-01 03:07:45.291714,2.36612311388402,4.856464862823486,4.132277011871338
9180,2020-09-01 03:07:46.162452,2.36612311388402,4.856464862823486,4.132277011871338
9181,2020-09-01 03:07:47.085813,2.36612311388402,4.856464862823486,4.132277011871338
9182,2020-09-01 03:07:48.026177,2.40400504716798,4.830833435058594,4.172430992126465
9183,2020-09-01 03:07:48.935529,2.40400504716798,4.830833435058594,4.172430992126465
9184,2020-09-01 03:07:49.838674,2.40400504716798,4.830833435058594,4.172430992126465
9185,2020-09-01 03:07:50.709590,2.44167864152934,4.805202484130859,4.2125678062438965
9186,2020-09-01 03:07:51.540357,2.44167864152934,4.805202484130859,4.2125678062438965
9187,2020-09-01 03:07:52.513103,2.44167864152934,4.805202484130859,4.2125678062438965
9188,2020-09-01 03:07:53.466343,2.44167864152934,4.805202484130859,4.252687931060791
9189,2020-09-01 03:07:54.474973,2.47914440570742,4.779571533203125,4.252687931060791
9190,2020-09-01 03:07:55.337819,2.47914440570742,4.779571533203125,4.252687931060791
9191,2020-09-01 03:07:56.225462,2.47914440570742,4.779571533203125,4.268954753875732
9192,2020-09-01 03:07:57.129786,2.51385986811762,4.749148845672607,4.268954753875732
9193,2020-09-01 03:07:57.901801,2.51385986811762,4.749148845672607,4.268954753875732
9194,2020-09-01 03:07:58.732798,2.51385986811762,4.749148845672607,4.268954753875732
9195,2020-09-01 03:07:59.647568,2.54835796538956,4.718725681304932,4.285226821899414
9196,2020-09-01 03:08:00.620965,2.54835796538956,4.718725681304932,4.285226821899414
9197,2020-09-01 03:08:01.470056,2.54835796538956,4.718725681304932,4.285226821899414
9198,2020-09-01 03:08:02.331842,2.54835796538956,4.718725681304932,4.301504135131836
9199,2020-09-01 03:08:03.296062,2.58263922098402,4.688302993774414,4.301504135131836
9200,2020-09-01 03:08:04.173723,2.58263922098402,4.688302993774414,4.301504135131836
9201,2020-09-01 03:08:05.081152,2.58263922098402,4.688302993774414,4.317786693572998
9202,2020-09-01 03:08:05.869173,2.61670416001779,4.6578803062438965,4.317786693572998
9203,2020-09-01 03:08:06.720181,2.61670416001779,4.6578803062438965,4.317786693572998
9204,2020-09-01 03:08:07.566551,2.61670416001779,4.6578803062438965,4.317786693572998
9205,2020-09-01 03:08:08.453706,2.65055330927046,4.627457618713379,4.3340744972229
9206,2020-09-01 03:08:09.332090,2.65055330927046,4.627457618713379,4.3340744972229
9207,2020-09-01 03:08:10.214229,2.65055330927046,4.627457618713379,4.3340744972229
9208,2020-09-01 03:08:11.138772,2.68418719719122,4.597034931182861,4.350367546081543
9209,2020-09-01 03:08:11.982617,2.68418719719122,4.597034931182861,4.350367546081543
9210,2020-09-01 03:08:12.818318,2.68418719719122,4.597034931182861,4.350367546081543
9211,2020-09-01 03:08:13.714542,2.71760635390554,4.566612243652344,4.366664886474609
9212,2020-09-01 03:08:14.562182,2.71760635390554,4.566612243652344,4.366664886474609
9213,2020-09-01 03:08:15.399154,2.71760635390554,4.566612243652344,4.366664886474609
9214,2020-09-01 03:08:16.212056,2.71760635390554,4.566612243652344,4.382967472076416
9215,2020-09-01 03:08:17.093358,2.75081131122185,4.536189556121826,4.382967472076416
9216,2020-09-01 03:08:17.958410,2.75081131122185,4.536189556121826,4.382967472076416
9217,2020-09-01 03:08:18.770888,2.75081131122185,4.536189556121826,4.382967472076416
9218,2020-09-01 03:08:19.684240,2.78380260263816,4.505766868591309,4.3992743492126465
9219,2020-09-01 03:08:20.618655,2.78380260263816,4.505766868591309,4.3992743492126465
9220,2020-09-01 03:08:21.497388,2.78380260263816,4.505766868591309,4.415585994720459
9221,2020-09-01 03:08:22.407551,2.81658076334855,4.475344181060791,4.415585994720459
9222,2020-09-01 03:08:23.356452,2.81658076334855,4.475344181060791,4.415585994720459
9223,2020-09-01 03:08:24.172838,2.81658076334855,4.475344181060791,4.431901454925537
9224,2020-09-01 03:08:25.063531,2.84914633024968,4.444921493530273,4.431901454925537
9225,2020-09-01 03:08:25.941593,2.84914633024968,4.444921493530273,4.431901454925537
9226,2020-09-01 03:08:26.835085,2.84914633024968,4.444921493530273,4.431901454925537
9227,2020-09-01 03:08:27.743728,2.88149984194717,4.414498805999756,4.448221683502197
9228,2020-09-01 03:08:28.598455,2.88149984194717,4.414498805999756,4.448221683502197
9229,2020-09-01 03:08:29.411371,2.88149984194717,4.414498805999756,4.448221683502197
9230,2020-09-01 03:08:30.198091,2.88149984194717,4.414498805999756,4.439720630645752
9231,2020-09-01 03:08:31.118821,2.90785944875219,4.376458644866943,4.439720630645752
9232,2020-09-01 03:08:31.965126,2.90785944875219,4.376458644866943,4.439720630645752
9233,2020-09-01 03:08:32.902475,2.90785944875219,4.376458644866943,4.439720630645752
9234,2020-09-01 03:08:33.819524,2.92868218987817,4.338418483734131,4.430990695953369
9235,2020-09-01 03:08:34.721969,2.92868218987817,4.338418483734131,4.430990695953369
9236,2020-09-01 03:08:35.622593,2.92868218987817,4.338418483734131,4.4222822189331055
9237,2020-09-01 03:08:36.533674,2.94924990913144,4.300378322601318,4.4222822189331055
9238,2020-09-01 03:08:37.374050,2.94924990913144,4.300378322601318,4.4222822189331055
9239,2020-09-01 03:08:38.256789,2.94924990913144,4.300378322601318,4.4222822189331055
9240,2020-09-01 03:08:39.225900,2.96956306114868,4.300378322601318,4.413595199584961
9241,2020-09-01 03:08:40.125533,2.96956306114868,4.262338161468506,4.413595199584961
9242,2020-09-01 03:08:41.034972,2.96956306114868,4.262338161468506,4.413595199584961
9243,2020-09-01 03:08:41.989861,2.98962211506911,4.262338161468506,4.404928684234619
9244,2020-09-01 03:08:42.866261,2.98962211506911,4.224298000335693,4.404928684234619
9245,2020-09-01 03:08:43.691027,2.98962211506911,4.224298000335693,4.404928684234619
9246,2020-09-01 03:08:44.595323,2.98962211506911,4.224298000335693,4.396283149719238
9247,2020-09-01 03:08:45.374491,3.00942753219191,4.186257839202881,4.396283149719238
9248,2020-09-01 03:08:46.316629,3.00942753219191,4.186257839202881,4.396283149719238
9249,2020-09-01 03:08:47.143589,3.00942753219191,4.186257839202881,4.396283149719238
9250,2020-09-01 03:08:48.024122,3.02897979841252,4.148217678070068,4.38765811920166
9251,2020-09-01 03:08:48.889898,3.02897979841252,4.148217678070068,4.38765811920166
9252,2020-09-01 03:08:49.830375,3.02897979841252,4.148217678070068,4.38765811920166
9253,2020-09-01 03:08:50.812355,3.04827954907805,4.110177516937256,4.379053115844727
9254,2020-09-01 03:08:51.710518,3.04827954907805,4.110177516937256,4.379053115844727
9255,2020-09-01 03:08:52.586118,3.04827954907805,4.110177516937256,4.379053115844727
9256,2020-09-01 03:08:53.562599,3.06732742047731,4.072137355804443,4.370468616485596
9257,2020-09-01 03:08:54.429601,3.06732742047731,4.072137355804443,4.370468616485596
9258,2020-09-01 03:08:55.365589,3.06732742047731,4.072137355804443,4.370468616485596
9259,2020-09-01 03:08:56.286482,3.08612404161441,4.034097194671631,4.361904621124268
9260,2020-09-01 03:08:57.203689,3.08612404161441,4.034097194671631,4.361904621124268
9261,2020-09-01 03:08:58.087020,3.08612404161441,4.034097194671631,4.361904621124268
9262,2020-09-01 03:08:59.011449,3.10467003672355,3.9960570335388184,4.353360176086426
9263,2020-09-01 03:08:59.905980,3.10467003672355,3.9960570335388184,4.353360176086426
9264,2020-09-01 03:09:00.739475,3.10467003672355,3.9960570335388184,4.353360176086426
9265,2020-09-01 03:09:01.662120,3.10467003672355,3.9960570335388184,4.34483528137207
9266,2020-09-01 03:09:02.513367,3.12296602641307,3.958016872406006,4.34483528137207
9267,2020-09-01 03:09:03.364920,3.12296602641307,3.958016872406006,4.34483528137207
9268,2020-09-01 03:09:04.322325,3.12296602641307,3.958016872406006,4.34483528137207
9269,2020-09-01 03:09:05.230064,3.12296602641307,3.958016872406006,4.342352390289307
9270,2020-09-01 03:09:06.168626,3.14140058466315,3.9228920936584473,4.342352390289307
9271,2020-09-01 03:09:07.054961,3.14140058466315,3.9228920936584473,4.342352390289307
9272,2020-09-01 03:09:07.990189,3.14140058466315,3.9228920936584473,4.339882850646973
9273,2020-09-01 03:09:08.847631,3.15958893203117,3.8877673149108887,4.339882850646973
9274,2020-09-01 03:09:09.750318,3.15958893203117,3.8877673149108887,4.339882850646973
9275,2020-09-01 03:09:10.722209,3.15958893203117,3.8877673149108887,4.339882850646973
9276,2020-09-01 03:09:11.565697,3.17753169461625,3.852642297744751,4.337425708770752
9277,2020-09-01 03:09:12.460216,3.17753169461625,3.852642297744751,4.337425708770752
9278,2020-09-01 03:09:13.351465,3.17753169461625,3.852642297744751,4.337425708770752
9279,2020-09-01 03:09:14.263657,3.17753169461625,3.852642297744751,4.337425708770752
9280,2020-09-01 03:09:15.154503,3.19522949719396,3.8175175189971924,4.334981918334961
9281,2020-09-01 03:09:16.037466,3.19522949719396,3.8175175189971924,4.334981918334961
9282,2020-09-01 03:09:16.830699,3.19522949719396,3.8175175189971924,4.334981918334961
9283,2020-09-01 03:09:17.718096,3.21268296338157,3.782392740249634,4.332551002502441
9284,2020-09-01 03:09:18.641822,3.21268296338157,3.782392740249634,4.332551002502441
9285,2020-09-01 03:09:19.491317,3.21268296338157,3.782392740249634,4.332551002502441
9286,2020-09-01 03:09:20.423867,3.21268296338157,3.782392740249634,4.330132484436035
9287,2020-09-01 03:09:21.261937,3.22989271577163,3.747267723083496,4.330132484436035
9288,2020-09-01 03:09:22.193344,3.22989271577163,3.747267723083496,4.330132484436035
9289,2020-09-01 03:09:23.061977,3.22989271577163,3.747267723083496,4.330132484436035
9290,2020-09-01 03:09:24.007001,3.24685937604119,3.7121429443359375,4.327725887298584
9291,2020-09-01 03:09:24.872229,3.24685937604119,3.7121429443359375,4.327725887298584
9292,2020-09-01 03:09:25.814809,3.24685937604119,3.7121429443359375,4.327725887298584
9293,2020-09-01 03:09:26.676700,3.24685937604119,3.7121429443359375,4.327725887298584
